Taxa,Phylum,Class,Family,commensal_opportunist
51-20,Proteobacteria,Alphaproteobacteria,CAG-239,
Abiotrophia,Firmicutes_D,Bacilli,Aerococcaceae,opportunist
Acinetobacter,Proteobacteria,Gammaproteobacteria,Moraxellaceae,opportunist
Actinomyces,Actinobacteriota,Actinomycetia,Actinomycetaceae,opportunist
Alistipes_A_871400,Bacteroidota,Bacteroidia,Rikenellaceae,commensal
Alistipes_A_871404,Bacteroidota,Bacteroidia,Rikenellaceae,commensal
Alloprevotella,Bacteroidota,Bacteroidia,Bacteroidaceae,commensal
Anaerobiospirillum_A,Proteobacteria,Gammaproteobacteria,Succinivibrionaceae,
Anaeroglobus,Firmicutes_C,Negativicutes,Megasphaeraceae,
Anaerostipes,Firmicutes_A,Clostridia_258483,Lachnospiraceae,commensal
Anaerovibrio,Firmicutes_C,Negativicutes,Selenomonadaceae_42771,
Aquirickettsiella,Proteobacteria,Gammaproteobacteria,Diplorickettsiaceae,
Bacillus_AD,Firmicutes_D,Bacilli,DSM-1321_301386,
Bacteroides_H,Bacteroidota,Bacteroidia,Bacteroidaceae,commensal
Barnesiella,Bacteroidota,Bacteroidia,Barnesiellaceae,commensal
Bifidobacterium_388775,Actinobacteriota,Actinomycetia,Bifidobacteriaceae,
Bilifractor,Firmicutes_A,Clostridia_258483,Lachnospiraceae,
Bilophila,Desulfobacterota_I,Desulfovibrionia,Desulfovibrionaceae,opportunist
Blautia_A_141780,Firmicutes_A,Clostridia_258483,Lachnospiraceae,commensal
Blautia_A_141781,Firmicutes_A,Clostridia_258483,Lachnospiraceae,commensal
Butyricicoccus_A_77030,Firmicutes_A,Clostridia_258483,Butyricicoccaceae,commensal
Butyricimonas,Bacteroidota,Bacteroidia,Marinifilaceae,commensal
Caecibacter,Firmicutes_C,Negativicutes,Megasphaeraceae,
CAG-1427,Actinobacteriota,Coriobacteriia,Eggerthellaceae,
CAG-196,Cyanobacteria,Vampirovibrionia,Gastranaerophilaceae,
CAG-267,Proteobacteria,Alphaproteobacteria,CAG-239,
CAG-269,Firmicutes_A,Clostridia_258483,CAG-508,
CAG-273,Firmicutes_A,Clostridia_258483,CAG-508,
CAG-274,Firmicutes_A,Clostridia_258483,CAG-274,
CAG-317_146760,Firmicutes_A,Clostridia_258483,Lachnospiraceae,
CAJLXD01,Proteobacteria,Alphaproteobacteria,CAG-239,
Campylobacter_D,Campylobacterota,Campylobacteria,Campylobacteraceae,opportunist
Capnocytophaga_820688,Bacteroidota,Bacteroidia,Flavobacteriaceae,opportunist
Cardiobacterium,Proteobacteria,Gammaproteobacteria,Cardiobacteriaceae,opportunist
Catenibacterium,Firmicutes_D,Bacilli,Coprobacillaceae,
Cellulosilyticum,Firmicutes_A,Clostridia_258483,Cellulosilyticaceae,
Cetobacterium_A,Fusobacteriota,Fusobacteriia,Fusobacteriaceae_993521,
Citrobacter_A_692098,Proteobacteria,Gammaproteobacteria,Enterobacteriaceae_A,opportunist
Clostridium_P,Firmicutes_A,Clostridia_258483,Clostridiaceae_222000,commensal
Clostridium_T,Firmicutes_A,Clostridia_258483,Clostridiaceae_222000,commensal
Collinsella,Actinobacteriota,Coriobacteriia,Coriobacteriaceae,opportunist
Coprobacter,Bacteroidota,Bacteroidia,Coprobacteraceae,
Coprocola,Firmicutes_A,Clostridia_258483,Anaerotignaceae,
Copromonas,Firmicutes_A,Clostridia_258483,Lachnospiraceae,
Desulfovibrio_R_446353,Desulfobacterota_I,Desulfovibrionia,Desulfovibrionaceae,opportunist
DTU089,Firmicutes_A,Clostridia_258483,Acutalibacteraceae,
Eisenbergiella,Firmicutes_A,Clostridia_258483,Lachnospiraceae,commensal
Enterocloster,Firmicutes_A,Clostridia_258483,Lachnospiraceae,
Erysipelatoclostridium,Firmicutes_D,Bacilli,Coprobacillaceae,
Eubacterium_I,Firmicutes_A,Clostridia_258483,Lachnospiraceae,commensal
Eubacterium_R,Firmicutes_A,Clostridia_258483,Acutalibacteraceae,commensal
Faecalimonas,Firmicutes_A,Clostridia_258483,Lachnospiraceae,commensal
Fimiplasma,Firmicutes_D,Bacilli,Coprobacillaceae,
Fluviibacter,Proteobacteria,Gammaproteobacteria,Rhodocyclaceae,
Fusobacterium_A,Fusobacteriota,Fusobacteriia,Fusobacteriaceae_993521,opportunist
Fusobacterium_C,Fusobacteriota,Fusobacteriia,Fusobacteriaceae_993521,opportunist
Gemella,Firmicutes_D,Bacilli,Gemellaceae,opportunist
JC017,Bacteroidota,Bacteroidia,Marinilabiliaceae,
Johnsonella,Firmicutes_A,Clostridia_258483,Lachnospiraceae,
Klebsiella_724518,Proteobacteria,Gammaproteobacteria,Enterobacteriaceae_A,opportunist
Kosakonia_684308,Proteobacteria,Gammaproteobacteria,Enterobacteriaceae_A,opportunist
Lactiplantibacillus,Firmicutes_D,Bacilli,Lactobacillaceae,opportunist
Lactobacillus,Firmicutes_D,Bacilli,Lactobacillaceae,opportunist
Lactococcus_A_343473,Firmicutes_D,Bacilli,Streptococcaceae,opportunist
Lactococcus_A_346120,Firmicutes_D,Bacilli,Streptococcaceae,opportunist
Lautropia,Proteobacteria,Gammaproteobacteria,Burkholderiaceae_A_595425,opportunist
Lawsonibacter,Firmicutes_A,Clostridia_258483,Oscillospiraceae_88309,
Limenecus,Cyanobacteria,Vampirovibrionia,Gastranaerophilaceae,
Limisoma,Bacteroidota,Bacteroidia,Muribaculaceae,
Luxibacter,Firmicutes_A,Clostridia_258483,Lachnospiraceae,
Massilia,Proteobacteria,Gammaproteobacteria,Burkholderiaceae_A_574758,opportunist
Megasphaera_A_38685,Firmicutes_C,Negativicutes,Megasphaeraceae,commensal
Merdisoma,Firmicutes_A,Clostridia_258483,Lachnospiraceae,
Moraxella_C_651924,Proteobacteria,Gammaproteobacteria,Moraxellaceae,opportunist
Morganella,Proteobacteria,Gammaproteobacteria,Enterobacteriaceae_A,opportunist
Mycoplasma_J_271639,Firmicutes_D,Bacilli,Metamycoplasmataceae,
Neisseria_561456,Proteobacteria,Gammaproteobacteria,Neisseriaceae_563222,opportunist
Neisseria_563205,Proteobacteria,Gammaproteobacteria,Neisseriaceae_563222,opportunist
Odoribacter_865974,Bacteroidota,Bacteroidia,Marinifilaceae,commensal
Onthovivens,Firmicutes_D,Bacilli,CAG-826,
Oribacterium,Firmicutes_A,Clostridia_258483,Lachnospiraceae,
Ornithospirochaeta,Spirochaetota,Spirochaetia,Sphaerochaetaceae,
Oxalobacter_566322,Proteobacteria,Gammaproteobacteria,Burkholderiaceae_A_574938,
Pantoea_A_680069,Proteobacteria,Gammaproteobacteria,Enterobacteriaceae_A,opportunist
Pantoea_A_680430,Proteobacteria,Gammaproteobacteria,Enterobacteriaceae_A,opportunist
Parabacteroides_B_862066,Bacteroidota,Bacteroidia,Tannerellaceae,commensal
Paraclostridium,Firmicutes_A,Clostridia_258483,Peptostreptococcaceae_256921,commensal
Paraprevotella,Bacteroidota,Bacteroidia,Bacteroidaceae,commensal
Parolsenella,Actinobacteriota,Coriobacteriia,Atopobiaceae,
Phascolarctobacterium_A,Firmicutes_C,Negativicutes,Acidaminococcaceae,commensal
Phocaeicola_A_858004,Bacteroidota,Bacteroidia,Bacteroidaceae,commensal
Phocea,Firmicutes_A,Clostridia_258483,Ruminococcaceae,
Pigmentiphaga,Proteobacteria,Gammaproteobacteria,Burkholderiaceae_A_595422,
Porphyromonas_A_859423,Bacteroidota,Bacteroidia,Porphyromonadaceae,
Prevotella,Bacteroidota,Bacteroidia,Bacteroidaceae,commensal
Pseudoflavonifractor_80958,Firmicutes_A,Clostridia_258483,Oscillospiraceae_88309,commensal
Pseudoleptotrichia,Fusobacteriota,Fusobacteriia,Leptotrichiaceae,
Pseudomonas_B_650451,Proteobacteria,Gammaproteobacteria,Pseudomonadaceae,opportunist
Pseudomonas_E_647464,Proteobacteria,Gammaproteobacteria,Pseudomonadaceae,opportunist
Rikenella,Bacteroidota,Bacteroidia,Rikenellaceae,commensal
Rodentibacter_A_734545,Proteobacteria,Gammaproteobacteria,Pasteurellaceae,
Romboutsia_D,Firmicutes_A,Clostridia_258483,Peptostreptococcaceae_256921,commensal
Rosenbergiella,Proteobacteria,Gammaproteobacteria,Enterobacteriaceae_A,
Rothia,Actinobacteriota,Actinomycetia,Micrococcaceae,opportunist
Ruminococcus_B,Firmicutes_A,Clostridia_258483,Lachnospiraceae,commensal
Scatocola,Proteobacteria,Alphaproteobacteria,CAG-239,
Sellimonas,Firmicutes_A,Clostridia_258483,Lachnospiraceae,commensal
Serratia_D_727363,Proteobacteria,Gammaproteobacteria,Enterobacteriaceae_A,opportunist
SIO2C1,Cyanobacteria,Cyanobacteriia,Coleofasciculaceae_23353,
Stenotrophomonas_A_615274,Proteobacteria,Gammaproteobacteria,Xanthomonadaceae_616009,opportunist
Stercorousia,Cyanobacteria,Vampirovibrionia,Gastranaerophilaceae,
Streptococcus,Firmicutes_D,Bacilli,Streptococcaceae,opportunist
Succinatimonas,Proteobacteria,Gammaproteobacteria,Succinivibrionaceae,
Succinivibrio,Proteobacteria,Gammaproteobacteria,Succinivibrionaceae,opportunist
Sutterella,Proteobacteria,Gammaproteobacteria,Burkholderiaceae_A_595427,opportunist
Terrisporobacter,Firmicutes_A,Clostridia_258483,Peptostreptococcaceae_256921,commensal
Traorella,Firmicutes_D,Bacilli,Erysipelotrichaceae,
Turicibacter,Firmicutes_D,Bacilli,Turicibacteraceae,
UBA11471,Bacteroidota,Bacteroidia,UBA11471,
UBA1436,Elusimicrobiota,Elusimicrobia_984208,Elusimicrobiaceae,
UBA71,Thermoplasmatota,Thermoplasmata_1773,Methanomethylophilaceae,
UMGS1071,Firmicutes_A,Clostridia_258483,Acutalibacteraceae,
Veillonella_A,Firmicutes_C,Negativicutes,Veillonellaceae,commensal
Ventrimonas,Firmicutes_A,Clostridia_258483,Lachnospiraceae,
Ventrisoma,Firmicutes_A,Clostridia_258483,Lachnospiraceae,
Weissella_A_338544,Firmicutes_D,Bacilli,Lactobacillaceae,opportunist
WM01,Firmicutes_D,Bacilli,Aerococcaceae,
Zymobacter,Proteobacteria,Gammaproteobacteria,Halomonadaceae_639861,