"Taxa","Phylum","Family","Class"
"Streptococcus","Firmicutes_D","Streptococcaceae","Bacilli"
"JC017","Bacteroidota","Marinilabiliaceae","Bacteroidia"
"Clostridium_P","Firmicutes_A","Clostridiaceae_222000","Clostridia_258483"
"Morganella","Proteobacteria","Enterobacteriaceae_A","Gammaproteobacteria"
"Phascolarctobacterium_A","Firmicutes_C","Acidaminococcaceae","Negativicutes"
"Phocaeicola_A_858004","Bacteroidota","Bacteroidaceae","Bacteroidia"
"Prevotella","Bacteroidota","Bacteroidaceae","Bacteroidia"
"Anaerobiospirillum_A","Proteobacteria","Succinivibrionaceae","Gammaproteobacteria"
"Sutterella","Proteobacteria","Burkholderiaceae_A_595427","Gammaproteobacteria"
"Lactobacillus","Firmicutes_D","Lactobacillaceae","Bacilli"
"Bifidobacterium_388775","Actinobacteriota","Bifidobacteriaceae","Actinomycetia"
"Bacteroides_H","Bacteroidota","Bacteroidaceae","Bacteroidia"
"Campylobacter_D","Campylobacterota","Campylobacteraceae","Campylobacteria"
"Rothia","Actinobacteriota","Micrococcaceae","Actinomycetia"
"Pantoea_A_680430","Proteobacteria","Enterobacteriaceae_A","Gammaproteobacteria"
"Lactococcus_A_346120","Firmicutes_D","Streptococcaceae","Bacilli"
"Catenibacterium","Firmicutes_D","Coprobacillaceae","Bacilli"
"Cellulosilyticum","Firmicutes_A","Cellulosilyticaceae","Clostridia_258483"
"Fusobacterium_A","Fusobacteriota","Fusobacteriaceae_993521","Fusobacteriia"
"Alloprevotella","Bacteroidota","Bacteroidaceae","Bacteroidia"
"Zymobacter","Proteobacteria","Halomonadaceae_639861","Gammaproteobacteria"
"Clostridium_T","Firmicutes_A","Clostridiaceae_222000","Clostridia_258483"
"Klebsiella_724518","Proteobacteria","Enterobacteriaceae_A","Gammaproteobacteria"
"Aquirickettsiella","Proteobacteria","Diplorickettsiaceae","Gammaproteobacteria"
"Rosenbergiella","Proteobacteria","Enterobacteriaceae_A","Gammaproteobacteria"
"Kosakonia_684308","Proteobacteria","Enterobacteriaceae_A","Gammaproteobacteria"
"Megasphaera_A_38685","Firmicutes_C","Megasphaeraceae","Negativicutes"
"Gemella","Firmicutes_D","Gemellaceae","Bacilli"
"Abiotrophia","Firmicutes_D","Aerococcaceae","Bacilli"
"Paraprevotella","Bacteroidota","Bacteroidaceae","Bacteroidia"
"DTU089","Firmicutes_A","Acutalibacteraceae","Clostridia_258483"
"Cetobacterium_A","Fusobacteriota","Fusobacteriaceae_993521","Fusobacteriia"
"CAG-267","Proteobacteria","CAG-239","Alphaproteobacteria"
"Terrisporobacter","Firmicutes_A","Peptostreptococcaceae_256921","Clostridia_258483"
"Lactococcus_A_343473","Firmicutes_D","Streptococcaceae","Bacilli"
"Parabacteroides_B_862066","Bacteroidota","Tannerellaceae","Bacteroidia"
"CAG-274","Firmicutes_A","CAG-274","Clostridia_258483"
"CAJLXD01","Proteobacteria","CAG-239","Alphaproteobacteria"
"Stercorousia","Cyanobacteria","Gastranaerophilaceae","Vampirovibrionia"
"Anaeroglobus","Firmicutes_C","Megasphaeraceae","Negativicutes"
"51-20","Proteobacteria","CAG-239","Alphaproteobacteria"
"Mycoplasma_J_271639","Firmicutes_D","Metamycoplasmataceae","Bacilli"
"Stenotrophomonas_A_615274","Proteobacteria","Xanthomonadaceae_616009","Gammaproteobacteria"
"Limisoma","Bacteroidota","Muribaculaceae","Bacteroidia"
"Traorella","Firmicutes_D","Erysipelotrichaceae","Bacilli"
"Blautia_A_141780","Firmicutes_A","Lachnospiraceae","Clostridia_258483"
"Fusobacterium_C","Fusobacteriota","Fusobacteriaceae_993521","Fusobacteriia"
"Ornithospirochaeta","Spirochaetota","Sphaerochaetaceae","Spirochaetia"
"UBA71","Thermoplasmatota","Methanomethylophilaceae","Thermoplasmata_1773"
"Bilifractor","Firmicutes_A","Lachnospiraceae","Clostridia_258483"
"Bacillus_AD","Firmicutes_D","DSM-1321_301386","Bacilli"
"Ventrimonas","Firmicutes_A","Lachnospiraceae","Clostridia_258483"
"Merdisoma","Firmicutes_A","Lachnospiraceae","Clostridia_258483"
"Weissella_A_338544","Firmicutes_D","Lactobacillaceae","Bacilli"
"CAG-196","Cyanobacteria","Gastranaerophilaceae","Vampirovibrionia"
"Acinetobacter","Proteobacteria","Moraxellaceae","Gammaproteobacteria"
"UBA11471","Bacteroidota","UBA11471","Bacteroidia"
"Onthovivens","Firmicutes_D","CAG-826","Bacilli"
"Erysipelatoclostridium","Firmicutes_D","Coprobacillaceae","Bacilli"
"Rodentibacter_A_734545","Proteobacteria","Pasteurellaceae","Gammaproteobacteria"
"CAG-269","Firmicutes_A","CAG-508","Clostridia_258483"
"Blautia_A_141781","Firmicutes_A","Lachnospiraceae","Clostridia_258483"
"Lactiplantibacillus","Firmicutes_D","Lactobacillaceae","Bacilli"
"Capnocytophaga_820688","Bacteroidota","Flavobacteriaceae","Bacteroidia"
"Veillonella_A","Firmicutes_C","Veillonellaceae","Negativicutes"
"Coprobacter","Bacteroidota","Coprobacteraceae","Bacteroidia"
"Lautropia","Proteobacteria","Burkholderiaceae_A_595425","Gammaproteobacteria"
"Rikenella","Bacteroidota","Rikenellaceae","Bacteroidia"
"Paraclostridium","Firmicutes_A","Peptostreptococcaceae_256921","Clostridia_258483"
"Pseudoleptotrichia","Fusobacteriota","Leptotrichiaceae","Fusobacteriia"
"Barnesiella","Bacteroidota","Barnesiellaceae","Bacteroidia"
"WM01","Firmicutes_D","Aerococcaceae","Bacilli"
"Turicibacter","Firmicutes_D","Turicibacteraceae","Bacilli"
"Pseudomonas_B_650451","Proteobacteria","Pseudomonadaceae","Gammaproteobacteria"
"Limenecus","Cyanobacteria","Gastranaerophilaceae","Vampirovibrionia"
"CAG-1427","Actinobacteriota","Eggerthellaceae","Coriobacteriia"
"Porphyromonas_A_859423","Bacteroidota","Porphyromonadaceae","Bacteroidia"
"Romboutsia_D","Firmicutes_A","Peptostreptococcaceae_256921","Clostridia_258483"
"Neisseria_561456","Proteobacteria","Neisseriaceae_563222","Gammaproteobacteria"
"Eubacterium_R","Firmicutes_A","Acutalibacteraceae","Clostridia_258483"
"Pseudoflavonifractor_80958","Firmicutes_A","Oscillospiraceae_88309","Clostridia_258483"
"Parolsenella","Actinobacteriota","Atopobiaceae","Coriobacteriia"
"Caecibacter","Firmicutes_C","Megasphaeraceae","Negativicutes"
"Actinomyces","Actinobacteriota","Actinomycetaceae","Actinomycetia"
"Pseudomonas_E_647464","Proteobacteria","Pseudomonadaceae","Gammaproteobacteria"
"Phocea","Firmicutes_A","Ruminococcaceae","Clostridia_258483"
"Ventrisoma","Firmicutes_A","Lachnospiraceae","Clostridia_258483"
"Fluviibacter","Proteobacteria","Rhodocyclaceae","Gammaproteobacteria"
"Massilia","Proteobacteria","Burkholderiaceae_A_574758","Gammaproteobacteria"
"Coprocola","Firmicutes_A","Anaerotignaceae","Clostridia_258483"
"Sellimonas","Firmicutes_A","Lachnospiraceae","Clostridia_258483"
"Cardiobacterium","Proteobacteria","Cardiobacteriaceae","Gammaproteobacteria"
"Ruminococcus_B","Firmicutes_A","Lachnospiraceae","Clostridia_258483"
"Scatocola","Proteobacteria","CAG-239","Alphaproteobacteria"
"Succinivibrio","Proteobacteria","Succinivibrionaceae","Gammaproteobacteria"
"Lawsonibacter","Firmicutes_A","Oscillospiraceae_88309","Clostridia_258483"
"Pantoea_A_680069","Proteobacteria","Enterobacteriaceae_A","Gammaproteobacteria"
"CAG-317_146760","Firmicutes_A","Lachnospiraceae","Clostridia_258483"
"UBA1436","Elusimicrobiota","Elusimicrobiaceae","Elusimicrobia_984208"
"Pigmentiphaga","Proteobacteria","Burkholderiaceae_A_595422","Gammaproteobacteria"
"Citrobacter_A_692098","Proteobacteria","Enterobacteriaceae_A","Gammaproteobacteria"
"Neisseria_563205","Proteobacteria","Neisseriaceae_563222","Gammaproteobacteria"
"Copromonas","Firmicutes_A","Lachnospiraceae","Clostridia_258483"
"Serratia_D_727363","Proteobacteria","Enterobacteriaceae_A","Gammaproteobacteria"
"Anaerovibrio","Firmicutes_C","Selenomonadaceae_42771","Negativicutes"
"Eisenbergiella","Firmicutes_A","Lachnospiraceae","Clostridia_258483"
"Butyricimonas","Bacteroidota","Marinifilaceae","Bacteroidia"
"Johnsonella","Firmicutes_A","Lachnospiraceae","Clostridia_258483"
"Succinatimonas","Proteobacteria","Succinivibrionaceae","Gammaproteobacteria"
"Moraxella_C_651924","Proteobacteria","Moraxellaceae","Gammaproteobacteria"
"Desulfovibrio_R_446353","Desulfobacterota_I","Desulfovibrionaceae","Desulfovibrionia"
"Alistipes_A_871400","Bacteroidota","Rikenellaceae","Bacteroidia"
"CAG-273","Firmicutes_A","CAG-508","Clostridia_258483"
"Faecalimonas","Firmicutes_A","Lachnospiraceae","Clostridia_258483"
"Collinsella","Actinobacteriota","Coriobacteriaceae","Coriobacteriia"
"Odoribacter_865974","Bacteroidota","Marinifilaceae","Bacteroidia"
"UMGS1071","Firmicutes_A","Acutalibacteraceae","Clostridia_258483"
"Enterocloster","Firmicutes_A","Lachnospiraceae","Clostridia_258483"
"Oribacterium","Firmicutes_A","Lachnospiraceae","Clostridia_258483"
"Luxibacter","Firmicutes_A","Lachnospiraceae","Clostridia_258483"
"Fimiplasma","Firmicutes_D","Coprobacillaceae","Bacilli"
"Anaerostipes","Firmicutes_A","Lachnospiraceae","Clostridia_258483"
"Eubacterium_I","Firmicutes_A","Lachnospiraceae","Clostridia_258483"
"Alistipes_A_871404","Bacteroidota","Rikenellaceae","Bacteroidia"
"Bilophila","Desulfobacterota_I","Desulfovibrionaceae","Desulfovibrionia"
"Oxalobacter_566322","Proteobacteria","Burkholderiaceae_A_574938","Gammaproteobacteria"
"Butyricicoccus_A_77030","Firmicutes_A","Butyricicoccaceae","Clostridia_258483"
"SIO2C1","Cyanobacteria","Coleofasciculaceae_23353","Cyanobacteriia"
