sample,samplename,sample_number,ID,date,time,collector,group,sex,age,repro,PA,BA,iVA,AA,all_scfa,neo_post_3days,neo_post_5days,neo_post_7days,neo_pre_3days,neo_pre_5days,neo_pre_7days,total_3_day,total_5_day,total_7_day,max_t_days1,max_t_days10,max_t_days15,max_t_days2,max_t_days20,max_t_days3,max_t_days30,max_t_days5,rain_days1,rain_days10,rain_days15,rain_days2,rain_days20,rain_days3,rain_days30,rain_days4,rain_days5,richness,total_scans,residuals,animal.x,plant,fruit,insect,pith,seeds,nectar,animal.y,flower,nurse,leaves,reads
001-494MAN-CIMI-CR-23-JL,494MAN,494,MAN,2022-12-13,8H 30M 0S,AW,Mesas,M,8.5,M,NA,NA,NA,NA,NA,443.11479763314264,443.11479763314264,443.11479763314264,443.11479763314264,443.11479763314264,443.11479763314264,443.11479763314264,443.11479763314264,443.11479763314264,27.4584375,27.19560606060606,27.113847656249998,27.523645833333333,26.911969246031745,27.440625,26.983309811827958,27.286336805555557,0,0,0.0013020833333333539,0,0.025297619047618392,0,0.019690860215053882,0,0,5,11,0.8528857479387331,63.63636363636363,36.36363636363637,27.27272727272727,63.63636363636363,9.090909090909092,0,0,0,0,0,0,5146917
002-655MAN-CIMI-CR-23-JL,655MAN,655,MAN,2023-01-12,10H 30M 0S,MC,Mesas,M,8.5,M,0.1,0,0.31,2.16,2.5700000000000003,1105.810819526626,1105.810819526626,1105.810819526626,1011.4967744472142,1011.4967744472142,1011.4967744472142,1011.4967744472142,1011.4967744472142,1011.4967744472142,28.32104712041885,27.873156398104264,27.949954397394137,28.25205574912892,27.985553349875932,28.100391644908616,27.996850420168066,27.991565217391305,0,0,0,0,0,0,0,0,0,8,26,1.7113309776207175,23.076923076923077,76.92307692307693,73.07692307692307,23.076923076923077,0,3.8461538461538463,0,0,0,0,0,3019359
003-431MAY-CIMI-CR-23-JL,431MAY,431,MAY,2022-12-02,11H 35M 0S,CB,Mesas,F,3.9,juv,39.4,2.08,2.06,154,197.54,NA,NA,NA,141.52170193293887,141.52170193293887,141.52170193293887,141.52170193293887,141.52170193293887,141.52170193293887,27.679010416666667,26.565236742424243,26.841549479166666,27.146909722222222,26.85280753968254,27.008020833333333,26.36376008064516,26.781076388888888,0,0.04829545454545494,0.03346354166666686,0.004861111111111101,0.029166666666666962,0.003645833333333327,0.1266801075268829,0.004166666666666671,0.017013888888888738,8,35,0.42639811542991735,54.285714285714285,45.714285714285715,28.57142857142857,54.285714285714285,14.285714285714285,0,2.857142857142857,0,0,0,0,11817967
004-563MAY-CIMI-CR-23-JL,563MAY,563,MAY,2022-12-21,11H 22M 0S,JL,Mesas,F,4,juv,NA,NA,NA,NA,NA,598.1221656804728,598.1221656804728,598.1221656804728,598.1221656804728,598.1221656804728,598.1221656804728,598.1221656804728,598.1221656804728,598.1221656804728,27.9075,27.909602272727273,27.685944010416666,27.945104166666667,27.56877976190476,27.962473958333334,27.199270833333333,28.2459375,0,0,0,0,0,0,0.017271505376344847,0,0,7,44,-1.8585347467608953,52.38095238095239,47.61904761904761,38.095238095238095,50,7.142857142857142,2.380952380952381,0,2.380952380952381,0,0,0,7867028
005-1002MAY-CIMI-CR-23-JL,1002MAY,1002,MAY,2023-03-20,15H 36M 0S,AW,Mesas,F,4.2,juv,NA,NA,NA,NA,NA,283.7861945562148,283.7861945562148,283.7861945562148,1247.1392955029585,980.9117479628064,980.9117479628064,1247.1392955029585,980.9117479628064,980.9117479628064,29.7971875,27.564053030303032,28.03677734375,28.97184027777778,28.387614087301586,28.358255208333333,28.544183467741934,27.678177083333335,0,0.14564393939393902,0.10013020833333308,0.0013888888888888924,0.07628968253968386,0.14895833333333372,0.05168010752688291,0.1195833333333335,0.21284722222222174,9,38,0.9980871613663134,28.947368421052634,71.05263157894737,55.26315789473685,28.947368421052634,0,15.789473684210526,0,0,0,0,0,14009907
006-1078MAY-CIMI-CR-23-JL,1078MAY,1078,MAY,2023-04-05,8H 43M 0S,AW,Mesas,F,4.3,juv,0.77,0,0.18,5.68,6.63,923.9257665411596,923.9257665411596,923.9257665411596,923.9257665411596,923.9257665411596,923.9257665411596,923.9257665411596,923.9257665411596,923.9257665411596,29.490677083333335,29.160113636363636,29.254016927083335,29.4959375,28.969588293650794,29.310833333333335,28.609761424731182,28.97126736111111,0,1.8939393939394164e-4,1.3020833333333314e-4,6.944444444444462e-4,0.028571428571427332,5.208333333333344e-4,0.051747311827957575,4.166666666666676e-4,3.4722222222222327e-4,6,12,1.7101154299175505,25,75,66.66666666666666,25,0,8.333333333333332,0,0,0,0,0,2993452
007-1309MAY-CIMI-CR-23-JL,1309MAY,1309,MAY,2023-05-16,11H 55M 0S,AW,Mesas,F,4.4,juv,0.13,0,0.2,2.91,3.24,208.966343786982,208.966343786982,403.89378220625633,391.431036620648,605.4760444575954,903.0246890626478,391.431036620648,605.4760444575954,859.5670507144882,29.75859375,31.16528409090909,31.2184765625,30.436319444444443,30.64986111111111,30.669322916666665,30.32646505376344,30.924149305555556,0,0,7.812500000000217e-4,0,9.920634920634953e-4,0,0.004637096774193507,0,0,5,29,-1.7169799764428737,17.24137931034483,82.75862068965517,82.75862068965517,17.24137931034483,0,0,0,0,0,0,0,3955547
008-906MEZ-CIMI-CR-23-JL,906MEZ,906,MEZ,2023-03-03,13H 10M 0S,AW,Mesas,F,20.7,Lactating,0.13,0,1.22,3.92,5.27,1957.176710059182,1957.176710059182,1957.176710059182,1957.176710059182,1957.176710059182,1957.176710059182,1957.176710059182,1957.176710059182,1957.176710059182,29.694114583333334,29.0703125,28.98751953125,29.434652777777778,28.951150793650793,29.324427083333333,28.898692876344086,29.08779513888889,0,0,0,0,0,0,0,0,0,6,24,-0.003128386336866662,29.166666666666668,70.83333333333334,62.5,29.166666666666668,0,4.166666666666666,4.166666666666666,0,0,0,0,437813
009-496MIL-CIMI-CR-23-JL,496MIL,496,MIL,2022-12-13,12H 57M 0S,JL,Mesas,F,6,Lactating,NA,NA,NA,NA,NA,NA,NA,NA,NA,NA,NA,NA,NA,NA,27.4584375,27.19560606060606,27.113847656249998,27.523645833333333,26.911969246031745,27.440625,26.983309811827958,27.286336805555557,0,0,0.0013020833333333539,0,0.025297619047618392,0,0.019690860215053882,0,0,6,27,-0.43143934040047094,73.07692307692307,26.923076923076923,19.230769230769234,73.07692307692307,7.6923076923076925,0,0,0,0,0,0,12769862
010-1449MIL-CIMI-CR-23-JL,1449MIL,1449,MIL,2023-06-22,6H 24M 0S,AW,Mesas,F,6.5,Lactating,0.92,0.2,0.18,7.08,8.38,272.7389754860522,272.7389754860522,272.7389754860522,320.0596179205396,320.0596179205396,320.0596179205396,272.7389754860522,272.7389754860522,272.7389754860522,27.186666666666667,28.14936553030303,27.801158854166665,28.365381944444444,27.76216765873016,28.776666666666667,27.988225806451613,28.388784722222223,0.3531250000000006,0.1973484848484854,0.13958333333333284,0.2354166666666665,0.13005952380952446,0.17708333333333343,0.16787634408602203,0.1425000000000006,0.1364583333333337,3,16,-1.860965842167255,43.75,56.25,56.25,43.75,0,0,0,0,0,0,0,3239820
011-1498MIL-CIMI-CR-23-JL,1498MIL,1498,MIL,2023-07-11,7H 0M 0S,CB,Mesas,F,6.5,Lactating,0.6,0,1,5.66,7.26,830.1025951517486,830.1025951517486,830.1025951517486,830.1025951517486,830.1025951517486,830.1025951517486,830.1025951517486,830.1025951517486,830.1025951517486,29.656781609195402,28.71028025477707,28.770739268680444,29.33975,28.46036823935558,29.038349514563105,28.424696071163826,28.889076923076924,0.0011494252873563246,0.09910828025477708,0.07122416534181215,0.0433333333333335,0.09148446490218573,0.04207119741100331,0.11111934766493595,0.04010695187165775,0.036923076923076996,3,13,-1.432654888103651,38.46153846153847,61.53846153846154,61.53846153846154,38.46153846153847,0,0,0,0,0,0,0,8323797
012-479MIS-CIMI-CR-23-JL,479MIS,479,MIS,2022-12-12,11H 37M 0S,JL,Mesas,F,3.9,juv,10.2,0.54,0.36,31,42.099999999999994,419.4329670329666,419.4329670329666,419.4329670329666,NA,NA,NA,419.4329670329666,419.4329670329666,419.4329670329666,27.378645833333334,27.17502840909091,27.001529947916666,27.31628472222222,26.835982142857144,27.228385416666665,26.943450940860217,27.210555555555555,0,0,0.006380208333333111,0,0.02529761904761848,0,0.019758064516129208,0,0,4,21,-1.5748174322732622,47.61904761904761,52.38095238095239,19.047619047619047,47.61904761904761,33.33333333333333,0,0,0,0,0,0,19418704
013-702MIS-CIMI-CR-23-JL,702MIS,702,MIS,2023-01-26,15H 10M 0S,JL,Mesas,F,4.1,juv,71.5,2.96,1.37,199,274.83,NA,NA,NA,NA,NA,NA,NA,NA,NA,28.79296875,28.376714015151514,28.16688599348534,28.946805555555557,28.069285359801487,28.867916666666666,28.033331092436974,28.621163194444446,0,0,0,0,0,0,0,0,0,3,12,-1.2898845700824495,75,25,16.666666666666664,75,0,8.333333333333332,0,0,0,0,0,8597371
014-988MIS-CIMI-CR-23-JL,988MIS,988,MIS,2023-03-16,17H 16M 0S,VM,Mesas,F,4.2,juv,0.3,0,0.73,2.37,3.4000000000000004,849.9190682164176,849.9190682164176,849.9190682164176,673.4447982755737,673.4447982755737,673.4447982755737,799.6808572330381,799.6808572330381,799.6808572330381,26.318020833333332,27.764119318181816,28.357070312500003,26.304375,28.469791666666666,26.216197916666665,28.592600806451614,26.81565972222222,0.3406249999999994,0.09147727272727192,0.06289062499999945,0.2284722222222218,0.047916666666667315,0.24166666666666634,0.032459677419355654,0.1933333333333327,0.16770833333333338,11,39,2.8553168433451117,41.02564102564102,58.97435897435898,43.58974358974359,41.02564102564102,0,7.6923076923076925,5.128205128205128,0,2.564102564102564,0,0,9414501
015-996MIS-CIMI-CR-23-JL,996MIS,996,MIS,2023-03-17,13H 55M 0S,JL,Mesas,F,4.2,juv,NA,NA,NA,NA,NA,1052.152975147967,1052.152975147967,1052.152975147967,818.732721460711,799.6808572330381,799.6808572330381,818.732721460711,799.6808572330381,799.6808572330381,26.69078125,27.578589015151515,28.207180989583332,26.38451388888889,28.355763888888887,26.35765625,28.514899193548384,26.377569444444443,0.296875,0.14526515151515174,0.09986979166666722,0.4243055555555555,0.07609126984126889,0.3192708333333331,0.05154569892473261,0.31166666666666626,0.25972222222222185,11,37,3.1408574793875146,43.24324324324324,56.75675675675676,43.24324324324324,43.24324324324324,0,8.108108108108109,2.7027027027027026,0,2.7027027027027026,0,0,14899029
016-1181MIS-CIMI-CR-23-JL,1181MIS,1181,MIS,2023-04-19,16H 8M 0S,EM,Mesas,F,4.3,juv,24.5,3.13,1.49,179,208.12,NA,NA,NA,NA,NA,NA,NA,NA,NA,30.23765625,30.193854166666668,29.933333333333334,30.13652777777778,29.659335317460318,30.209453125,29.613155241935484,30.191267361111112,0,0,0,0,9.920634920634955e-5,0,6.720430107527035e-5,0,0,5,22,-0.7175877502944638,45.45454545454545,54.54545454545454,54.54545454545454,45.45454545454545,0,0,0,0,0,0,0,6592409
017-1275MIS-CIMI-CR-23-JL,1275MIS,1275,MIS,2023-05-10,10H 0M 0S,MC,Mesas,F,4.3,juv,1.81,0,0.1,8.87,10.78,853.1858057481087,853.1858057481087,853.1858057481087,1217.8881479289928,1217.8881479289928,1217.8881479289928,853.1858057481087,853.1858057481087,853.1858057481087,31.850520833333334,31.28001893939394,30.467421875,31.629375,30.17798611111111,31.521119791666667,30.193114919354837,31.529253472222223,0,0.0013257575757575839,0.0014322916666666596,0,0.006845238095238189,0,0.004637096774193586,0,0,4,16,-0.8609658421672552,25,75,75,25,0,0,0,0,0,0,0,14920181
018-1328MON-CIMI-CR-23-JL,1328MON,1328,MON,2023-05-23,8H 45M 0S,MC,Mesas,F,5.3,juv,5.61,0.32,2.24,39.6,47.77,NA,NA,NA,NA,667.1000680473365,667.1000680473365,NA,667.1000680473365,667.1000680473365,30.102083333333333,30.87848484848485,31.08869140625,30.403784722222223,31.219419642857144,30.760729166666668,30.52127688172043,31.117569444444445,0,0,0,0,0,0,0.0026209677419353973,0,0,7,34,-0.430831566548881,41.17647058823529,58.82352941176471,55.88235294117647,35.294117647058826,0,2.941176470588235,0,5.88235294117647,0,0,0,6936360
019-1420MON-CIMI-CR-23-JL,1420MON,1420,MON,2023-06-19,9H 51M 0S,EM,Mesas,F,5.4,juv,NA,NA,NA,NA,NA,262.50050921386276,262.50050921386276,262.50050921386276,262.50050921386276,262.50050921386276,262.50050921386276,262.50050921386276,262.50050921386276,262.50050921386276,28.8634375,27.87035984848485,27.651106770833334,28.4121875,27.56796626984127,28.109114583333334,28.240843413978496,27.642708333333335,0.0031249999999999997,0.1352272727272734,0.12408854166666732,0.03750000000000015,0.18313492063491768,0.02812499999999991,0.14509408602150442,0.04666666666666652,0.23784722222222004,4,16,-0.8609658421672552,31.25,68.75,68.75,31.25,0,0,0,0,0,0,0,14031354
020-1294MOS-CIMI-CR-23-JL,1294MOS,1294,MOS,2023-05-11,11H 59M 0S,AW,Mesas,M,9.9,M,NA,NA,NA,NA,NA,763.8470726197027,624.9059751981456,624.9059751981456,883.0950915546181,883.0950915546181,768.505483521619,843.1860610364212,719.1454908660738,683.1816461839833,31.69671875,31.376590909090908,30.58087239583333,31.630937499999998,30.19501984126984,31.519973958333335,30.234217069892473,31.410833333333333,0,0.0011363636363636365,0.0013020833333333391,0,0.006845238095238197,0,0.0046370967741935654,0,0,3,9,-0.8615736160188451,11.11111111111111,88.88888888888889,88.88888888888889,0,0,0,0,11.11111111111111,0,0,0,13208083
021-1455MOS-CIMI-CR-23-JL,1455MOS,1455,MOS,2023-06-23,10H 44M 0S,Other,Mesas,M,10,M,33.1,3.71,2.02,148,186.83,NA,NA,NA,NA,NA,NA,NA,NA,NA,27.1371875,27.910227272727273,27.87296875,27.314583333333335,27.759037698412698,28.166640625,27.906122311827957,28.39890625,0.09270833333333367,0.19734848484848458,0.1373697916666665,0.23541666666666716,0.12817460317460388,0.17656250000000043,0.16787634408602148,0.14166666666666666,0.11875000000000027,3,9,-0.8615736160188451,11.11111111111111,88.88888888888889,88.88888888888889,11.11111111111111,0,0,0,0,0,0,0,14010189
022-688MOW-CIMI-CR-23-JL,688MOW,688,MOW,2023-01-25,15H 28M 0S,AW,Mesas,F,0.6,juv,6.98,0.37,2.23,72,81.58,NA,NA,NA,NA,NA,NA,NA,NA,NA,29.202864583333334,28.161070075757575,28.146879478827362,29.01232638888889,28.047235732009927,28.802942708333333,28.01872268907563,28.685399305555556,0,0,0,0,0,0,0,0,0,4,9,0.13842638398115487,12.5,87.5,55.55555555555556,11.11111111111111,0,0,22.22222222222222,0,0,11.11111111111111,0,8023269
023-110MOZ-CIMI-CR-23-JL,110MOZ,110,MOZ,2022-09-13,10H 3M 0S,JL,Mesas,M,12.2,M,1.9,0.24,0.98,13.4,16.52,454.237837278106,454.237837278106,454.237837278106,466.37719526627166,466.37719526627166,466.37719526627166,454.237837278106,454.237837278106,454.237837278106,25.684583333333332,26.430833333333332,26.298274739583334,26.100590277777776,26.31376122556788,26.127526041666666,26.65452420016407,26.140225694444446,0.14999999999999986,0.17481060606060622,0.14960937499999963,0.12152777777777764,0.14896988906497635,0.09687499999999977,0.13445447087776868,0.16041666666666685,0.1590277777777779,NA,NA,NA,NA,NA,NA,NA,NA,NA,NA,NA,NA,NA,NA,13767685
024-424MOZ-CIMI-CR-23-JL,424MOZ,424,MOZ,2022-12-01,9H 13M 0S,MC,Mesas,M,12.4,M,0.19,0,0.27,2.77,3.23,225.24625798817377,225.24625798817377,225.24625798817377,225.24625798817377,225.24625798817377,456.70335029586164,225.24625798817377,225.24625798817377,456.70335029586164,26.92671875,26.545795454545456,26.857194010416666,26.814930555555556,26.76264384920635,26.770651041666667,26.34278561827957,26.467899305555555,0.0072916666666666555,0.048674242424242606,0.03359374999999985,0.00486111111111112,0.03650793650793639,0.0052083333333333304,0.12762096774193685,0.020416666666666604,0.017708333333333375,5,48,-4.429616018845702,44.44444444444444,55.55555555555556,28.888888888888886,44.44444444444444,26.666666666666668,0,0,0,0,0,0,3153311
025-711MOZ-CIMI-CR-23-JL,711MOZ,711,MOZ,2023-01-27,10H 25M 0S,AW,Mesas,M,12.6,M,NA,NA,NA,NA,NA,NA,NA,NA,710.8776886349743,710.8776886349743,710.8776886349743,710.8776886349743,710.8776886349743,710.8776886349743,28.39109375,28.52318181818182,28.177485342019544,28.644479166666667,28.110848635235733,28.796979166666667,28.050887394957982,28.665659722222223,0,0,0,0,0,0,0,0,0,3,9,-0.8615736160188451,33.33333333333333,66.66666666666666,22.22222222222222,33.33333333333333,0,44.44444444444444,0,0,0,0,0,13181769
026-1076MOZ-CIMI-CR-23-JL,1076MOZ,1076,MOZ,2023-04-05,11H 17M 0S,AW,Mesas,M,12.8,M,4.12,0.47,2.8,34.8,42.19,NA,NA,NA,NA,NA,NA,NA,NA,NA,29.490677083333335,29.160113636363636,29.254016927083335,29.4959375,28.969588293650794,29.310833333333335,28.609761424731182,28.97126736111111,0,1.8939393939394164e-4,1.3020833333333314e-4,6.944444444444462e-4,0.028571428571427332,5.208333333333344e-4,0.051747311827957575,4.166666666666676e-4,3.4722222222222327e-4,5,14,0.42457479387514757,28.57142857142857,71.42857142857143,71.42857142857143,28.57142857142857,0,0,0,0,0,0,0,10016748
027-1301MOZ-CIMI-CR-23-JL,1301MOZ,1301,MOZ,2023-05-12,13H 42M 0S,AW,Mesas,M,12.9,M,NA,NA,NA,NA,NA,756.1408473373053,756.1408473373053,756.1408473373053,756.1408473373053,851.1979802761647,851.1979802761647,756.1408473373053,851.1979802761647,851.1979802761647,31.433802083333333,31.518892045454546,30.740592447916665,31.689756944444444,30.247475198412697,31.642161458333334,30.282315188172042,31.492013888888888,0,0,0.0013020833333333437,0,0.006845238095238202,0,0.0046370967741935325,0,0,4,19,-1.2892767962308596,15.789473684210526,84.21052631578947,84.21052631578947,15.789473684210526,0,0,0,0,0,0,0,10550186
028-231MUL-CIMI-CR-23-JL,231MUL,231,MUL,2022-10-14,9H 40M 0S,WEA,Mesas,F,11.3,Lactating,3.9,0.36,0.31,17.8,22.37,206.42554792899384,206.42554792899384,206.42554792899384,185.17222443095332,185.17222443095332,185.17222443095332,185.17222443095332,185.17222443095332,185.17222443095332,26.610052083333333,26.743617424242423,26.58650390625,26.87027777777778,26.435570436507938,26.983151041666666,26.26878360215054,26.46484375,0.32187499999999997,0.10643939393939357,0.08411458333333392,0.21666666666666706,0.13293650793650888,0.1697916666666673,0.11706989247311805,0.1529166666666668,0.17743055555555515,NA,NA,NA,NA,NA,NA,NA,NA,NA,NA,NA,NA,NA,NA,11584726
029-480MUL-CIMI-CR-23-JL,480MUL,480,MUL,2022-12-12,11H 14M 0S,JL,Mesas,F,11.5,Lactating,6.48,0.23,2.2,20.5,29.41,204.19856405220605,314.5742167786725,314.5742167786725,208.39571587561304,208.39571587561304,208.39571587561304,204.19856405220605,314.5742167786725,314.5742167786725,27.378645833333334,27.17502840909091,27.001529947916666,27.31628472222222,26.835982142857144,27.228385416666665,26.943450940860217,27.210555555555555,0,0,0.006380208333333111,0,0.02529761904761848,0,0.019758064516129208,0,0,6,19,0.7107232037691406,31.25,68.75,31.25,31.25,37.5,0,0,0,0,0,0,6104684
030-566MUL-CIMI-CR-23-JL,566MUL,566,MUL,2022-12-21,10H 18M 0S,JL,Mesas,F,11.5,Lactating,20.8,3.44,2.29,112,138.53,NA,NA,NA,NA,535.3255222316054,535.3255222316054,NA,535.3255222316054,535.3255222316054,27.9075,27.909602272727273,27.685944010416666,27.945104166666667,27.56877976190476,27.962473958333334,27.199270833333333,28.2459375,0,0,0,0,0,0,0.017271505376344847,0,0,6,42,-2.5729941107184926,57.14285714285714,42.857142857142854,35.714285714285715,57.14285714285714,7.142857142857142,0,0,0,0,0,0,8921006
031-642MUL-CIMI-CR-23-JL,642MUL,642,MUL,2023-01-10,15H 28M 0S,EM,Mesas,F,11.5,Lactating,1.16,0.13,0.59,18.8,20.68,476.31453017751426,476.31453017751426,476.31453017751426,476.31453017751426,476.31453017751426,476.31453017751426,476.31453017751426,476.31453017751426,476.31453017751426,27.880885416666665,27.80753787878788,27.896653645833332,27.81576388888889,27.942728174603175,27.827682291666665,27.93615927419355,27.792951388888888,0,0,0,0,0,0,0,0,0,5,8,1.2811967020023562,37.5,62.5,62.5,37.5,0,0,0,0,0,0,0,5132319
032-957MUL-CIMI-CR-23-JL,957MUL,957,MUL,2023-03-13,11H 27M 0S,JL,Mesas,F,11.7,Lactating,2.13,0.16,0.82,11.2,14.309999999999999,713.4554769230762,4388.968255660884,3695.977297217851,444.4698887573959,444.4698887573959,444.4698887573959,713.4554769230762,4388.968255660884,3695.977297217851,26.417395833333334,28.7407196969697,28.81392578125,27.326944444444443,28.8699751984127,27.714609375,28.853877688172044,28.130746527777777,0.14062499999999997,0.02916666666666728,0.020052083333333613,0.10694444444444455,0.015277777777777227,0.0802083333333332,0.010349462365590941,0.06416666666666684,0.05347222222222229,9,34,1.569168433451119,29.411764705882355,70.58823529411765,67.64705882352942,29.411764705882355,0,2.941176470588235,0,0,0,0,0,14830843
033-1079MUL-CIMI-CR-23-JL,1079MUL,1079,MUL,2023-04-05,7H 7M 0S,AW,Mesas,F,11.8,Lactating,39,16.3,2.26,228,285.56,265.03323905325414,265.03323905325414,265.03323905325414,NA,NA,NA,265.03323905325414,265.03323905325414,265.03323905325414,29.490677083333335,29.160113636363636,29.254016927083335,29.4959375,28.969588293650794,29.310833333333335,28.609761424731182,28.97126736111111,0,1.8939393939394164e-4,1.3020833333333314e-4,6.944444444444462e-4,0.028571428571427332,5.208333333333344e-4,0.051747311827957575,4.166666666666676e-4,3.4722222222222327e-4,5,12,0.7101154299175504,18.181818181818183,81.81818181818183,81.81818181818183,18.181818181818183,0,0,0,0,0,0,0,1848606
034-1316MUL-CIMI-CR-23-JL,1316MUL,1316,MUL,2023-05-17,11H 20M 0S,MC,Mesas,F,11.9,Lactating,1.5,0,0.16,8.18,9.84,587.8836994082834,587.8836994082834,564.7731654356257,433.5162355029581,531.5721349112421,531.5721349112421,433.5162355029581,531.5721349112421,534.0947590491736,29.394791666666666,31.082727272727272,31.229108072916667,29.932604166666668,30.705114087301588,30.397395833333334,30.321703629032257,30.772291666666668,0,0,0,0,9.920634920634953e-4,0,0.004637096774193515,0,0,4,41,-4.430223792697292,26.82926829268293,73.17073170731707,73.17073170731707,26.82926829268293,0,0,0,0,0,0,0,2532746
035-498MUS-CIMI-CR-23-JL,498MUS,498,MUS,2022-12-13,13H 43M 0S,JL,Mesas,F,4.7,juv,NA,NA,NA,NA,NA,681.7778693047323,681.7778693047323,681.7778693047323,689.8919479289933,689.8919479289933,689.8919479289933,681.7778693047323,681.7778693047323,681.7778693047323,27.4584375,27.19560606060606,27.113847656249998,27.523645833333333,26.911969246031745,27.440625,26.983309811827958,27.286336805555557,0,0,0.0013020833333333539,0,0.025297619047618392,0,0.019690860215053882,0,0,7,18,1.8534935217903419,55.55555555555556,44.44444444444444,27.77777777777778,50,16.666666666666664,0,0,5.555555555555555,0,0,0,3984534
036-1018MUS-CIMI-CR-23-JL,1018MUS,1018,MUS,2023-03-22,7H 23M 0S,AW,Mesas,F,5,juv,1.44,0.08,0.41,7.72,9.65,557.5771897435895,557.5771897435895,557.5771897435895,417.33263905325305,417.33263905325305,403.88757742819996,557.5771897435895,557.5771897435895,501.8656317634419,29.274375,27.611789772727274,28.051796875,29.5134375,28.418055555555558,29.53578125,28.59658938172043,28.66362847222222,0,0.14204545454545525,0.1001302083333337,0,0.0762896825396837,0,0.05168010752688283,8.333333333333312e-4,0.09930555555555624,10,35,2.426398115429917,34.285714285714285,65.71428571428571,62.857142857142854,34.285714285714285,0,2.857142857142857,0,0,0,0,0,3850273
037-1193MUS-CIMI-CR-23-JL,1193MUS,1193,MUS,2023-04-21,11H 57M 0S,AW,Mesas,F,5.1,juv,NA,NA,NA,NA,NA,NA,NA,NA,580.4306982248514,580.4306982248514,580.4306982248514,580.4306982248514,580.4306982248514,580.4306982248514,30.704166666666666,30.33996212121212,30.08501953125,30.68145833333333,29.854970238095238,30.470911458333333,29.677379032258063,30.37435763888889,0,0,0,0,9.920634920634955e-5,0,6.720430107527035e-5,0,0,3,19,-2.2892767962308596,63.1578947368421,36.84210526315789,36.84210526315789,63.1578947368421,0,0,0,0,0,0,0,3079890
038-363MYK-CIMI-CR-23-JL,363MYK,363,MYK,2022-11-15,10H 45M 0S,JL,Mesas,M,1.8,M,4.07,0.22,1.15,15.4,20.84,741.867220828418,741.867220828418,651.7084913609606,741.867220828418,741.867220828418,741.867220828418,741.867220828418,741.867220828418,651.7084913609606,26.6025,25.61348484848485,25.855403645833334,26.676180555555554,26.272480158730158,26.651640625,26.474687499999998,26.359861111111112,0.036458333333333356,0.2473484848484835,0.2139322916666673,0.02430555555555563,0.16309523809523813,0.018750000000000055,0.144354838709679,0.04583333333333351,0.07326388888888914,6,22,0.2824122497055362,54.54545454545454,45.45454545454545,18.181818181818183,54.54545454545454,22.727272727272727,0,0,0,0,0,4.545454545454546,7066839
039-493MYK-CIMI-CR-23-JL,493MYK,493,MYK,2022-12-13,9H 44M 0S,AW,Mesas,M,1.9,M,NA,NA,NA,NA,NA,404.03359319527794,404.03359319527794,404.03359319527794,486.8971774807946,486.8971774807946,486.8971774807946,486.8971774807946,486.8971774807946,486.8971774807946,27.4584375,27.19560606060606,27.113847656249998,27.523645833333333,26.911969246031745,27.440625,26.983309811827958,27.286336805555557,0,0,0.0013020833333333539,0,0.025297619047618392,0,0.019690860215053882,0,0,6,35,-1.5736018845700825,51.61290322580645,48.38709677419355,22.58064516129032,51.61290322580645,25.806451612903224,0,0,0,0,0,0,4225716
040-997MYK-CIMI-CR-23-JL,997MYK,997,MYK,2023-03-17,12H 12M 0S,JL,Mesas,M,2.1,M,3.81,0,1.68,8.48,13.97,744.9411742041993,744.9411742041993,744.9411742041993,744.9411742041993,744.9411742041993,744.9411742041993,744.9411742041993,744.9411742041993,744.9411742041993,26.69078125,27.578589015151515,28.207180989583332,26.38451388888889,28.355763888888887,26.35765625,28.514899193548384,26.377569444444443,0.296875,0.14526515151515174,0.09986979166666722,0.4243055555555555,0.07609126984126889,0.3192708333333331,0.05154569892473261,0.31166666666666626,0.25972222222222185,10,45,0.9986949352179032,33.33333333333333,66.66666666666666,46.666666666666664,31.11111111111111,0,17.77777777777778,2.2222222222222223,2.2222222222222223,0,0,0,8582539
041-1445MYK-CIMI-CR-23-JL,1445MYK,1445,MYK,2023-06-22,10H 35M 0S,AW,Mesas,M,2.4,M,5.9,0,0.29,23.3,29.490000000000002,365.0890434782622,365.0890434782622,365.0890434782622,364.8795607923921,364.8795607923921,364.8795607923921,364.8795607923921,364.8795607923921,364.8795607923921,27.186666666666667,28.14936553030303,27.801158854166665,28.365381944444444,27.76216765873016,28.776666666666667,27.988225806451613,28.388784722222223,0.3531250000000006,0.1973484848484854,0.13958333333333284,0.2354166666666665,0.13005952380952446,0.17708333333333343,0.16787634408602203,0.1425000000000006,0.1364583333333337,3,12,-1.2898845700824495,33.33333333333333,66.66666666666666,66.66666666666666,33.33333333333333,0,0,0,0,0,0,0,7507086
042-239PED-CIMI-CR-23-JL,239PED,239,PED,2022-10-18,10H 49M 0S,AW,Tenori,M,12.3,M,2.68,0.07,0.3,20.9,23.95,562.8145136094669,562.8145136094669,596.390660355029,562.8145136094669,562.8145136094669,562.8145136094669,562.8145136094669,562.8145136094669,596.390660355029,26.568125,26.48410984848485,26.720618489583334,26.371354166666666,26.537256944444444,26.487890625,26.338004032258066,26.52861111111111,0.02083333333333334,0.17121212121212093,0.11940104166666524,0.11180555555555542,0.11954365079365015,0.18489583333333345,0.12668010752688236,0.22666666666666685,0.23055555555555615,NA,NA,NA,NA,NA,NA,NA,NA,NA,NA,NA,NA,NA,NA,9197732
043-339PED-CIMI-CR-23-JL,339PED,339,PED,2022-11-10,9H 39M 0S,AW,Tenori,M,12.4,M,12.6,0.48,0.2,26.7,39.98,652.6764135925666,587.0567980684724,587.0567980684724,862.5606702958762,862.5606702958762,862.5606702958762,652.6764135925666,587.0567980684724,587.0567980684724,25.64546875,25.580549242424244,26.213854166666668,25.566388888888888,26.389112103174604,25.123776041666666,26.554354838709678,24.90798611111111,0.10729166666666658,0.2903409090909088,0.19973958333333072,0.23958333333333326,0.18273809523809417,0.3208333333333337,0.17190860215053982,0.45708333333333273,0.4152777777777773,3,21,-2.5748174322732624,33.33333333333333,66.66666666666666,9.523809523809524,33.33333333333333,57.14285714285714,0,0,0,0,0,0,9752420
044-671TAB-CIMI-CR-23-JL,671TAB,671,TAB,2023-01-17,7H 33M 0S,AW,Tenori,F,6,Pregnant,0.96,0.24,0.81,7.32,9.33,822.1669095384736,822.1669095384736,822.1669095384736,1479.7595076923244,1479.7595076923244,1479.7595076923244,822.1669095384736,822.1669095384736,822.1669095384736,27.282135416666666,27.672379146919432,27.690807817589576,26.875625,27.792749379652605,27.087057291666667,27.869442016806723,27.48424347826087,0,0,0,0,0,0,0,0,0,5,18,-0.14650647820965804,61.111111111111114,38.88888888888889,38.88888888888889,61.111111111111114,0,0,0,0,0,0,0,1616241
045-912TAB-CIMI-CR-23-JL,912TAB,912,TAB,2023-03-07,8H 20M 0S,CB,Tenori,F,6.1,Pregnant,NA,NA,NA,NA,NA,1114.4769010220552,1114.4769010220552,1114.4769010220552,1211.6773136094662,1211.6773136094662,1211.6773136094662,1114.4769010220552,1114.4769010220552,1114.4769010220552,28.853854166666668,29.205085227272725,29.175930989583332,29.152604166666666,29.035560515873016,29.427890625,28.995850134408602,29.516631944444445,0,0,0,0,0,0,0,0,0,9,35,1.4263981154299175,37.142857142857146,62.857142857142854,51.42857142857142,37.142857142857146,0,0,11.428571428571429,0,0,0,0,1496614
046-340TAM-CIMI-CR-23-JL,340TAM,340,TAM,2022-11-11,10H 5M 0S,AW,Tenori,F,8.4,Lactating,1.84,0,0.45,16.1,18.39,488.1802639963622,488.1802639963622,488.1802639963622,506.43235421462316,506.43235421462316,506.43235421462316,506.43235421462316,506.43235421462316,506.43235421462316,25.776302083333334,25.48224431818182,26.061354166666668,25.661597222222223,26.35215277777778,25.598255208333335,26.501841397849464,25.058107638888888,0.1822916666666668,0.3039772727272723,0.2092447916666677,0.12291666666666659,0.17916666666666703,0.21822916666666636,0.17594086021505356,0.2874999999999994,0.40659722222222267,5,30,-1.8597502944640756,40,60,20,36.666666666666664,40,0,0,3.3333333333333335,0,0,0,1717959
047-504TAM-CIMI-CR-23-JL,504TAM,504,TAM,2022-12-14,11H 48M 0S,CIW,Tenori,F,8.5,Lactating,NA,NA,NA,NA,NA,NA,NA,NA,NA,NA,NA,NA,NA,NA,27.489010416666666,27.20808712121212,27.1467578125,27.360416666666666,26.939652777777777,27.433828125,26.994304435483873,27.315260416666668,0,0,9.114583333333387e-4,0,0.02529761904761833,0,0.019690860215053885,0,0,9,28,2.4257903415783275,32.142857142857146,67.85714285714286,42.857142857142854,32.142857142857146,21.428571428571427,0,3.571428571428571,0,0,0,0,5502919
048-167TAN-CIMI-CR-23-JL,167TAN,167,TAN,2022-10-03,15H 45M 0S,JL,Tenori,F,5.6,juv,224,18.4,6.67,767,1016.0699999999999,1126.833552662729,1126.833552662729,1126.833552662729,1126.833552662729,1126.833552662729,1126.833552662729,1126.833552662729,1126.833552662729,1126.833552662729,26.5471875,26.164507575757575,26.021673177083333,26.166145833333335,25.975773809523808,26.210859375,26.15779569892473,26.19184027777778,0,0.14734848484848442,0.12604166666666727,0.013888888888888914,0.1290674603174603,0.04010416666666656,0.14133064516129043,0.03499999999999991,0.09999999999999933,NA,NA,NA,NA,NA,NA,NA,NA,NA,NA,NA,NA,NA,NA,9194508
049-345TAN-CIMI-CR-23-JL,345TAN,345,TAN,2022-11-11,9H 7M 0S,AW,Tenori,F,5.7,juv,NA,NA,NA,NA,NA,NA,NA,NA,1260.2347455621289,1260.2347455621289,1260.2347455621289,1260.2347455621289,1260.2347455621289,1260.2347455621289,25.776302083333334,25.48224431818182,26.061354166666668,25.661597222222223,26.35215277777778,25.598255208333335,26.501841397849464,25.058107638888888,0.1822916666666668,0.3039772727272723,0.2092447916666677,0.12291666666666659,0.17916666666666703,0.21822916666666636,0.17594086021505356,0.2874999999999994,0.40659722222222267,3,19,-2.2892767962308596,26.31578947368421,73.68421052631578,5.263157894736842,26.31578947368421,68.42105263157895,0,0,0,0,0,0,11139736
050-902TAN-CIMI-CR-23-JL,902TAN,902,TAN,2023-03-03,8H 19M 0S,JL,Tenori,F,6,Pregnant,6.25,0.32,0.53,16.5,23.6,2528.4996607495045,2053.687202479557,1710.908896327594,2528.4996607495045,2528.4996607495045,2528.4996607495045,2528.4996607495045,2053.687202479557,1710.908896327594,29.694114583333334,29.0703125,28.98751953125,29.434652777777778,28.951150793650793,29.324427083333333,28.898692876344086,29.08779513888889,0,0,0,0,0,0,0,0,0,14,53,3.856532391048293,53.06122448979592,46.93877551020408,36.734693877551024,53.06122448979592,0,0,10.204081632653061,0,0,0,0,5621657
051-1121TAN-CIMI-CR-23-JL,1121TAN,1121,TAN,2023-04-11,9H 25M 0S,VM,Tenori,F,6.1,Pregnant,NA,NA,NA,NA,NA,1537.125031952661,1537.125031952661,1537.125031952661,1151.0746272189335,1151.0746272189335,1113.395565680472,1344.0998295857971,1344.0998295857971,1254.6387211045349,30.051197916666666,29.39996212121212,29.315013020833334,29.9953125,29.354474206349206,29.941901041666668,28.74357190860215,29.634253472222223,0,1.8939393939394156e-4,1.3020833333333116e-4,0,9.920634920634955e-5,0,0.050470430107529024,0,0,4,20,-1.4320471142520608,50,50,45,50,0,0,5,0,0,0,0,3122948
052-1490TAN-CIMI-CR-23-JL,1490TAN,1490,TAN,2023-07-10,11H 59M 0S,AW,Tenori,F,6.4,Lactating,14.4,5.63,0.45,50,70.48,833.2003626035494,833.2003626035494,833.2003626035494,833.2003626035494,833.2003626035494,833.2003626035494,833.2003626035494,833.2003626035494,833.2003626035494,29.18777777777778,28.676700636942677,28.68808426073132,28.799765258215963,28.524171461449942,28.830755395683454,28.31502223869533,28.873217592592592,0.07222222222222223,0.0996178343949042,0.07154213036565951,0.061032863849765286,0.09148446490218583,0.05395683453237403,0.11163825055596636,0.04679665738161568,0.03888888888888898,4,7,0.4239670200235575,28.57142857142857,71.42857142857143,71.42857142857143,28.57142857142857,0,0,0,0,0,0,0,12323011
053-325TEM-CIMI-CR-23-JL,325TEM,325,TEM,2022-11-08,15H 59M 0S,AW,Tenori,M,6.2,M,7.25,1.24,0.19,24,32.68,532.0087753846267,532.0087753846267,532.0087753846267,555.7680397633254,555.7680397633254,555.7680397633254,532.0087753846267,532.0087753846267,532.0087753846267,24.602083333333333,25.86595643939394,26.372109375,24.454618055555557,26.571899801587303,24.53924479166667,26.54033938172043,24.914947916666666,0.5343749999999997,0.27083333333333504,0.20755208333333292,0.6902777777777778,0.17599206349206545,0.5692708333333332,0.17741935483870847,0.4741666666666666,0.44062500000000054,3,8,-0.7188032979976439,50,50,37.5,50,12.5,0,0,0,0,0,0,10625117
054-678TEM-CIMI-CR-23-JL,678TEM,678,TEM,2023-01-18,9H 18M 0S,EM,Tenori,M,6.4,M,NA,NA,NA,NA,NA,NA,NA,NA,1013.6081609467444,1013.6081609467444,1013.6081609467444,1013.6081609467444,1013.6081609467444,1013.6081609467444,28.091145833333332,27.717052132701422,27.782931596091206,27.63954861111111,27.810357320099257,27.2453125,27.880406722689074,27.467413194444443,0,0,0,0,0,0,0,0,0,7,20,1.5679528857479392,30,70,65,30,5,0,0,0,0,0,0,2868571
055-1109TEM-CIMI-CR-23-JL,1109TEM,1109,TEM,2023-04-07,13H 14M 0S,JL,Tenori,M,6.6,M,2.19,0.09,0.09,9.74,12.11,1370.2681448520757,1370.2681448520757,1370.2681448520757,1370.2681448520757,1370.2681448520757,1370.2681448520757,1370.2681448520757,1370.2681448520757,1370.2681448520757,29.018958333333334,29.05314393939394,29.222089843750002,29.211701388888887,29.191319444444446,29.254817708333334,28.620413306451614,29.213541666666668,0,1.8939393939394102e-4,1.3020833333333227e-4,0,2.9761904761904857e-4,0,0.05174731182795776,4.166666666666653e-4,3.4722222222222327e-4,8,21,2.4251825677267376,38.095238095238095,61.904761904761905,52.38095238095239,38.095238095238095,0,0,9.523809523809524,0,0,0,0,5712582
056-328TER-CIMI-CR-23-JL,328TER,328,TER,2022-11-08,16H 45M 0S,AW,Tenori,F,6.4,Pregnant,3.38,0.24,0.27,12.5,16.39,815.0177269807,815.0177269807,815.0177269807,640.5064047337326,640.5064047337326,640.5064047337326,815.0177269807,815.0177269807,815.0177269807,24.602083333333333,25.86595643939394,26.372109375,24.454618055555557,26.571899801587303,24.53924479166667,26.54033938172043,24.914947916666666,0.5343749999999997,0.27083333333333504,0.20755208333333292,0.6902777777777778,0.17599206349206545,0.5692708333333332,0.17741935483870847,0.4741666666666666,0.44062500000000054,3,22,-2.7175877502944634,54.54545454545454,45.45454545454545,22.727272727272727,54.54545454545454,22.727272727272727,0,0,0,0,0,0,16531031
057-445TER-CIMI-CR-23-JL,445TER,445,TER,2022-12-06,17H 13M 0S,JL,Tenori,F,6.4,Pregnant,NA,NA,NA,NA,NA,NA,NA,1233.8461289318027,NA,NA,NA,NA,NA,1233.8461289318027,27.012447916666666,26.76994318181818,26.729108072916667,27.015868055555554,26.922718253968252,27.018671875,26.52684811827957,27.23878472222222,0,0.00965909090909084,0.03346354166666685,0,0.02559523809523777,0,0.0984543010752715,0,0,2,7,-1.5760329799764425,57.14285714285714,42.857142857142854,28.57142857142857,57.14285714285714,14.285714285714285,0,0,0,0,0,0,8415458
058-635TER-CIMI-CR-23-JL,635TER,635,TER,2023-01-10,8H 11M 0S,JL,Tenori,F,6.5,Pregnant,25.1,1.87,2.33,105,134.3,1521.6167668639036,1521.6167668639036,1521.6167668639036,1521.6167668639036,1521.6167668639036,1521.6167668639036,1521.6167668639036,1521.6167668639036,1521.6167668639036,27.880885416666665,27.80753787878788,27.896653645833332,27.81576388888889,27.942728174603175,27.827682291666665,27.93615927419355,27.792951388888888,0,0,0,0,0,0,0,0,0,4,12,-0.28988457008244956,58.333333333333336,41.66666666666667,25,58.333333333333336,16.666666666666664,0,0,0,0,0,0,18342148
059-1058TER-CIMI-CR-23-JL,1058TER,1058,TER,2023-03-31,7H 45M 0S,VM,Tenori,F,6.8,Lactating,175,59,10.5,671,915.5,2171.985223668637,1322.2301644970453,1322.2301644970453,1655.4019022485318,1655.4019022485318,1759.0136752662788,1655.4019022485318,1261.092969940839,1437.3790327810725,28.65,29.315473484848486,28.922955729166667,28.8403125,28.41891369047619,28.98815104166667,28.697301747311826,29.19453125,0,0,0.03736979166666559,0,0.07628968253968368,0,0.05168010752688107,0,0,2,8,-1.7188032979976438,50,50,50,50,0,0,0,0,0,0,0,7567327
060-443TES-CIMI-CR-23-JL,443TES,443,TES,2022-12-06,15H 47M 0S,JL,Tenori,F,18.4,Lactating,14.5,1.82,1.22,31.8,49.34,966.0294059171946,966.0294059171946,966.0294059171946,966.0294059171946,966.0294059171946,966.0294059171946,966.0294059171946,966.0294059171946,966.0294059171946,27.012447916666666,26.76994318181818,26.729108072916667,27.015868055555554,26.922718253968252,27.018671875,26.52684811827957,27.23878472222222,0,0.00965909090909084,0.03346354166666685,0,0.02559523809523777,0,0.0984543010752715,0,0,3,14,-1.5754252061248524,46.15384615384615,53.84615384615385,15.384615384615385,46.15384615384615,38.46153846153847,0,0,0,0,0,0,18176832
061-613TES-CIMI-CR-23-JL,613TES,613,TES,2023-01-06,11H 2M 0S,JL,Tenori,F,18.5,Lactating,NA,NA,NA,NA,NA,1432.11735658674,1432.11735658674,1432.11735658674,1432.11735658674,1321.6673041973775,1321.6673041973775,1432.11735658674,1321.6673041973775,1321.6673041973775,27.723489583333333,27.913977272727273,27.981536458333334,27.921145833333334,28.023799603174602,27.943802083333335,27.845685483870966,27.74237847222222,0,0,0,0,0,0,0,0,0,4,13,-0.4326548881036508,30.76923076923077,69.23076923076923,46.15384615384615,30.76923076923077,23.076923076923077,0,0,0,0,0,0,12805839
062-712TES-CIMI-CR-23-JL,712TES,712,TES,2023-01-30,9H 21M 0S,VM,Tenori,F,18.6,Lactating,27.6,2.41,1.07,58.1,89.18,1092.238192080108,1092.238192080108,1092.238192080108,1183.4462485207089,1183.4462485207089,1183.4462485207089,1092.238192080108,1092.238192080108,1092.238192080108,28.09015625,28.451666666666668,28.164231770833332,28.024583333333332,28.152669975186104,28.1053125,28.03138487394958,28.33453125,0,0,0,0,0,0,0,0,0,6,35,-1.5736018845700825,37.142857142857146,62.857142857142854,20,37.142857142857146,42.857142857142854,0,0,0,0,0,0,9247050
063-1469TES-CIMI-CR-23-JL,1469TES,1469,TES,2023-06-29,6H 51M 0S,AW,Tenori,F,19,Lactating,NA,NA,NA,NA,NA,NA,NA,NA,1011.2801838871178,1011.2801838871178,1011.2801838871178,1011.2801838871178,1011.2801838871178,1011.2801838871178,30.213027027027028,28.546053384175405,28.113799869195553,29.21978647686833,28.12090592334495,28.763607427055703,27.834563826204107,28.555026362038664,0,0.07721639656815973,0.14244604316546863,0.031316725978647826,0.11129915380786563,0.03023872679045097,0.151566183900304,0.024947145877378434,0.022847100175746912,2,7,-1.5760329799764425,71.42857142857143,28.57142857142857,28.57142857142857,71.42857142857143,0,0,0,0,0,0,0,10906088
064-329TET-CIMI-CR-23-JL,329TET,329,TET,2022-11-08,16H 53M 0S,AW,Tenori,F,34.4,Cycling,21.9,2.12,0.49,53.1,77.61,5517.931057988282,5517.931057988282,5517.931057988282,5517.931057988282,5517.931057988282,5517.931057988282,5517.931057988282,5517.931057988282,5517.931057988282,24.602083333333333,25.86595643939394,26.372109375,24.454618055555557,26.571899801587303,24.53924479166667,26.54033938172043,24.914947916666666,0.5343749999999997,0.27083333333333504,0.20755208333333292,0.6902777777777778,0.17599206349206545,0.5692708333333332,0.17741935483870847,0.4741666666666666,0.44062500000000054,4,19,-1.2892767962308596,52.63157894736842,47.368421052631575,10.526315789473683,52.63157894736842,36.84210526315789,0,0,0,0,0,0,21304537
065-320TIL-CIMI-CR-23-JL,320TIL,320,TIL,2022-11-08,10H 50M 0S,UN,Tenori,M,6.2,M,6.55,0.57,0.33,20.2,27.65,481.59938556213524,481.59938556213524,577.8635533727874,422.65292165681666,422.65292165681666,422.65292165681666,462.0409036686465,462.0409036686465,542.9639342958659,24.602083333333333,25.86595643939394,26.372109375,24.454618055555557,26.571899801587303,24.53924479166667,26.54033938172043,24.914947916666666,0.5343749999999997,0.27083333333333504,0.20755208333333292,0.6902777777777778,0.17599206349206545,0.5692708333333332,0.17741935483870847,0.4741666666666666,0.44062500000000054,3,9,-0.8615736160188451,44.44444444444444,55.55555555555556,22.22222222222222,44.44444444444444,33.33333333333333,0,0,0,0,0,0,5275891
066-382TIN-CIMI-CR-23-JL,382TIN,382,TIN,2022-11-17,13H 27M 0S,VM,Tenori,M,3.4,M,3.31,0.35,0.21,7.44,11.31,1439.69469709777,1439.69469709777,1439.69469709777,1439.69469709777,1439.69469709777,1439.69469709777,1439.69469709777,1439.69469709777,1439.69469709777,27.852239583333333,26.227272727272727,25.979915364583334,27.610208333333333,26.2531001984127,27.227369791666668,26.585779569892473,27.051840277777778,0.001041666666666667,0.13768939393939233,0.2119791666666659,6.944444444444461e-4,0.16309523809523815,0.018750000000000103,0.13461021505376197,0.015000000000000032,0.012847222222222216,5,40,-3.2874534746760897,30,70,17.5,30,52.5,0,0,0,0,0,0,19909511
067-486TIN-CIMI-CR-23-JL,486TIN,486,TIN,2022-12-12,11H 55M 0S,AG,Tenori,M,3.5,M,2.15,0.11,0.44,9.62,12.319999999999999,1119.133193575656,1119.133193575656,1119.133193575656,1441.558843617919,1441.558843617919,1441.558843617919,1119.133193575656,1119.133193575656,1119.133193575656,27.378645833333334,27.17502840909091,27.001529947916666,27.31628472222222,26.835982142857144,27.228385416666665,26.943450940860217,27.210555555555555,0,0,0.006380208333333111,0,0.02529761904761848,0,0.019758064516129208,0,0,4,19,-1.2892767962308596,15.789473684210526,84.21052631578947,31.57894736842105,15.789473684210526,52.63157894736842,0,0,0,0,0,0,2415249
068-831TIN-CIMI-CR-23-JL,831TIN,831,TIN,2023-02-22,10H 59M 0S,AW,Tenori,M,3.7,M,NA,NA,NA,NA,NA,1558.4623398140307,1558.4623398140307,1558.4623398140307,NA,NA,NA,1558.4623398140307,1558.4623398140307,1558.4623398140307,29.222916666666666,28.854943181818182,28.972701822916665,29.25857638888889,28.832842261904762,29.050520833333334,28.762271505376344,28.91701388888889,0,0,0,0,0,0,0,0,0,8,18,2.853493521790342,33.33333333333333,66.66666666666666,50,33.33333333333333,0,0,16.666666666666664,0,0,0,0,13117233
069-1400TIN-CIMI-CR-23-JL,1400TIN,1400,TIN,2023-06-12,16H 38M 0S,AW,Tenori,M,4,M,NA,NA,NA,NA,NA,853.7074082840417,853.7074082840417,853.7074082840417,853.7074082840417,1003.0497426035586,1003.0497426035586,853.7074082840417,1003.0497426035586,1003.0497426035586,29.266197916666666,27.596676136363637,27.67505859375,28.339270833333334,28.00918650793651,28.057005208333333,28.959375000000005,27.562743055555554,0.001041666666666667,0.05094696969696984,0.15078125000000242,0.005555555555555569,0.14444444444444346,0.00572916666666667,0.09784946236559096,0.005416666666666673,0.010416666666666671,6,28,-0.5742096584216724,57.14285714285714,42.857142857142854,42.857142857142854,57.14285714285714,0,0,0,0,0,0,0,212409
070-854TIQ-CIMI-CR-23-JL,854TIQ,854,TIQ,2023-02-24,8H 40M 0S,CB,Tenori,M,1.8,M,NA,NA,NA,NA,NA,NA,NA,NA,1983.5952933220915,1983.5952933220915,1983.5952933220915,1983.5952933220915,1983.5952933220915,1983.5952933220915,28.891614583333332,28.856098484848484,28.91380859375,28.89673611111111,28.855848214285714,29.057265625,28.75896505376344,28.997552083333332,0,0,0,0,0,0,0,0,0,8,30,1.1402497055359246,28.57142857142857,71.42857142857143,60,26.666666666666668,0,0,6.666666666666667,0,0,6.666666666666667,0,6423832
071-1332TIQ-CIMI-CR-23-JL,1332TIQ,1332,TIQ,2023-05-23,14H 40M 0S,JL,Tenori,M,2,M,NA,NA,NA,NA,NA,NA,NA,NA,NA,NA,NA,NA,NA,NA,30.102083333333333,30.87848484848485,31.08869140625,30.403784722222223,31.219419642857144,30.760729166666668,30.52127688172043,31.117569444444445,0,0,0,0,0,0,0.0026209677419353973,0,0,4,7,0.4239670200235575,50,50,42.857142857142854,42.857142857142854,0,0,0,0,0,14.285714285714285,0,14382232
072-1536TIQ-CIMI-CR-23-JL,1536TIQ,1536,TIQ,2023-07-20,9H 58M 0S,AW,Tenori,M,2.2,M,2.09,0.39,1.28,11.8,15.56,NA,NA,NA,NA,NA,NA,NA,NA,NA,30.3290625,29.07095516569201,28.969746376811596,29.83295138888889,28.861067512983265,29.451858638743456,28.696958302308264,29.14397526501767,0,0.007017543859649109,0.01724637681159424,0,0.04916330063473681,0.008900523560209412,0.061801935964258065,0.0072340425531914375,0.009187279151943438,3,8,-0.7188032979976439,50,50,50,50,0,0,0,0,0,0,0,7723812
073-462TIZ-CIMI-CR-23-JL,462TIZ,462,TIZ,2022-12-08,14H 8M 0S,AW,Tenori,M,10.1,M,19.3,0.49,0.76,37.9,58.45,841.9632852070997,841.9632852070997,841.9632852070997,841.9632852070997,841.9632852070997,841.9632852070997,841.9632852070997,841.9632852070997,841.9632852070997,27.174895833333334,27.008579545454545,26.776510416666667,27.27107638888889,26.858209325396825,27.093671875,26.733111559139786,27.07074652777778,0,0.0018939393939393656,0.033203125000000014,0,0.025496031746032176,0,0.04791666666666738,0,0,4,13,-0.4326548881036508,23.076923076923077,76.92307692307693,15.384615384615385,23.076923076923077,46.15384615384615,0,15.384615384615385,0,0,0,0,17816119
074-708TIZ-CIMI-CR-23-JL,708TIZ,708,TIZ,2023-01-27,7H 27M 0S,JL,Tenori,M,10.2,M,0.31,0.52,0.23,4.74,5.800000000000001,530.8343630769343,443.8375128994137,443.8375128994137,530.8343630769343,530.8343630769343,530.8343630769343,530.8343630769343,443.8375128994137,443.8375128994137,28.39109375,28.52318181818182,28.177485342019544,28.644479166666667,28.110848635235733,28.796979166666667,28.050887394957982,28.665659722222223,0,0,0,0,0,0,0,0,0,7,11,2.852885747938752,27.27272727272727,72.72727272727273,63.63636363636363,27.27272727272727,9.090909090909092,0,0,0,0,0,0,2922345
075-832TIZ-CIMI-CR-23-JL,832TIZ,832,TIZ,2023-02-22,6H 29M 0S,AW,Tenori,M,10.3,M,NA,NA,NA,NA,NA,1384.9031289940813,1384.9031289940813,1384.9031289940813,1003.3696946745665,1003.3696946745665,1003.3696946745665,1003.3696946745665,1003.3696946745665,1003.3696946745665,29.222916666666666,28.854943181818182,28.972701822916665,29.25857638888889,28.832842261904762,29.050520833333334,28.762271505376344,28.91701388888889,0,0,0,0,0,0,0,0,0,9,13,4.567345111896349,15.384615384615385,84.61538461538461,61.53846153846154,15.384615384615385,0,0,23.076923076923077,0,0,0,0,2702159
076-1054TIZ-CIMI-CR-23-JL,1054TIZ,1054,TIZ,2023-03-30,13H 15M 0S,CB,Tenori,M,10.4,M,NA,NA,NA,NA,NA,771.0468497041413,771.0468497041413,771.0468497041413,NA,NA,NA,771.0468497041413,771.0468497041413,771.0468497041413,29.143697916666667,29.47529356060606,28.769108072916666,29.2396875,28.449583333333333,29.351770833333333,28.721824596774194,29.43279513888889,0,0,0.07981770833333326,0,0.07628968253968364,0,0.051680107526880785,0,0,5,8,1.2811967020023562,25,75,50,25,0,0,25,0,0,0,0,18984941
077-1466TIZ-CIMI-CR-23-JL,1466TIZ,1466,TIZ,2023-06-28,15H 34M 0S,AW,Tenori,M,10.6,M,NA,NA,NA,NA,NA,NA,NA,NA,NA,NA,NA,NA,NA,NA,28.404,28.26459485224023,27.9692544146501,28.07067615658363,27.9266650074664,28.17607427055703,27.797137083192993,28.01151142355009,0.04756756756756744,0.07759771210676815,0.1448005232177869,0.04056939501779365,0.11149825783972192,0.03129973474801061,0.1525766251263068,0.02748414376321349,0.022847100175746864,6,13,1.567345111896349,38.46153846153847,61.53846153846154,61.53846153846154,38.46153846153847,0,0,0,0,0,0,0,21056732
078-934TOB-CIMI-CR-23-JL,934TOB,934,TOB,2023-03-09,10H 51M 0S,AW,Tenori,M,3.4,M,NA,NA,NA,NA,NA,2255.7147985798842,1981.2486196449731,1981.2486196449731,3005.7727924260457,3005.7727924260457,3005.7727924260457,2255.7147985798842,1981.2486196449731,1981.2486196449731,28.963020833333335,29.25691287878788,29.11701171875,29.02513888888889,29.069871031746032,28.9084375,29.049304435483872,29.272934027777776,0,0,0,0,0,0,0,0,0,12,26,5.71133097762073,24,76,56.00000000000001,24,0,0,20,0,0,0,0,12905296
079-127TOT-CIMI-CR-23-JL,127TOT,127,TOT,2022-09-20,12H 59M 0S,JL,Tenori,F,8.2,Cycling,13.2,2.02,0.4,40,55.62,516.1806880228538,516.1806880228538,516.1806880228538,516.1806880228538,516.1806880228538,516.1806880228538,516.1806880228538,516.1806880228538,516.1806880228538,25.7121875,25.92502840909091,26.105533854166666,25.61982638888889,26.181780753968255,25.741276041666666,26.251391517700664,25.853680555555556,0.1541666666666666,0.10397727272727268,0.14830729166666665,0.10486111111111111,0.14871031746031704,0.12083333333333332,0.14034349807220467,0.11666666666666671,0.09965277777777781,NA,NA,NA,NA,NA,NA,NA,NA,NA,NA,NA,NA,NA,NA,20054333
080-244TOT-CIMI-CR-23-JL,244TOT,244,TOT,2022-10-19,11H 0M 0S,EM,Tenori,F,8.3,Cycling,NA,NA,NA,NA,NA,NA,NA,NA,716.3756586733111,716.3756586733111,716.3756586733111,716.3756586733111,716.3756586733111,716.3756586733111,27.341927083333335,26.597367424242425,26.747610677083333,26.98888888888889,26.626954365079364,26.736119791666667,26.415272177419354,26.66699652777778,0.015625,0.16401515151515145,0.11940104166666532,0.01388888888888891,0.09930555555555598,0.08385416666666713,0.12647849462365643,0.14791666666666636,0.18888888888888822,NA,NA,NA,NA,NA,NA,NA,NA,NA,NA,NA,NA,NA,NA,16331426
081-332TOT-CIMI-CR-23-JL,332TOT,332,TOT,2022-11-09,5H 58M 0S,JCO,Tenori,F,8.4,Cycling,107,19.5,4.49,332,462.99,NA,NA,521.6264352399752,NA,NA,NA,NA,NA,521.6264352399752,25.420208333333335,25.66498106060606,26.298769531250002,24.87878472222222,26.457698412698413,24.699010416666667,26.574290994623656,24.81939236111111,0.2541666666666663,0.2712121212121224,0.19804687499999865,0.35763888888888956,0.17619047619047817,0.518750000000001,0.16787634408602312,0.4562500000000005,0.395833333333333,7,18,1.8534935217903419,38.88888888888889,61.111111111111114,16.666666666666664,38.88888888888889,38.88888888888889,0,5.555555555555555,0,0,0,0,11905861
082-710TOT-CIMI-CR-23-JL,710TOT,710,TOT,2023-01-27,7H 2M 0S,JL,Tenori,F,8.6,Pregnant,NA,NA,NA,NA,NA,2086.840331360952,2086.840331360952,2086.840331360952,2086.840331360952,2086.840331360952,2086.840331360952,2086.840331360952,2086.840331360952,2086.840331360952,28.39109375,28.52318181818182,28.177485342019544,28.644479166666667,28.110848635235733,28.796979166666667,28.050887394957982,28.665659722222223,0,0,0,0,0,0,0,0,0,4,13,-0.4326548881036508,69.23076923076923,30.76923076923077,23.076923076923077,69.23076923076923,0,0,0,0,7.6923076923076925,0,0,4998907
083-785TOT-CIMI-CR-23-JL,785TOT,785,TOT,2023-02-10,10H 58M 0S,JCO,Tenori,F,8.6,Pregnant,100,5.57,3.69,483,592.26,NA,NA,NA,NA,NA,NA,NA,NA,NA,29.095572916666665,28.826448863636365,28.6216796875,29.185243055555556,28.63043650793651,29.229166666666668,28.393055462184876,28.864270833333332,0,0,0,0,0,0,0,0,0,14,41,5.569776207302709,34.146341463414636,65.85365853658537,46.34146341463415,34.146341463414636,2.4390243902439024,0,17.073170731707318,0,0,0,0,13596084
084-1110TOT-CIMI-CR-23-JL,1110TOT,1110,TOT,2023-04-10,8H 51M 0S,AW,Tenori,F,8.8,Pregnant,0.83,0,0.1,3.73,4.66,1221.8404970414188,1221.8404970414188,1221.8404970414188,1221.8404970414188,1169.3468480135325,1169.3468480135325,1221.8404970414188,1169.3468480135325,1169.3468480135325,29.90057291666667,29.222575757575758,29.273873697916667,29.8609375,29.318333333333335,29.544348958333334,28.710063844086022,29.536319444444445,0,1.8939393939394102e-4,1.3020833333333116e-4,0,9.920634920634955e-5,0,0.05174731182795856,0,0,3,20,-2.432047114252061,60,40,35,60,0,0,5,0,0,0,0,12558351
085-1386TOT-CIMI-CR-23-JL,1386TOT,1386,TOT,2023-06-08,12H 33M 0S,JL,Tenori,F,8.9,Lactating,3.01,0.14,0.26,12.2,15.61,662.8654082840229,662.8654082840229,662.8654082840229,662.8654082840229,662.8654082840229,662.8654082840229,662.8654082840229,662.8654082840229,662.8654082840229,26.57421875,27.45342803030303,27.865579427083333,26.993680555555557,28.621269841269843,27.116484375,29.421975806451613,27.283211805555556,0.01979166666666664,0.2172348484848474,0.1881510416666661,0.08680555555555548,0.14335317460317293,0.06614583333333321,0.09711021505376492,0.09958333333333301,0.08298611111111098,5,26,-1.2886690223792696,53.84615384615385,46.15384615384615,46.15384615384615,53.84615384615385,0,0,0,0,0,0,0,14626740
086-893TRO-CIMI-CR-23-JL,893TRO,893,TRO,2023-03-02,7H 19M 0S,JL,Tenori,M,9.3,M,3.21,2.13,0.25,25.9,31.49,1196.9971597633123,1196.9971597633123,1196.9971597633123,1404.7777988165665,1404.7777988165665,1404.7777988165665,1404.7777988165665,1404.7777988165665,1404.7777988165665,29.326041666666665,29.04104166666667,28.898958333333333,29.21527777777778,28.91437996031746,29.134140625,28.884297715053762,28.982083333333335,0,0,0,0,0,0,0,0,0,9,25,2.854101295641932,36,64,56.00000000000001,32,0,0,8,4,0,0,0,2951592
087-974TRO-CIMI-CR-23-JL,974TRO,974,TRO,2023-03-15,10H 2M 0S,JL,Tenori,M,9.3,M,3.87,0,0.18,10.1,14.149999999999999,112.95711104895116,112.95711104895116,112.95711104895116,NA,NA,NA,112.95711104895116,112.95711104895116,112.95711104895116,26.02453125,28.026486742424243,28.49017578125,26.000243055555554,28.565367063492065,26.220963541666666,28.648125,27.15125,0.34166666666666673,0.09128787878787767,0.06276041666666579,0.32152777777777813,0.047817460317459905,0.2411458333333331,0.03239247311828036,0.20083333333333328,0.16736111111111002,10,28,3.4257903415783275,32.142857142857146,67.85714285714286,57.14285714285714,25,0,0,10.714285714285714,7.142857142857142,0,0,0,178711
088-143TRU-CIMI-CR-23-JL,143TRU,143,TRU,2022-09-23,15H 36M 0S,JL,Tenori,F,15.2,Cycling,18.5,1.7,0.61,55.7,76.51,850.2745107692336,850.2745107692336,850.2745107692336,850.2745107692336,850.2745107692336,850.2745107692336,850.2745107692336,850.2745107692336,850.2745107692336,26.14703125,25.865823863636365,26.001666666666665,26.173368055555557,26.18687996031746,26.079947916666665,26.180771118121275,25.896597222222223,0.03958333333333326,0.09905303030303064,0.11197916666666627,0.027083333333333407,0.13144841269841326,0.058854166666666735,0.1270241850683485,0.07791666666666652,0.06597222222222233,NA,NA,NA,NA,NA,NA,NA,NA,NA,NA,NA,NA,NA,NA,20276243
089-258TRU-CIMI-CR-23-JL,258TRU,258,TRU,2022-10-20,14H 1M 0S,EM,Tenori,F,15.3,Cycling,35,2.1,2.14,95,134.24,NA,NA,NA,NA,NA,NA,NA,NA,NA,27.564739583333335,26.862765151515152,26.693678385416668,27.327638888888888,26.671631944444446,27.06643229166667,26.469284274193548,26.84684027777778,0.036458333333333315,0.14337121212121234,0.12395833333333277,0.03472222222222217,0.10208333333333373,0.028645833333333304,0.12385752688171982,0.08166666666666646,0.13541666666666696,NA,NA,NA,NA,NA,NA,NA,NA,NA,NA,NA,NA,NA,NA,15861582
090-353TRU-CIMI-CR-23-JL,353TRU,353,TRU,2022-11-15,10H 0M 0S,AW,Tenori,F,15.4,Cycling,NA,NA,NA,NA,NA,934.2600473372772,934.2600473372772,934.2600473372772,NA,939.8501404195928,1073.4456999247084,934.2600473372772,937.055093878435,1017.7714388897359,26.6025,25.61348484848485,25.855403645833334,26.676180555555554,26.272480158730158,26.651640625,26.474687499999998,26.359861111111112,0.036458333333333356,0.2473484848484835,0.2139322916666673,0.02430555555555563,0.16309523809523813,0.018750000000000055,0.144354838709679,0.04583333333333351,0.07326388888888914,4,42,-4.572994110718493,40.476190476190474,59.523809523809526,7.142857142857142,40.476190476190474,52.38095238095239,0,0,0,0,0,0,10706935
091-453TRU-CIMI-CR-23-JL,453TRU,453,TRU,2022-12-08,10H 45M 0S,AG,Tenori,F,15.4,Cycling,NA,NA,NA,NA,NA,835.842483500585,731.9767075958528,731.9767075958528,940.4406572652858,940.4406572652858,940.4406572652858,824.208941577259,743.4430292381385,743.4430292381385,27.174895833333334,27.008579545454545,26.776510416666667,27.27107638888889,26.858209325396825,27.093671875,26.733111559139786,27.07074652777778,0,0.0018939393939393656,0.033203125000000014,0,0.025496031746032176,0,0.04791666666666738,0,0,7,30,0.14024970553592464,40,60,23.333333333333332,40,33.33333333333333,0,3.3333333333333335,0,0,0,0,16904500
092-946TRU-CIMI-CR-23-JL,946TRU,946,TRU,2023-03-10,12H 3M 0S,JL,Tenori,F,15.7,Pregnant,4.41,0.15,0.8,12.7,18.06,NA,NA,NA,NA,NA,NA,NA,NA,NA,28.930104166666666,29.255719696969695,29.11517578125,28.93454861111111,29.073462301587302,28.98825520833333,29.03371303763441,29.043576388888887,0,0,0,0,0,0,0,0,0,9,51,-0.8579269729093056,50.98039215686274,49.01960784313725,37.254901960784316,50.98039215686274,0,0,11.76470588235294,0,0,0,0,19939727
093-1118TRU-CIMI-CR-23-JL,1118TRU,1118,TRU,2023-04-10,11H 47M 0S,AW,Tenori,F,15.8,Pregnant,NA,NA,NA,NA,NA,1286.5084568047323,1286.5084568047323,1286.5084568047323,980.1825798816556,980.1825798816556,980.1825798816556,1286.5084568047323,1286.5084568047323,1286.5084568047323,29.90057291666667,29.222575757575758,29.273873697916667,29.8609375,29.318333333333335,29.544348958333334,28.710063844086022,29.536319444444445,0,1.8939393939394102e-4,1.3020833333333116e-4,0,9.920634920634955e-5,0,0.05174731182795856,0,0,6,22,0.2824122497055362,50,50,40.909090909090914,45.45454545454545,0,0,9.090909090909092,4.545454545454546,0,0,0,3178572
094-318TSU-CIMI-CR-23-JL,318TSU,318,TSU,2022-11-08,12H 15M 0S,UN,Tenori,M,5.2,M,NA,NA,NA,NA,NA,697.75900473374,697.75900473374,629.5209010468914,695.6134437870073,695.6134437870073,695.6134437870073,697.75900473374,697.75900473374,629.5209010468914,24.602083333333333,25.86595643939394,26.372109375,24.454618055555557,26.571899801587303,24.53924479166667,26.54033938172043,24.914947916666666,0.5343749999999997,0.27083333333333504,0.20755208333333292,0.6902777777777778,0.17599206349206545,0.5692708333333332,0.17741935483870847,0.4741666666666666,0.44062500000000054,4,9,0.13842638398115487,33.33333333333333,66.66666666666666,11.11111111111111,33.33333333333333,44.44444444444444,0,11.11111111111111,0,0,0,0,22386906
095-729TSU-CIMI-CR-23-JL,729TSU,729,TSU,2023-02-01,14H 57M 0S,AW,Tenori,M,5.4,M,NA,NA,NA,NA,NA,1426.3588796844342,1426.3588796844342,1426.3588796844342,1426.3588796844342,1426.3588796844342,1426.3588796844342,1426.3588796844342,1426.3588796844342,1426.3588796844342,29.12390625,28.574138257575758,28.50478515625,28.8759375,28.245811414392058,28.60703125,28.106642016806724,28.44484375,0,0,0,0,0,0,0,0,0,8,16,3.1390341578327448,25,75,37.5,25,31.25,0,0,0,6.25,0,0,22279514
