Sample_number,ID,Date,Time,Collector ID,Group
1,TRU,27-May-21,14:31,JL,TENORI
2,TIN,27-May-21,14:54,JL,TENORI
3,TET,28-May-21,11:04,JL,TENORI
4,TAN,31-May-21,7:57,JL,TENORI
5,TIN,31-May-21,8:10,JL,TENORI
6,TRU,31-May-21,8:16,JL,TENORI
7,TIC,31-May-21,8:20,JL,TENORI
8,TOR,31-May-21,8:47,JL,TENORI
9,TER,31-May-21,8:54,JL,TENORI
10,TEL,31-May-21,10:37,JL,TENORI
11,THO,31-May-21,11:34,JL,TENORI
12,TET,31-May-21,11:47,JL,TENORI
13,TOT,31-May-21,12:23,JL,TENORI
14,TOR,1-Jun-21,11:31,JL,TENORI
15,TES,1-Jun-21,12:09,JL,TENORI
16,TEN,1-Jun-21,13:35,JL,TENORI
17,TOT,1-Jun-21,15:50,JL,TENORI
18,TEL,2-Jun-21,8:32,JL,TENORI
19,TET,2-Jun-21,8:48,JL,TENORI
20,TAB,2-Jun-21,9:03,JL,TENORI
21,THO,2-Jun-21,9:09,JL,TENORI
22,TAM,2-Jun-21,9:15,JL,TENORI
23,TEN,2-Jun-21,9:30,JL,TENORI
24,TOT,2-Jun-21,11:25,JL,TENORI
25,TES,2-Jun-21,12:52,JL,TENORI
26,TRU,2-Jun-21,12:56,JL,TENORI
27,TIC,2-Jun-21,13:12,JL,TENORI
28,TOR,2-Jun-21,13:48,JL,TENORI
29,MOS,3-Jun-21,7:41,JCO,MESAS
30,MON,3-Jun-21,7:54,JCO,MESAS
31,MOZ,3-Jun-21,8:14,JCO,MESAS
32,MIL,3-Jun-21,8:14,JCO,MESAS
33,MAY,3-Jun-21,8:20,JCO,MESAS
34,MUL,3-Jun-21,8:48,JCO,MESAS
35,MEZ,3-Jun-21,8:55,JCO,MESAS
36,MUS,3-Jun-21,9:27,JCO,MESAS
37,MIS,3-Jun-21,11:15,JCO,MESAS
38,MAU,3-Jun-21,11:48,JCO,MESAS
39,MAN,3-Jun-21,13:03,JCO,MESAS
40,MOZ,4-Jun-21,7:31,JCO,MESAS
41,MAY,4-Jun-21,8:12,JCO,MESAS
42,MEZ,4-Jun-21,8:48,JCO,MESAS
43,MUL,4-Jun-21,11:02,JCO,MESAS
44,MAN,4-Jun-21,11:50,JCO,MESAS
45,TAM,4-Jun-21,10:12,JL,TENORI
46,TES,4-Jun-21,12:16,JL,TENORI
47,TIC,4-Jun-21,12:27,JL,TENORI
48,TOT,4-Jun-21,12:37,JL,TENORI
49,THO,4-Jun-21,13:15,JL,TENORI
50,TAN,4-Jun-21,14:03,JL,TENORI
51,THO,7-Jun-21,12:54,JL,TENORI
52,TIN,7-Jun-21,13:16,JL,TENORI
53,MOS,8-Jun-21,7:18,ECB,MESAS
54,TER,9-Jun-21,9:21,JL,TENORI
55,MOZ,9-Jun-21,6:47,ECB,MESAS
56,MAN,9-Jun-21,7:08,ECB,MESAS
57,MIL,9-Jun-21,7:20,ECB,MESAS
58,MEZ,9-Jun-21,7:30,ECB,MESAS
59,MUS,9-Jun-21,12:29,ECB,MESAS
60,MUL,9-Jun-21,13:38,ECB,MESAS
61,MAU,9-Jun-21,13:45,ECB,MESAS
62,MIS,9-Jun-21,13:52,ECB,MESAS
63,MOS,9-Jun-21,14:02,ECB,MESAS
64,TER,10-Jun-21,8:19,JL,TENORI
65,TAM,10-Jun-21,8:25,JL,TENORI
66,TEN,10-Jun-21,8:34,JL,TENORI
67,TAB,10-Jun-21,8:47,JL,TENORI
68,TAN,10-Jun-21,8:58,JL,TENORI
69,TES,10-Jun-21,9:06,JL,TENORI
70,TEL,10-Jun-21,9:34,JL,TENORI
71,TIN,10-Jun-21,11:43,JL,TENORI
72,TAN,11-Jun-21,11:05,JL,TENORI
73,TOR,14-Jun-21,14:42,JCO,TENORI
74,MUL,14-Jun-21,11:57,JL,MESAS
75,MAU,14-Jun-21,12:38,JL,MESAS
76,MAN,14-Jun-21,13:30,JL,MESAS
77,MIL,14-Jun-21,13:40,JL,MESAS
78,TAB,15-Jun-21,13:25,JCO,TENORI
79,TET,15-Jun-21,13:55,JCO,TENORI
80,TEL,15-Jun-21,14:34,JCO,TENORI
81,MEZ,15-Jun-21,9:17,JL,MESAS
82,MON,15-Jun-21,9:27,JL,MESAS
83,MOS,15-Jun-21,9:46,JL,MESAS
84,MOZ,15-Jun-21,11:46,JL,MESAS
85,MAU,15-Jun-21,12:14,JL,MESAS
86,MIS,15-Jun-21,12:27,JL,MESAS
87,MUS,16-Jun-21,10:50,JL,MESAS
88,TER,16-Jun-21,12:45,AF,TENORI
89,TOR,17-Jun-21,8:20,JL,TENORI
90,TIC,17-Jun-21,8:42,JL,TENORI
91,TEN,17-Jun-21,10:05,JL,TENORI
92,TRU,17-Jun-21,11:49,JL,TENORI
93,TAM,18-Jun-21,7:36,JL,TENORI
94,TAB,18-Jun-21,8:24,JL,TENORI
95,MAY,22-Jun-21,9:55,ECB,MESAS
96,TAM,23-Jun-21,6:38,JL,TENORI
97,MIS,23-Jun-21,11:43,AF,MESAS
98,MUS,23-Jun-21,13:15,AF,MESAS
99,MON,24-Jun-21,8:23,RR,MESAS
100,MIL,24-Jun-21,12:45,RR,MESAS
101,MAY,2-Jul-21,8:52,JL,MESAS
102,MON,5-Jul-21,10:42,JL,MESAS
103,TET,7-Sep-22,16:58,JL,TENORI
104,PUC,9-Sep-22,9:48,JL,TENORI
105,PAL,9-Sep-22,13:50,JL,TENORI
106,TRU,9-Sep-22,13:46,JL,TENORI
107,TES,12-Sep-22,11:09,JL,TENORI
108,MOS,12-Sep-22,15:05,SK,MESAS
109,TAM,13-Sep-22,11:15,AW,TENORI
110,MOZ,13-Sep-22,10:03,JL,MESAS
111,MAU,13-Sep-22,11:25,JL,MESAS
112,MOZ,14-Sep-22,5:36,SK,MESAS
113,PUC,14-Sep-22,9:35,WEA,TENORI
114,PAL,14-Sep-22,12:05,WEA,TENORI
115,MEZ,14-Sep-22,12:26,JL,MESAS
116,MUL,14-Sep-22,13:17,JL,MESAS
117,TES,15-Sep-22,6:57,JL,TENORI
118,TOT,15-Sep-22,11:00,JL,TENORI
119,TSU,15-Sep-22,11:00,JL,TENORI
120,TAM,15-Sep-22,12:41,AW,TENORI
121,TER,15-Sep-22,12:39,AW,TENORI
122,TRU,20-Sep-22,11:08,JL,TENORI
123,THO,20-Sep-22,11:43,JL,TENORI
124,TEN,20-Sep-22,12:41,JL,TENORI
125,PAL,20-Sep-22,12:50,AW,TENORI
126,TES,20-Sep-22,12:56,JL,TENORI
127,TOT,20-Sep-22,12:59,JL,TENORI
128,TIN,21-Sep-22,10:45,AW,TENORI
129,PAL,21-Sep-22,14:28,WEA,TENORI
130,PAL,22-Sep-22,10:23,WEA,TENORI
131,PED,22-Sep-22,7:45,JL,TENORI
132,TAM,22-Sep-22,11:17,AW,TENORI
133,TRU,22-Sep-22,9:44,AW,TENORI
134,PIR,23-Sep-22,7:18,JCO,PALMAS
135,PIC,23-Sep-22,11:40,JCO,PALMAS
136,UJ,23-Sep-22,UK,JCO,PALMAS
137,TAB,23-Sep-22,13:26,AW,TENORI
138,TIQ,23-Sep-22,13:47,AW,TENORI
139,TER,23-Sep-22,9:55,JL,TENORI
140,PED,23-Sep-22,11:04,JL,TENORI
141,TAC,23-Sep-22,9:20,AW,TENORI
142,TET,23-Sep-22,11:02,JL,TENORI
143,TRU,23-Sep-22,15:36,JL,TENORI
144,PIN,26-Sep-22,10:49,JCO,PALMAS
145,PAT,28-Sep-22,9:15,JCO,PALMAS
146,PAP,28-Sep-22,9:49,JCO,PALMAS
147,PRU,28-Sep-22,9:59,JCO,PALMAS
148,PAC,27-Sep-22,6:35,AF,PALMAS
149,MAN,28-Sep-22,8:51,AW,MESAS
150,MON,28-Sep-22,9:50,AW,MESAS
151,MUL,28-Sep-22,9:09,AW,MESAS
152,MOZ,28-Sep-22,8:58,SK/EM,MESAS
153,MYK,28-Sep-22,13:11,JL,MESAS
154,MAY,29-Sep-22,8:42,JL,MESAS
155,MEZ,29-Sep-22,12:33,JL,MESAS
156,MOZ,29-Sep-22,12:01,JL,MESAS
157,MAN,29-Sep-22,12:47,JL,MESAS
158,MYK,29-Sep-22,14:23,JL,MESAS
159,PAP,30-Sep-22,9:12,SK,PALMAS
160,PAL,3-Oct-22,9:06,WEA,TENORI
161,TIQ,3-Oct-22,10:21,WEA,TENORI
162,THO,3-Oct-22,11:34,WEA,TENORI
163,TER,3-Oct-22,14:10,JL,TENORI
164,TAB,3-Oct-22,15:33,JL,TENORI
165,TOT,3-Oct-22,15:38,JL,TENORI
166,PED,3-Oct-22,16:18,JL,TENORI
167,TAN,3-Oct-22,15:45,JL,TENORI
168,TAM,4-Oct-22,8:40,AW,TENORI
169,TEN,4-Oct-22,13:20,JCO,TENORI
170,TAB,4-Oct-22,13:38,JCO,TENORI
171,TAC,4-Oct-22,13:47,JCO,TENORI
172,THO,4-Oct-22,14:22,JCO,TENORI
173,TRU,5-Oct-22,6:05,AW,TENORI
174,TAB,5-Oct-22,6:44,AW,TENORI
175,MOZ,5-Oct-22,12:50,AF,MESAS
176,TAM,5-Oct-22,13:54,SK,TENORI
177,PED,5-Oct-22,15:40,SK,TENORI
178,TIL,6-Oct-22,9:36,AW,TENORI
179,THO,6-Oct-22,10:04,AW,TENORI
180,TUA,6-Oct-22,9:53,WEA,TENORI
181,TES,6-Oct-22,10:23,AW,TENORI
182,TEN,6-Oct-22,9:53,AW,TENORI
183,MIL,6-Oct-22,8:10,EM,MESAS
184,MUS,6-Oct-22,13:12,JL,MESAS
185,MYK,6-Oct-22,14:17,JL,MESAS
186,MAU,6-Oct-22,14:27,JL,MESAS
187,TAM,6-Oct-22,15:38,AF,TENORI
188,MUL,7-Oct-22,8:23,JL,MESAS
189,MOS,7-Oct-22,9:37,JL,MESAS
190,MAY,7-Oct-22,7:47,JL,MESAS
191,TIL,7-Oct-22,9:33,JCO,TENORI
192,TIL,7-Oct-22,12:14,AW,TENORI
193,TSU,7-Oct-22,12:53,AW,TENORI
194,PED,7-Oct-22,9:15,AW,TENORI
195,TAB,7-Oct-22,10:23,JCO,TENORI
196,TAN,7-Oct-22,12:07,WEA,TENORI
197,MUL,10-Oct-22,11:06,WEA,MESAS
198,MEZ,10-Oct-22,17:06,JL,MESAS
199,MIL,10-Oct-22,16:43,JL,MESAS
200,MOZ,10-Oct-22,16:44,JL,MESAS
201,MIS,10-Oct-22,12:48,JL,MESAS
202,MAN,10-Oct-22,12:57,JL,MESAS
203,MOZ,11-Oct-22,12:09,AW,MESAS
204,MAN,11-Oct-22,6:03,JL,MESAS
205,MYK,11-Oct-22,11:09,JL,MESAS
206,MAU,11-Oct-22,15:36,SK,MESAS
207,MUL,11-Oct-22,16:48,SK,MESAS
208,MOW,12-Oct-22,9:47,JL,MESAS
209,MUL,12-Oct-22,5:56,AW,MESAS
210,MEZ,12-Oct-22,10:12,JL,MESAS
211,MIS,12-Oct-22,10:44,JL,MESAS
212,MON,12-Oct-22,10:01,JL,MESAS
213,MAN,12-Oct-22,9:40,AW,MESAS
214,MIL,12-Oct-22,10:27,JL,MESAS
215,MOS,12-Oct-22,9:20,JL,MESAS
216,MOZ,12-Oct-22,14:37,JCO,MESAS
217,MAY,12-Oct-22,15:03,JCO,MESAS
218,MYK,12-Oct-22,16:11,JCO,MESAS
219,PIR,13-Oct-22,9:05,LS,PALMAS
220,PIN,13-Oct-22,9:11,LS,PALMAS
221,MAY,13-Oct-22,9:36,AW,MESAS
222,MAN,13-Oct-22,8:50,JL,MESAS
223,MIS,13-Oct-22,8:48,JL,MESAS
224,MOZ,13-Oct-22,9:10,AW,MESAS
225,MAU,13-Oct-22,10:14,AW,MESAS
226,MYK,13-Oct-22,10:40,JL,MESAS
227,MUS,13-Oct-22,9:51,JL,MESAS
228,MIL,13-Oct-22,15:22,SK,MESAS
229,PER,14-Oct-22,6:26,JCO,PALMAS
230,PIN,14-Oct-22,7:00,JCO,PALMAS
231,MUL,14-Oct-22,9:40,WEA,MESAS
232,MOZ,14-Oct-22,8:38,SK,MESAS
233,MAU,14-Oct-22,13:19,AW,MESAS
234,MON,14-Oct-22,14:07,JL,MESAS
235,PLU,17-Oct-22,12:15,JCO,PALMAS
236,PEA,17-Oct-22,12:36,JCO,PALMAS
237,PAP,17-Oct-22,12:38,AF,PALMAS
238,PAC,18-Oct-22,11:12,JL,PALMAS
239,PED,18-Oct-22,10:49,AW,TENORI
240,PAP,19-Oct-22,7:58,JL,PALMAS
241,PET,19-Oct-22,10:19,JL,PALMAS
242,TAB,19-Oct-22,9:24,EM,TENORI
243,TES,19-Oct-22,11:57,EM,TENORI
244,TOT,19-Oct-22,11:00,EM,TENORI
245,TER,19-Oct-22,10:34,EM,TENORI
246,TRU,19-Oct-22,9:54,EM,TENORI
247,PEN,19-Oct-22,12:24,WEA,PALMAS
248,PED,19-Oct-22,14:23,AW,TENORI
249,TAM,19-Oct-22,14:36,AW,TENORI
250,TSU,19-Oct-22,16:55,AW,TENORI
251,TIQ,19-Oct-22,15:21,AW,TENORI
252,PAT,20-Oct-22,10:05,SK,PALMAS
253,TAB,20-Oct-22,11:45,AW,TENORI
254,PED,20-Oct-22,5:34,AW,TENORI
255,TIN,20-Oct-22,10:36,AW,TENORI
256,THO,20-Oct-22,11:51,JL,TENORI
257,TUA,20-Oct-22,11:39,AW,TENORI
258,TRU,20-Oct-22,14:01,EM,TENORI
259,TAB,20-Oct-22,14:00,EM,TENORI
260,TEM,20-Oct-22,14:01,EM,TENORI
261,TAN,20-Oct-22,15:33,EM,TENORI
262,TIQ,20-Oct-22,14:00,EM,TENORI
263,PED,21-Oct-22,8:29,AW,TENORI
264,PAP,21-Oct-22,11:39,JL,PALMAS
265,PIN,21-Oct-22,13:33,JL,PALMAS
266,TIN,24-Oct-22,12:14,AW,TENORI
267,THO,26-Oct-22,7:50,,TENORI
268,TIN,26-Oct-22,8:24,,TENORI
269,TRU,26-Oct-22,8:40,,TENORI
270,TOT,26-Oct-22,8:58,,TENORI
271,TAN,26-Oct-22,9:04,,TENORI
272,TER,26-Oct-22,16:34,JL,TENORI
273,TAM,26-Oct-22,11:27,AW,TENORI
274,TET,26-Oct-22,16:39,AW,TENORI
275,TEM,26-Oct-22,12:01,JL,TENORI
276,TES,26-Oct-22,16:20,AW,TENORI
277,PED,26-Oct-22,13:25,AW,TENORI
278,TIQ,26-Oct-22,12:15,JL,TENORI
279,TAN,28-Oct-22,11:35,JL,TENORI
280,TEM,28-Oct-22,13:40,JL,TENORI
281,TRU,28-Oct-22,8:10,JL,TENORI
282,TOT,28-Oct-22,12:00,AW,TENORI
283,PED,28-Oct-22,11:38,JL,TENORI
284,TES,28-Oct-22,9:57,JL,TENORI
285,TAB,28-Oct-22,10:52,JL,TENORI
286,TER,28-Oct-22,11:01,JL,TENORI
287,TAM,28-Oct-22,9:44,JL,TENORI
288,TIQ,28-Oct-22,7:52,JL,TENORI
289,TES,31-Oct-22,9:29,AW,TENORI
290,THO,31-Oct-22,12:51,AW,TENORI
291,TIN,31-Oct-22,11:58,AW,TENORI
292,PED,31-Oct-22,9:46,AW,TENORI
293,MUS,1-Nov-22,13:36,JL,MESAS
294,MOZ,1-Nov-22,11:54,JL,MESAS
295,MOS,1-Nov-22,12:41,JL,MESAS
296,PIC,1-Nov-22,10:29,,PALMAS
297,MYK,2-Nov-22,10:03,AW,MESAS
298,MOZ,2-Nov-22,9:10,AW,MESAS
299,MAN,2-Nov-22,6:19,AW,MESAS
300,MAY,2-Nov-22,9:48,AW,MESAS
301,MAU,2-Nov-22,7:15,AW,MESAS
302,MEZ,2-Nov-22,10:23,AW,MESAS
303,MIL,2-Nov-22,9:34,AW,MESAS
304,MYK,2-Nov-22,12:38,WEA,MESAS
305,MOZ,3-Nov-22,9:36,UN,MESAS
306,MIS,3-Nov-22,10:33,UN,MESAS
307,MON,3-Nov-22,5:53,UN,MESAS
308,MOS,3-Nov-22,12:30,UN,MESAS
309,MAN,4-Nov-22,11:02,UN,MESAS
310,PER,4-Nov-22,9:30,UN,PALMAS
311,PAT,4-Nov-22,10:27,UN,PALMAS
312,MAN,4-Nov-22,13:52,UN,MESAS
313,TAB,7-Nov-22,11:52,UN,TENORI
314,TAN,7-Nov-22,11:50,UN,TENORI
315,THO,7-Nov-22,11:43,UN,TENORI
316,PED,7-Nov-22,11:15,UN,TENORI
317,PIR,7-Nov-22,10:48,UN,PALMAS
318,TSU,8-Nov-22,12:15,UN,TENORI
319,TOT,8-Nov-22,8:25,UN,TENORI
320,TIL,8-Nov-22,10:50,UN,TENORI
321,TRU,8-Nov-22,11:56,UN,TENORI
322,PED,8-Nov-22,9:19,UN,TENORI
323,TAN,8-Nov-22,10:23,UN,TENORI
324,TER,8-Nov-22,8:04,JL,TENORI
325,TEM,8-Nov-22,15:59,AW,TENORI
326,TES,8-Nov-22,14:19,AW,TENORI
327,THO,8-Nov-22,14:35,AW,TENORI
328,TER,8-Nov-22,16:45,AW,TENORI
329,TET,8-Nov-22,16:53,AW,TENORI
330,TUA,8-Nov-22,14:07,AW,TENORI
331,TIQ,8-Nov-22,12:36,AW,TENORI
332,TOT,9-Nov-22,5:58,JCO,TENORI
333,PED,9-Nov-22,6:55,JCO,TENORI
334,PAP,10-Nov-22,9:33,JL,PALMAS
335,PEN,10-Nov-22,8:52,JL,PALMAS
336,PUM,10-Nov-22,9:46,JL,PALMAS
337,TIL,10-Nov-22,8:17,AW,TENORI
338,TSU,10-Nov-22,9:29,AW,TENORI
339,PED,10-Nov-22,9:39,AW,TENORI
340,TAM,11-Nov-22,10:05,AW,TENORI
341,TOT,11-Nov-22,10:00,AW,TENORI
342,THO,11-Nov-22,9:58,AW,TENORI
343,TIN,11-Nov-22,10:31,AW,TENORI
344,TRU,11-Nov-22,8:12,AW,TENORI
345,TAN,11-Nov-22,9:07,AW,TENORI
346,TAB,11-Nov-22,8:47,AW,TENORI
347,PET,11-Nov-22,12:16,JL,PALMAS
348,PAP,11-Nov-22,11:50,JL,PALMAS
349,TRU,14-Nov-22,10:36,JL,TENORI
350,TOT,14-Nov-22,10:23,JL,TENORI
351,TET,14-Nov-22,15:34,LS,TENORI
352,TES,14-Nov-22,16:18,LS,TENORI
353,TRU,15-Nov-22,10:00,AW,TENORI
354,TET,15-Nov-22,9:50,AW,TENORI
355,TAB,15-Nov-22,8:42,AW,TENORI
356,TAN,15-Nov-22,10:05,AW,TENORI
357,MIS,15-Nov-22,10:50,JL,MESAS
358,MON,15-Nov-22,8:41,JL,MESAS
359,MOZ,15-Nov-22,10:12,JL,MESAS
360,MEZ,15-Nov-22,8:28,JL,MESAS
361,MAY,15-Nov-22,10:43,JL,MESAS
362,MAN,15-Nov-22,9:09,JL,MESAS
363,MYK,15-Nov-22,10:45,JL,MESAS
364,MUL,15-Nov-22,11:55,JL,MESAS
365,MUS,15-Nov-22,9:15,JL,MESAS
366,TIQ,15-Nov-22,8:32,AW,TENORI
367,TAC,15-Nov-22,14:42,VM,TENORI
368,TIN,16-Nov-22,12:02,WEA,TENORI
369,TIQ,17-Nov-22,11:29,AM,TENORI
370,TRU,17-Nov-22,10:49,AM,TENORI
371,TAM,17-Nov-22,6:03,AM,TENORI
372,PED,17-Nov-22,8:58,AM,TENORI
373,TIL,17-Nov-22,10:38,AM,TENORI
374,TRO,17-Nov-22,11:52,AM,TENORI
375,THO,17-Nov-22,10:04,AM,TENORI
376,PRU,17-Nov-22,10:57,JL,PALMAS
377,PRI,17-Nov-22,10:28,JL,PALMAS
378,PLU,17-Nov-22,11:58,JL,PALMAS
379,PUR,17-Nov-22,11:51,JL,PALMAS
380,PAP,17-Nov-22,11:41,JL,PALMAS
381,TAN,17-Nov-22,13:08,VM,TENORI
382,TIN,17-Nov-22,13:27,VM,TENORI
383,TAC,18-Nov-22,12:23,LS,TENORI
384,TUA,18-Nov-22,11:49,AW,TENORI
385,TET,18-Nov-22,13:19,LS,TENORI
386,TOT,18-Nov-22,12:36,LS,TENORI
387,TIN,18-Nov-22,12:20,AW,TENORI
388,TAB,18-Nov-22,13:11,LS,TENORI
389,MOZ,21-Nov-22,11:32,JL,MESAS
390,PAP,21-Nov-22,15:14,ER,PALMAS
391,MAU,21-Nov-22,16:03,AW,MESAS
392,MOZ,22-Nov-22,10:44,JL,MESAS
393,MUS,22-Nov-22,9:02,JL,MESAS
394,MOS,22-Nov-22,11:03,AW,MESAS
395,MAY,22-Nov-22,10:19,AW,MESAS
396,MIL,22-Nov-22,10:34,JL,MESAS
397,MAU,22-Nov-22,6:50,AW,MESAS
398,MYK,22-Nov-22,9:22,JL,MESAS
399,MUL,22-Nov-22,10:38,AW,MESAS
400,MEZ,22-Nov-22,6:36,JL,MESAS
401,TES,22-Nov-22,6:37,VM,TENORI
402,TOT,22-Nov-22,8:50,VM,TENORI
403,TAN,22-Nov-22,9:57,VM,TENORI
404,TAB,22-Nov-22,9:33,VM,TENORI
405,MIL,23-Nov-22,8:44,ER,MESAS
406,MAY,23-Nov-22,8:50,MC,MESAS
407,MON,23-Nov-22,9:12,VM,MESAS
408,MYK,23-Nov-22,9:34,VM,MESAS
409,PAP,23-Nov-22,11:02,JCO,PALMAS
410,MOZ,23-Nov-22,13:08,AG,MESAS
411,MIS,23-Nov-22,14:29,AG,MESAS
412,MUL,23-Nov-22,12:11,EM,MESAS
413,MOZ,24-Nov-22,10:39,LS,MESAS
414,MAN,25-Nov-22,6:16,EM,MESAS
415,MOS,25-Nov-22,7:15,EM,MESAS
416,MAU,25-Nov-22,10:38,EM,MESAS
417,PRA,25-Nov-22,12:26,CIW,PALMAS
418,MEZ,28-Nov-22,15:52,AG,MESAS
419,MAU,29-Nov-22,9:16,LS,MESAS
420,PIR,30-Nov-22,10:00,LS,PALMAS
421,MON,30-Nov-22,12:20,MC,MESAS
422,MIL,30-Nov-22,12:35,MC,MESAS
423,MAN,1-Dec-22,8:55,MC,MESAS
424,MOZ,1-Dec-22,9:13,MC,MESAS
425,MAY,1-Dec-22,10:35,MC,MESAS
426,MEZ,1-Dec-22,13:18,AG,MESAS
427,MOW,1-Dec-22,13:58,AG,MESAS
428,MUL,1-Dec-22,12:17,AG,MESAS
429,MOZ,2-Dec-22,9:03,LS,MESAS
430,PIC,2-Dec-22,9:48,AG,PALMAS
431,MAY,2-Dec-22,11:35,CB,MESAS
432,PRI,5-Dec-22,11:51,JL,PALMAS
433,TET,5-Dec-22,10:50,CB,TENORI
434,TRU,5-Dec-22,12:40,CB,TENORI
435,TAM,5-Dec-22,12:35,CB,TENORI
436,TER,5-Dec-22,13:57,EM,TENORI
437,TUA,5-Dec-22,15:15,AG,TENORI
438,TEM,5-Dec-22,15:25,AG,TENORI
439,TAB,5-Dec-22,16:13,LS,TENORI
440,TIL,6-Dec-22,7:22,AG,TENORI
441,PUR,6-Dec-22,11:40,AW,PALMAS
442,PEA,6-Dec-22,14:29,AW,PALMAS
443,TES,6-Dec-22,15:47,JL,TENORI
444,TRU,6-Dec-22,12:21,JL,TENORI
445,TER,6-Dec-22,17:13,JL,TENORI
446,TOT,6-Dec-22,14:59,JL,TENORI
447,TEM,6-Dec-22,15:58,JL,TENORI
448,PED,6-Dec-22,15:59,LS,TENORI
449,TRO,6-Dec-22,12:50,JL,TENORI
450,TIN,6-Dec-22,15:57,JL,TENORI
451,TAN,6-Dec-22,12:14,JL,TENORI
452,TSU,7-Dec-22,16:30,AW,TENORI
453,TRU,8-Dec-22,10:45,AG,TENORI
454,TOT,8-Dec-22,11:39,AG,TENORI
455,TAN,8-Dec-22,9:41,AG,TENORI
456,PED,8-Dec-22,9:58,AG,TENORI
457,PED,8-Dec-22,8:39,AG,TENORI
458,PLU,8-Dec-22,14:09,JL,PALMAS
459,PIC,8-Dec-22,14:38,JL,PALMAS
460,TSU,8-Dec-22,13:28,AW,TENORI
461,TET,8-Dec-22,14:35,AW,TENORI
462,TIZ,8-Dec-22,14:08,AW,TENORI
463,TIN,8-Dec-22,15:49,AW,TENORI
464,TER,8-Dec-22,12:25,AW,TENORI
465,PED,9-Dec-22,8:17,AW,TENORI
466,TEM,9-Dec-22,11:14,AW,TENORI
467,PEN,9-Dec-22,12:12,JL,PALMAS
468,PUM,9-Dec-22,11:21,JL,PALMAS
469,PIN,9-Dec-22,12:10,JL,PALMAS
470,PEA,9-Dec-22,10:56,JL,PALMAS
471,PAP,9-Dec-22,11:57,JL,PALMAS
472,PET,9-Dec-22,10:38,JL,PALMAS
473,PIM,9-Dec-22,9:37,JL,PALMAS
474,TIQ,9-Dec-22,16:15,CB,TENORI
475,THO,9-Dec-22,14:50,CB,TENORI
476,MYK,12-Dec-22,11:25,JL,MESAS
477,MUS,12-Dec-22,12:38,JL,MESAS
478,MEZ,12-Dec-22,12:28,JL,MESAS
479,MIS,12-Dec-22,11:37,JL,MESAS
480,MUL,12-Dec-22,11:14,JL,MESAS
481,MAU,12-Dec-22,12:44,JL,MESAS
482,MOZ,12-Dec-22,12:25,JL,MESAS
483,MIL,12-Dec-22,11:58,JL,MESAS
484,TET,12-Dec-22,10:58,AG,TENORI
485,TAN,12-Dec-22,11:47,LW,TENORI
486,TIN,12-Dec-22,11:55,AG,TENORI
487,MAN,12-Dec-22,15:26,AW,MESAS
488,MAY,12-Dec-22,16:00,AW,MESAS
489,MOS,12-Dec-22,16:12,AW,MESAS
490,TES,13-Dec-22,6:13,VM,TENORI
491,MON,13-Dec-22,9:38,AW,MESAS
492,MEZ,13-Dec-22,10:54,AW,MESAS
493,MYK,13-Dec-22,9:44,AW,MESAS
494,MAN,13-Dec-22,8:30,AW,MESAS
495,MAU,13-Dec-22,13:33,AG,MESAS
496,MIL,13-Dec-22,12:57,JL,MESAS
497,MUL,13-Dec-22,14:03,JL,MESAS
498,MUS,13-Dec-22,13:43,JL,MESAS
499,MOZ,13-Dec-22,13:28,JL,MESAS
500,TET,13-Dec-22,12:57,MC,TENORI
501,TAC,13-Dec-22,13:40,MC,TENORI
502,TRU,13-Dec-22,14:20,MC,TENORI
503,TSU,14-Dec-22,11:27,CIW,TENORI
504,TAM,14-Dec-22,11:48,CIW,TENORI
505,TIN,14-Dec-22,13:17,AW,TENORI
506,TIZ,14-Dec-22,12:29,AW,TENORI
507,TOT,14-Dec-22,13:00,AW,TENORI
508,TER,14-Dec-22,14:28,AW,TENORI
509,TUA,14-Dec-22,13:50,AW,TENORI
510,MYK,14-Dec-22,12:32,JL,MESAS
511,MOZ,14-Dec-22,12:30,JL,MESAS
512,MON,14-Dec-22,12:58,JL,MESAS
513,MUL,14-Dec-22,14:59,JL,MESAS
514,MIL,14-Dec-22,12:14,JL,MESAS
515,MAY,14-Dec-22,16:54,JL,MESAS
516,MOS,14-Dec-22,13:30,JL,MESAS
517,MEZ,14-Dec-22,16:00,JL,MESAS
518,MOZ,15-Dec-22,9:12,EM,MESAS
519,MYK,15-Dec-22,9:29,EM,MESAS
520,MAY,15-Dec-22,9:31,EM,MESAS
521,MAN,15-Dec-22,10:08,EM,MESAS
522,MOS,15-Dec-22,10:00,LS,MESAS
523,MIL,15-Dec-22,11:23,EM,MESAS
524,TAB,15-Dec-22,12:02,AW,TENORI
525,MUS,15-Dec-22,15:00,CB,MESAS
526,TRU,15-Dec-22,14:55,VM,TENORI
527,TRO,15-Dec-22,12:22,VM,TENORI
528,TUA,15-Dec-22,13:25,VM,TENORI
529,MEZ,16-Dec-22,7:35,JCO,MESAS
530,MAU,16-Dec-22,9:05,JCO,MESAS
531,MAN,16-Dec-22,9:43,JCO,MESAS
532,PED,16-Dec-22,8:28,EM,TENORI
533,TIL,16-Dec-22,9:05,EM,TENORI
534,TIQ,16-Dec-22,9:42,EM,TENORI
535,MYK,16-Dec-22,12:09,LS,MESAS
536,TEM,16-Dec-22,10:56,AW,TENORI
537,TOB,16-Dec-22,12:00,AW,TENORI
538,TAC,16-Dec-22,10:38,AW,TENORI
539,PIC,19-Dec-22,8:31,AG,PALMAS
540,PEA,19-Dec-22,11:37,AG,PALMAS
541,PRU,19-Dec-22,11:15,JL,PALMAS
542,PIN,19-Dec-22,11:29,AG,PALMAS
543,PRI,19-Dec-22,10:26,AQ,PALMAS
544,PUR,19-Dec-22,11:14,JL,PALMAS
545,PIM,19-Dec-22,11:01,JL,PALMAS
546,PIR,19-Dec-22,10:48,JL,PALMAS
547,PIP,20-Dec-22,11:48,AW,PALMAS
548,PET,20-Dec-22,11:55,AW,PALMAS
549,PEN,20-Dec-22,11:51,JL,PALMAS
550,PLU,20-Dec-22,10:45,JL,PALMAS
551,MAN,20-Dec-22,8:50,AG,MESAS
552,MUL,20-Dec-22,7:49,EM,MESAS
553,MOZ,20-Dec-22,9:00,EM,MESAS
554,MIS,20-Dec-22,8:56,EM,MESAS
555,MOS,20-Dec-22,8:46,EM,MESAS
556,MON,20-Dec-22,8:40,MC,MESAS
557,MUS,20-Dec-22,9:09,EM,MESAS
558,MAN,20-Dec-22,16:14,CB,MESAS
559,MOS,21-Dec-22,6:50,JL,MESAS
560,MIL,21-Dec-22,7:44,JL,MESAS
561,MAN,21-Dec-22,6:11,JL,MESAS
562,MEZ,21-Dec-22,8:25,JL,MESAS
563,MAY,21-Dec-22,11:22,JL,MESAS
564,MYK,21-Dec-22,7:02,JL,MESAS
565,MAU,21-Dec-22,9:20,JL,MESAS
566,MUL,21-Dec-22,10:18,JL,MESAS
567,MOZ,21-Dec-22,8:18,JL,MESAS
568,MON,21-Dec-22,9:08,JL,MESAS
569,PED,22-Dec-22,8:08,AG,TENORI
570,PER,22-Dec-22,9:42,JCO,PALMAS
571,TSU,27-Dec-22,11:20,JL,TENORI
572,TAM,27-Dec-22,9:18,JL,TENORI
573,PED,27-Dec-22,8:51,JL,TENORI
574,TRU,27-Dec-22,8:30,JL,TENORI
575,TIZ,29-Dec-22,9:58,JL,TENORI
576,THO,29-Dec-22,9:19,JL,TENORI
577,TIL,29-Dec-22,10:27,JL,TENORI
578,TAN,29-Dec-22,10:39,JL,TENORI
579,TIQ,29-Dec-22,10:50,JL,TENORI
580,TIN,29-Dec-22,10:43,JL,TENORI
581,TAB,29-Dec-22,9:54,JL,TENORI
582,TES,29-Dec-22,9:30,JL,TENORI
583,TIN,2-Jan-23,11:06,JL,TENORI
584,TAC,2-Jan-23,11:47,JL,TENORI
585,TEM,2-Jan-23,12:50,JL,TENORI
586,TUA,2-Jan-23,11:49,JL,TENORI
587,TOT,2-Jan-23,11:39,JL,TENORI
588,TET,2-Jan-23,12:30,JL,TENORI
589,TER,2-Jan-23,10:41,JL,TENORI
590,TRO,2-Jan-23,12:20,JCO,TENORI
591,TRU,2-Jan-23,11:14,JL,TENORI
592,TAN,2-Jan-23,11:31,JL,TENORI
593,TIL,2-Jan-23,11:00,JL,TENORI
594,PAC,3-Jan-23,11:18,JL,PALMAS
596,PET,4-Jan-23,9:32,LS,PALMAS
597,PER,4-Jan-23,12:11,LS,PALMAS
598,PAP,4-Jan-23,13:40,MC,PALMAS
599,PIC,4-Jan-23,12:40,MC,PALMAS
600,PUR,4-Jan-23,13:10,MC,PALMAS
601,PIM,4-Jan-23,15:00,MC,PALMAS
602,PUM,4-Jan-23,12:30,MC,PALMAS
603,PAC,4-Jan-23,16:00,MC,PALMAS
604,PED,5-Jan-23,10:35,MC,PALMAS
605,PED,5-Jan-23,13:29,LW,PALMAS
606,TOB,6-Jan-23,10:26,JL,TENORI
607,TAN,6-Jan-23,9:16,JL,TENORI
608,TIZ,6-Jan-23,7:57,JL,TENORI
609,TSU,6-Jan-23,7:42,JL,TENORI
610,TAB,6-Jan-23,9:01,JL,TENORI
611,TIL,6-Jan-23,8:46,JL,TENORI
612,TIQ,6-Jan-23,10:43,JL,TENORI
613,TES,6-Jan-23,11:02,JL,TENORI
614,TRO,6-Jan-23,11:18,AG,TENORI
615,TEM,9-Jan-23,9:55,AG,TENORI
616,TUA,9-Jan-23,11:45,AG,TENORI
617,MAU,9-Jan-23,9:43,AW,MESAS
618,MUL,9-Jan-23,10:01,AW,MESAS
619,MON,9-Jan-23,10:26,AW,MESAS
620,MYK,9-Jan-23,9:59,AW,MESAS
621,MON,9-Jan-23,10:48,AW,MESAS
622,MUS,9-Jan-23,11:19,AW,MESAS
623,MIL,9-Jan-23,9:21,AW,MESAS
624,MOZ,9-Jan-23,10:44,AW,MESAS
625,MIS,9-Jan-23,10:48,AW,MESAS
626,MAN,9-Jan-23,9:14,AW,MESAS
627,MEZ,9-Jan-23,10:55,AW,MESAS
628,PAC,9-Jan-23,12:40,JL,PALMAS
629,PIR,9-Jan-23,13:42,JL,PALMAS
630,PIN,9-Jan-23,12:15,JL,PALMAS
631,MOS,9-Jan-23,14:24,EM,MESAS
632,MOS,10-Jan-23,8:54,VM,MESAS
633,TIN,10-Jan-23,10:22,JL,TENORI
634,TIQ,10-Jan-23,10:46,JL,TENORI
635,TER,10-Jan-23,8:11,JL,TENORI
636,PED,10-Jan-23,7:28,JL,TENORI
637,TSU,10-Jan-23,8:45,JL,TENORI
638,TRO,10-Jan-23,10:31,JL,TENORI
639,TOB,10-Jan-23,11:45,JL,TENORI
640,TOT,10-Jan-23,11:15,JL,TENORI
641,PLU,10-Jan-23,16:00,AW,PALMAS
642,MUL,10-Jan-23,15:28,EM,MESAS
643,PIR,11-Jan-23,10:25,JL,PALMAS
644,MIL,11-Jan-23,6:57,EM,MESAS
645,MIS,11-Jan-23,9:40,EM,MESAS
646,MUS,11-Jan-23,6:57,EM,MESAS
647,PIZ,11-Jan-23,14:00,JCO,PALMAS
648,PRU,11-Jan-23,13:11,JCO,PALMAS
649,MYK,11-Jan-23,13:40,MC,MESAS
650,MAU,11-Jan-23,12:55,MC,MESAS
651,MAN,11-Jan-23,12:50,MC,MESAS
652,MEZ,12-Jan-23,9:02,MC,MESAS
653,MOW,12-Jan-23,10:05,MC,MESAS
654,MUS,12-Jan-23,6:15,MC,MESAS
655,MAN,12-Jan-23,10:30,MC,MESAS
656,MON,12-Jan-23,10:55,MC,MESAS
657,MAY,12-Jan-23,8:15,MC,MESAS
658,TAC,12-Jan-23,8:34,JL,TENORI
659,TES,12-Jan-23,11:12,JL,TENORI
660,TAN,12-Jan-23,9:42,JL,TENORI
661,TAM,12-Jan-23,8:45,JL,TENORI
662,TIL,12-Jan-23,11:48,JL,TENORI
663,MOZ,12-Jan-23,13:26,AW,MESAS
664,MUL,12-Jan-23,12:41,AW,MESAS
665,MOS,12-Jan-23,12:21,AW,MESAS
666,PUR,13-Jan-23,10:30,JL,PALMAS
667,PED,16-Jan-23,9:48,AW,TENORI
668,TRU,16-Jan-23,13:58,VM,TENORI
669,TET,17-Jan-23,11:47,AW,TENORI
670,TES,17-Jan-23,11:22,AW,TENORI
671,TAB,17-Jan-23,7:33,AW,TENORI
672,TUA,17-Jan-23,14:34,VM,TENORI
673,TIZ,18-Jan-23,10:58,AW,TENORI
674,TRO,18-Jan-23,11:30,AW,TENORI
675,TIL,18-Jan-23,10:40,AW,TENORI
676,TER,18-Jan-23,9:00,AW,TENORI
677,TAC,18-Jan-23,11:10,AW,TENORI
678,TEM,18-Jan-23,9:18,EM,TENORI
679,TIN,18-Jan-23,14:18,VM,TENORI
680,MAU,20-Jan-23,7:08,EM,MESAS
681,MON,20-Jan-23,6:20,VM,MESAS
682,TES,20-Jan-23,9:48,AW,TENORI
683,TSU,20-Jan-23,10:25,AW,TENORI
684,TAN,20-Jan-23,10:45,AW,TENORI
685,TIQ,20-Jan-23,8:40,AW,TENORI
686,TES,21-Jan-23,7:16,VM,TENORI
687,PIR,23-Jan-23,7:16,AW,PALMAS
688,MOW,25-Jan-23,15:28,AW,MESAS
689,MIS,25-Jan-23,17:14,AW,MESAS
690,MOS,25-Jan-23,17:35,AW,MESAS
691,MON,25-Jan-23,17:24,AW,MESAS
692,MUS,25-Jan-23,17:00,AW,MESAS
693,MAN,25-Jan-23,16:10,AW,MESAS
694,MOZ,25-Jan-23,16:00,AW,MESAS
695,MIL,26-Jan-23,8:20,AW,MESAS
696,MAY,26-Jan-23,10:59,AW,MESAS
697,MEZ,26-Jan-23,6:12,AW,MESAS
698,MUL,26-Jan-23,7:44,AW,MESAS
699,MAU,26-Jan-23,17:50,JL,MESAS
700,MYK,26-Jan-23,12:50,JL,MESAS
701,MOW,26-Jan-23,12:38,JL,MESAS
702,MIS,26-Jan-23,15:10,JL,MESAS
703,MOZ,26-Jan-23,15:14,JL,MESAS
704,TUA,27-Jan-23,8:25,JL,TENORI
705,TAM,27-Jan-23,10:03,JL,TENORI
706,TAN,27-Jan-23,9:46,JL,TENORI
707,TIQ,27-Jan-23,8:29,JL,TENORI
708,TIZ,27-Jan-23,7:27,JL,TENORI
709,TRO,27-Jan-23,8:49,JL,TENORI
710,TOT,27-Jan-23,7:02,JL,TENORI
711,MOZ,27-Jan-23,10:25,AW,MESAS
712,TES,30-Jan-23,9:21,VM,TENORI
713,TAB,30-Jan-23,12:09,VM,TENORI
714,PED,30-Jan-23,13:20,AW,TENORI
715,TRU,30-Jan-23,17:08,AW,TENORI
716,PRA,31-Jan-23,10:58,AW,PALMAS
717,PET,31-Jan-23,9:00,AW,PALMAS
718,TAN,31-Jan-23,7:38,CB,TENORI
719,TIN,31-Jan-23,14:22,JL,TENORI
720,TES,31-Jan-23,12:34,JL,TENORI
721,TER,31-Jan-23,14:01,JL,TENORI
722,TIL,31-Jan-23,13:20,JL,TENORI
723,TIZ,1-Feb-23,13:07,JL,TENORI
724,PED,1-Feb-23,12:09,JL,TENORI
725,TUA,1-Feb-23,15:05,AW,TENORI
726,TEM,1-Feb-23,12:25,AW,TENORI
727,TER,1-Feb-23,12:42,JL,TENORI
728,TOT,1-Feb-23,15:10,AW,TENORI
729,TSU,1-Feb-23,14:57,AW,TENORI
730,TRO,1-Feb-23,12:50,AW,TENORI
731,TAB,1-Feb-23,12:57,JL,TENORI
732,TET,1-Feb-23,13:14,JL,TENORI
733,TAM,1-Feb-23,14:48,JL,TENORI
734,TRU,1-Feb-23,12:39,JL,TENORI
735,TAC,1-Feb-23,17:23,JL,TENORI
736,TSU,2-Feb-23,7:08,AW,TENORI
737,PRI,2-Feb-23,10:10,JL,PALMAS
738,PLU,2-Feb-23,8:46,JL,PALMAS
739,TAM,3-Feb-23,10:03,AW,TENORI
740,TES,3-Feb-23,10:00,EM,TENORI
741,TRO,3-Feb-23,12:05,AW,TENORI
742,TAB,3-Feb-23,9:14,AW,TENORI
743,PED,3-Feb-23,12:10,AW,TENORI
744,MYK,6-Feb-23,10:07,JL,MESAS
745,MOZ,6-Feb-23,9:08,JL,MESAS
746,MIS,6-Feb-23,9:35,JL,MESAS
747,MAY,6-Feb-23,9:59,JL,MESAS
748,PED,6-Feb-23,11:40,CIW,TENORI
749,MAN,6-Feb-23,16:09,LS,MESAS
750,TSU,6-Feb-23,15:20,MC,TENORI
751,TRU,6-Feb-23,16:45,MC,TENORI
752,TAM,7-Feb-23,10:40,AW,TENORI
753,MOW,7-Feb-23,11:30,JL,MESAS
754,MIL,7-Feb-23,10:38,JL,MESAS
755,MOS,7-Feb-23,10:10,JL,MESAS
756,MON,7-Feb-23,6:08,JL,MESAS
757,MEZ,7-Feb-23,9:15,JL,MESAS
758,MUL,7-Feb-23,11:24,JL,MESAS
759,MAU,7-Feb-23,11:07,JL,MESAS
760,TES,7-Feb-23,16:35,MC,TENORI
761,TRU,7-Feb-23,15:40,MC,TENORI
762,MUS,8-Feb-23,9:35,EM,MESAS
763,TIL,8-Feb-23,7:31,JL,TENORI
764,TER,8-Feb-23,9:55,AW,TENORI
765,TIZ,8-Feb-23,12:00,JL,TENORI
766,TRO,8-Feb-23,12:35,JCO,TENORI
767,MUL,9-Feb-23,6:15,MC,MESAS
768,MOS,9-Feb-23,6:30,MC,MESAS
769,MIL,9-Feb-23,12:00,MC,MESAS
770,MOZ,9-Feb-23,16:10,AW,MESAS
771,MOW,9-Feb-23,15:54,AW,MESAS
772,MYK,9-Feb-23,14:05,AW,MESAS
773,MEZ,9-Feb-23,15:12,AW,MESAS
774,MAN,9-Feb-23,14:53,AW,MESAS
775,MON,9-Feb-23,13:00,AW,MESAS
776,MAY,9-Feb-23,15:46,AW,MESAS
777,MIS,9-Feb-23,12:30,AW,MESAS
778,TOT,9-Feb-23,13:55,JL,TENORI
779,TAB,9-Feb-23,15:34,JL,TENORI
780,TEM,9-Feb-23,14:23,JL,TENORI
781,TIQ,9-Feb-23,13:34,JL,TENORI
782,TAN,9-Feb-23,12:43,JL,TENORI
783,TIN,9-Feb-23,15:57,JL,TENORI
784,TRO,10-Feb-23,10:46,JCO,TENORI
785,TOT,10-Feb-23,10:58,JCO,TENORI
786,TSU,10-Feb-23,14:00,AW,TENORI
787,TOB,10-Feb-23,14:54,AW,TENORI
788,TES,10-Feb-23,14:38,AW,TENORI
789,TET,10-Feb-23,11:22,AW,TENORI
790,PED,10-Feb-23,13:30,AW,TENORI
791,MUS,10-Feb-23,15:44,CB,MESAS
792,PLU,13-Feb-23,16:19,AW,PALMAS
793,MUL,14-Feb-23,9:30,AW,MESAS
794,MEZ,14-Feb-23,6:00,LS,MESAS
795,MAU,14-Feb-23,5:56,JL,MESAS
796,MIL,14-Feb-23,5:59,JL,MESAS
797,MYK,15-Feb-23,9:30,LS,MESAS
798,MON,15-Feb-23,11:20,LS,MESAS
799,PIC,15-Feb-23,11:27,JL,PALMAS
800,PUM,15-Feb-23,9:22,JL,PALMAS
801,MOS,15-Feb-23,13:35,AW,MESAS
802,MOZ,15-Feb-23,14:30,AW,MESAS
803,MUL,16-Feb-23,9:35,AW,MESAS
804,MIL,16-Feb-23,9:43,AW,MESAS
805,MEZ,16-Feb-23,10:54,AW,MESAS
806,MAN,16-Feb-23,8:49,AW,MESAS
807,PUR,16-Feb-23,10:42,JL,PALMAS
808,PIR,17-Feb-23,12:57,EM,PALMAS
809,PEN,17-Feb-23,15:09,EM,PALMAS
810,TSU,20-Feb-23,16:53,JL,TENORI
811,TIN,20-Feb-23,15:23,JL,TENORI
812,TRO,20-Feb-23,15:44,JL,TENORI
813,TER,20-Feb-23,13:55,JL,TENORI
814,TAM,20-Feb-23,13:55,JL,TENORI
815,PED,20-Feb-23,16:26,JL,TENORI
816,TES,20-Feb-23,15:20,JL,TENORI
817,TIL,20-Feb-23,14:56,JL,TENORI
818,TIZ,20-Feb-23,13:13,JL,TENORI
819,PUM,21-Feb-23,7:42,JL,PALMAS
820,PIC,21-Feb-23,8:15,JL,PALMAS
821,PET,21-Feb-23,8:30,JL,PALMAS
822,PLU,21-Feb-23,7:00,JL,PALMAS
823,PLA,21-Feb-23,9:12,JL,PALMAS
824,PUR,21-Feb-23,7:54,JL,PALMAS
825,PED,21-Feb-23,15:45,AW,TENORI
826,TUR,21-Feb-23,17:00,AW,TENORI
827,TAB,21-Feb-23,15:34,AW,TENORI
828,PEN,21-Feb-23,15:04,AW,TENORI
829,TAN,22-Feb-23,9:53,AW,TENORI
830,TRU,22-Feb-23,9:10,AW,TENORI
831,TIN,22-Feb-23,10:59,AW,TENORI
832,TIZ,22-Feb-23,6:29,AW,TENORI
833,TER,22-Feb-23,10:38,AW,TENORI
834,TES,22-Feb-23,10:15,AW,TENORI
835,TRO,22-Feb-23,6:12,AW,TENORI
836,TUC,22-Feb-23,9:22,AW,TENORI
837,TIQ,22-Feb-23,13:09,JL,TENORI
838,TAB,22-Feb-23,14:42,JL,TENORI
839,TOB,22-Feb-23,15:02,JL,TENORI
840,TOT,22-Feb-23,13:30,JL,TENORI
841,TUA,22-Feb-23,13:15,JL,TENORI
842,TET,22-Feb-23,14:31,JL,TENORI
843,TAC,22-Feb-23,12:50,JL,TENORI
844,TSU,22-Feb-23,9:00,JL,TENORI
845,TAM,22-Feb-23,11:03,JL,TENORI
846,PIC,23-Feb-23,16:16,JL,PALMAS
847,PEA,24-Feb-23,10:15,JL,PALMAS
848,PRU,24-Feb-23,10:31,JL,PALMAS
849,PIR,24-Feb-23,6:52,JL,PALMAS
850,PRI,24-Feb-23,8:45,JL,PALMAS
851,PED,24-Feb-23,10:48,CB,TENORI
852,TUR,24-Feb-23,7:56,VM,TENORI
853,TIZ,24-Feb-23,8:17,CB,TENORI
854,TIQ,24-Feb-23,8:40,CB,TENORI
855,TES,24-Feb-23,8:00,CB,TENORI
856,TRU,27-Feb-23,9:40,MC,TENORI
857,TAN,27-Feb-23,10:50,MC,TENORI
858,TSU,27-Feb-23,12:30,JCO,TENORI
859,MIL,27-Feb-23,11:09,AW,MESAS
860,MON,27-Feb-23,10:35,AW,MESAS
861,MYK,27-Feb-23,10:00,AW,MESAS
862,MAN,27-Feb-23,11:10,EM,MESAS
863,MOS,27-Feb-23,12:28,AW,MESAS
864,MIS,27-Feb-23,11:36,AW,MESAS
865,MUS,27-Feb-23,11:04,AW,MESAS
866,MOZ,27-Feb-23,8:30,AW,MESAS
867,TIN,27-Feb-23,15:30,JL,TENORI
868,TRO,27-Feb-23,15:54,JL,TENORI
869,TET,27-Feb-23,14:47,JL,TENORI
870,TIZ,27-Feb-23,13:41,JL,TENORI
871,TOT,27-Feb-23,13:08,JL,TENORI
872,TEM,28-Feb-23,8:13,EM,TENORI
873,PED,28-Feb-23,8:47,EM,TENORI
874,TAN,28-Feb-23,8:54,EM,TENORI
875,TUA,28-Feb-23,11:15,EM,TENORI
876,TER,28-Feb-23,13:50,CB,TENORI
877,TAC,1-Mar-23,10:37,JCO,TENORI
878,TIL,1-Mar-23,9:23,JCO,TENORI
879,MUL,1-Mar-23,8:00,AW,MESAS
880,MEZ,1-Mar-23,11:28,AW,MESAS
881,MAY,1-Mar-23,8:59,AW,MESAS
882,MYK,1-Mar-23,13:00,MC,MESAS
883,TAB,1-Mar-23,14:26,VM,TENORI
884,MAU,2-Mar-23,7:44,JCO,MESAS
885,MOS,2-Mar-23,8:41,JCO,MESAS
886,MUS,2-Mar-23,8:50,JCO,MESAS
887,MOZ,2-Mar-23,9:46,JCO,MESAS
888,MIS,2-Mar-23,11:36,JCO,MESAS
889,TES,2-Mar-23,10:11,JL,TENORI
890,TSU,2-Mar-23,9:50,JL,TENORI
891,TIN,2-Mar-23,8:52,JL,TENORI
892,TAM,2-Mar-23,10:26,JL,TENORI
893,TRO,2-Mar-23,7:19,JL,TENORI
894,TOT,2-Mar-23,15:05,EM,TENORI
895,MIL,2-Mar-23,17:25,AW,MESAS
896,MAN,2-Mar-23,16:57,AW,MESAS
897,MON,3-Mar-23,8:25,CB,MESAS
898,MUL,3-Mar-23,8:43,CB,MESAS
899,MIS,3-Mar-23,10:00,CB,MESAS
900,MAY,3-Mar-23,10:22,CB,MESAS
901,PED,3-Mar-23,8:56,JL,TENORI
902,TAN,3-Mar-23,8:19,JL,TENORI
903,TUA,3-Mar-23,9:36,JL,TENORI
904,TIL,3-Mar-23,10:42,JL,TENORI
905,TRO,3-Mar-23,8:41,JL,TENORI
906,MEZ,3-Mar-23,13:10,AW,MESAS
907,MAN,3-Mar-23,14:31,AW,MESAS
908,MYK,3-Mar-23,13:37,AW,MESAS
909,TOB,6-Mar-23,15:54,AW,TENORI
910,TER,6-Mar-23,16:29,AW,TENORI
911,TRU,6-Mar-23,16:00,AW,TENORI
912,TAB,7-Mar-23,8:20,CB,TENORI
913,TIQ,7-Mar-23,8:40,CB,TENORI
914,TIN,7-Mar-23,9:23,VM,TENORI
915,PED,7-Mar-23,10:05,VM,TENORI
916,PAP,7-Mar-23,5:52,JL,PALMAS
917,PIC,7-Mar-23,11:21,JL,PALMAS
918,PLU,7-Mar-23,11:30,JL,PALMAS
919,TES,7-Mar-23,12:37,AW,TENORI
920,TET,7-Mar-23,15:39,AW,TENORI
921,PIR,7-Mar-23,13:26,JCO,PALMAS
922,PAC,7-Mar-23,15:11,JCO,PALMAS
923,PIN,7-Mar-23,14:46,JCO,PALMAS
924,PET,7-Mar-23,13:41,JCO,PALMAS
925,TRU,8-Mar-23,7:20,VM,TENORI
926,TSU,8-Mar-23,13:10,LS,TENORI
927,TIL,8-Mar-23,17:04,LS,TENORI
928,TER,8-Mar-23,16:24,LS,TENORI
929,PAP,9-Mar-23,9:10,JL,PALMAS
930,PIC,9-Mar-23,11:57,JL,PALMAS
931,PRU,9-Mar-23,9:06,JL,PALMAS
932,PET,9-Mar-23,9:25,JL,PALMAS
933,PRI,9-Mar-23,9:00,JL,PALMAS
934,TOB,9-Mar-23,10:51,AW,TENORI
935,PED,9-Mar-23,8:53,AW,TENORI
936,TAM,9-Mar-23,8:25,AW,TENORI
937,PAT,10-Mar-23,10:01,AW,PALMAS
938,PIR,10-Mar-23,9:58,AW,PALMAS
939,TSU,10-Mar-23,10:18,JCO,TENORI
940,TUA,10-Mar-23,10:11,JCO,TENORI
941,TER,10-Mar-23,9:10,JCO,TENORI
942,TAC,10-Mar-23,9:49,JCO,TENORI
943,TRO,10-Mar-23,10:56,JCO,TENORI
944,TAB,10-Mar-23,10:00,JCO,TENORI
945,TOT,10-Mar-23,13:14,JL,TENORI
946,TRU,10-Mar-23,12:03,JL,TENORI
947,TET,10-Mar-23,14:47,JL,TENORI
948,TEM,10-Mar-23,12:33,JL,TENORI
949,TAN,10-Mar-23,13:30,JL,TENORI
950,TES,10-Mar-23,11:43,JL,TENORI
951,TEM,13-Mar-23,9:33,AW,TENORI
952,TET,13-Mar-23,9:38,AW,TENORI
953,TOB,13-Mar-23,8:55,AW,TENORI
954,TER,13-Mar-23,9:31,AW,TENORI
955,TOT,13-Mar-23,8:26,AW,TENORI
956,MEZ,13-Mar-23,12:03,JL,MESAS
957,MUL,13-Mar-23,11:27,JL,MESAS
958,MUS,13-Mar-23,11:12,JL,MESAS
959,MIL,13-Mar-23,9:29,JL,MESAS
960,MAU,14-Mar-23,10:05,MC,MESAS
961,MOS,14-Mar-23,10:48,MC,MESAS
962,MOZ,14-Mar-23,11:05,MC,MESAS
963,PED,14-Mar-23,15:40,CB,TENORI
964,MIL,14-Mar-23,13:08,EM,MESAS
965,MYK,14-Mar-23,14:42,EM,MESAS
966,MOS,14-Mar-23,16:42,EM,MESAS
967,MUS,15-Mar-23,10:27,AW,MESAS
968,MAN,15-Mar-23,10:29,CB,MESAS
969,MEZ,15-Mar-23,11:20,AW,MESAS
970,TIQ,15-Mar-23,5:59,JL,TENORI
971,TOT,15-Mar-23,9:35,JL,TENORI
972,TUA,15-Mar-23,9:32,JL,TENORI
973,TIZ,15-Mar-23,10:46,JL,TENORI
974,TRO,15-Mar-23,10:02,JL,TENORI
975,TRU,15-Mar-23,11:33,JL,TENORI
976,TIL,15-Mar-23,8:50,JL,TENORI
977,TSU,15-Mar-23,12:01,EM,MESAS
978,MAN,16-Mar-23,8:41,JL,MESAS
979,MOZ,16-Mar-23,11:28,JL,MESAS
980,MON,16-Mar-23,8:11,JL,MESAS
981,TIN,16-Mar-23,7:51,AW,TENORI
982,TER,16-Mar-23,8:59,AW,TENORI
983,TAN,16-Mar-23,8:48,AW,TENORI
984,TAC,16-Mar-23,9:37,AW,TENORI
985,TUA,16-Mar-23,12:43,CB,TENORI
986,TAB,16-Mar-23,13:57,EM,TENORI
987,MUS,16-Mar-23,16:13,VM,MESAS
988,MIS,16-Mar-23,17:16,VM,MESAS
989,MIL,17-Mar-23,8:00,JCO,MESAS
990,MUS,17-Mar-23,14:09,JL,MESAS
991,MON,17-Mar-23,11:39,JL,MESAS
992,MEZ,17-Mar-23,14:03,JL,MESAS
993,MOZ,17-Mar-23,11:21,JL,MESAS
994,MOS,17-Mar-23,11:45,JL,MESAS
995,MUL,17-Mar-23,12:14,JL,MESAS
996,MIS,17-Mar-23,13:55,JL,MESAS
997,MYK,17-Mar-23,12:12,JL,MESAS
998,MOZ,20-Mar-23,10:50,MC,MESAS
999,MIL,20-Mar-23,10:55,MC,MESAS
1000,PIR,20-Mar-23,16:00,JL,PALMAS
1001,MOS,20-Mar-23,14:03,AW,MESAS
1002,MAY,20-Mar-23,15:36,AW,MESAS
1003,MAU,20-Mar-23,15:49,AW,MESAS
1004,MUL,20-Mar-23,13:49,AW,MESAS
1005,MYK,20-Mar-23,16:08,AW,MESAS
1006,MEZ,20-Mar-23,14:22,AW,MESAS
1007,PAT,21-Mar-23,10:50,EM,PALMAS
1008,PER,21-Mar-23,12:50,JCO,PALMAS
1009,PUR,21-Mar-23,12:46,AW,PALMAS
1010,PIC,21-Mar-23,12:47,AW,PALMAS
1011,PRA,21-Mar-23,12:52,AW,PALMAS
1012,PEA,21-Mar-23,15:53,AW,PALMAS
1013,PLU,21-Mar-23,16:23,AW,PALMAS
1014,MUS,21-Mar-23,13:35,CB,MESAS
1015,MUL,21-Mar-23,15:00,CB,MESAS
1016,MAY,21-Mar-23,15:45,CB,MESAS
1017,MAN,21-Mar-23,17:45,CB,MESAS
1018,MUS,22-Mar-23,7:23,AW,MESAS
1019,MEZ,22-Mar-23,7:10,AW,MESAS
1020,MUL,22-Mar-23,7:31,AW,MESAS
1021,MON,22-Mar-23,7:57,AW,MESAS
1022,MIS,22-Mar-23,8:16,AW,MESAS
1023,MYK,22-Mar-23,8:47,AW,MESAS
1024,MIL,22-Mar-23,7:16,AW,MESAS
1025,PIN,22-Mar-23,14:26,JL,PALMAS
1026,PLA,22-Mar-23,14:44,JL,PALMAS
1027,PIM,22-Mar-23,14:06,JL,PALMAS
1028,PEN,22-Mar-23,14:00,JL,PALMAS
1029,MOZ,22-Mar-23,14:54,MC,MESAS
1030,MOS,22-Mar-23,16:17,CB,MESAS
1031,PAP,23-Mar-23,10:53,EM,PALMAS
1032,PEN,23-Mar-23,11:07,EM,PALMAS
1033,PEA,23-Mar-23,16:58,AW,PALMAS
1034,TES,24-Mar-23,11:32,JCO,TENORI
1035,TRO,24-Mar-23,6:56,AW,TENORI
1036,TEM,24-Mar-23,7:05,AW,TENORI
1037,TAB,24-Mar-23,10:23,JL,TENORI
1038,TAM,24-Mar-23,10:57,JL,TENORI
1039,TSU,24-Mar-23,7:31,JL,TENORI
1040,TRU,24-Mar-23,8:21,JL,TENORI
1041,PUR,24-Mar-23,6:56,JCO,PALMAS
1042,PED,28-Mar-23,7:00,AW,TENORI
1043,TES,28-Mar-23,8:49,AW,TENORI
1044,TOT,28-Mar-23,7:12,AW,TENORI
1045,TEM,28-Mar-23,7:29,AW,TENORI
1046,PRA,28-Mar-23,7:23,JCO,PALMAS
1047,TRU,28-Mar-23,12:07,JL,TENORI
1048,TIN,28-Mar-23,16:02,JL,TENORI
1049,PIZ,29-Mar-23,15:38,JCO,PALMAS
1050,PET,29-Mar-23,12:35,JCO,PALMAS
1051,PIM,29-Mar-23,15:14,JCO,PALMAS
1052,PIN,30-Mar-23,7:43,JCO,PALMAS
1053,PIM,30-Mar-23,10:32,JCO,PALMAS
1054,TIZ,30-Mar-23,13:15,CB,TENORI
1055,TIL,30-Mar-23,16:25,CB,TENORI
1056,TOT,30-Mar-23,16:30,CB,TENORI
1057,TET,31-Mar-23,7:30,VM,TENORI
1058,TER,31-Mar-23,7:45,VM,TENORI
1059,TAN,31-Mar-23,8:30,MC,TENORI
1060,PED,3-Apr-23,16:14,EM,TENORI
1061,TIN,3-Apr-23,15:15,LS,TENORI
1062,TER,3-Apr-23,16:06,CB,TENORI
1063,TEM,3-Apr-23,15:30,LS,TENORI
1064,TER,4-Apr-23,11:00,AW,TENORI
1065,MIS,4-Apr-23,12:46,JL,MESAS
1066,MOZ,4-Apr-23,11:44,JL,MESAS
1067,MUL,4-Apr-23,15:11,JL,MESAS
1068,MUS,4-Apr-23,12:26,JL,MESAS
1069,MYK,4-Apr-23,10:57,JL,MESAS
1070,MIL,4-Apr-23,10:43,JL,MESAS
1071,TOB,4-Apr-23,13:45,VM,TENORI
1072,TES,4-Apr-23,14:25,VM,TENORI
1073,TET,4-Apr-23,15:40,VM,TENORI
1074,TEM,4-Apr-23,17:00,VM,TENORI
1075,MIL,5-Apr-23,8:45,AW,MESAS
1076,MOZ,5-Apr-23,11:17,AW,MESAS
1077,MUS,5-Apr-23,6:43,AW,MESAS
1078,MAY,5-Apr-23,8:43,AW,MESAS
1079,MUL,5-Apr-23,7:07,AW,MESAS
1080,TIL,5-Apr-23,9:05,JL,TENORI
1081,TRO,5-Apr-23,9:54,JL,TENORI
1082,PED,5-Apr-23,9:39,JL,TENORI
1083,TOT,5-Apr-23,9:20,JL,TENORI
1084,TER,5-Apr-23,7:54,JL,TENORI
1085,TRU,5-Apr-23,9:45,JL,TENORI
1086,TIN,5-Apr-23,9:12,JL,TENORI
1087,TES,5-Apr-23,12:38,EM,TENORI
1088,TIQ,5-Apr-23,15:04,EM,TENORI
1089,TUA,5-Apr-23,12:51,EM,TENORI
1090,TER,6-Apr-23,9:10,VM,TENORI
1091,PED,6-Apr-23,9:50,VM,TENORI
1092,TAM,6-Apr-23,10:10,VM,TENORI
1093,MOS,6-Apr-23,10:10,AW,MESAS
1094,MAY,6-Apr-23,7:33,AW,MESAS
1095,MIS,6-Apr-23,13:04,JL,MESAS
1096,MON,6-Apr-23,12:30,JL,MESAS
1097,MEZ,7-Apr-23,9:05,AW,MESAS
1098,MOZ,7-Apr-23,8:40,AW,MESAS
1099,MIL,7-Apr-23,8:43,AW,MESAS
1100,MOW,7-Apr-23,9:58,AW,MESAS
1101,MUS,7-Apr-23,8:39,AW,MESAS
1102,TUC,7-Apr-23,11:56,JL,TENORI
1103,TRU,7-Apr-23,11:06,JL,TENORI
1104,TAN,7-Apr-23,10:30,JL,TENORI
1105,TAB,7-Apr-23,11:00,JL,TENORI
1106,TES,7-Apr-23,10:37,JL,TENORI
1107,TET,7-Apr-23,12:54,JL,TENORI
1108,TIZ,7-Apr-23,13:01,JL,TENORI
1109,TEM,7-Apr-23,13:14,JL,TENORI
1110,TOT,10-Apr-23,8:51,AW,TENORI
1111,TAB,10-Apr-23,10:47,AW,TENORI
1112,TIL,10-Apr-23,10:07,AW,TENORI
1113,TER,10-Apr-23,12:16,AW,TENORI
1114,TRO,10-Apr-23,8:26,AW,TENORI
1115,TIN,10-Apr-23,9:09,AW,TENORI
1116,TUA,10-Apr-23,9:45,AW,TENORI
1117,TOB,10-Apr-23,9:47,AW,TENORI
1118,TRU,10-Apr-23,11:47,AW,TENORI
1119,PED,10-Apr-23,9:30,AW,TENORI
1120,PAT,11-Apr-23,9:20,EM,PALMAS
1121,TAN,11-Apr-23,9:25,VM,TENORI
1122,TSU,11-Apr-23,11:50,VM,TENORI
1123,PEN,11-Apr-23,16:22,AW,PALMAS
1124,PAP,11-Apr-23,14:40,AW,PALMAS
1125,PET,11-Apr-23,17:05,AW,PALMAS
1126,PAC,11-Apr-23,13:38,JL,PALMAS
1127,PRI,11-Apr-23,17:36,AW,PALMAS
1128,PIN,11-Apr-23,12:50,JL,PALMAS
1129,PEA,11-Apr-23,14:51,JL,PALMAS
1130,PIZ,12-Apr-23,11:27,EM,PALMAS
1131,TIL,12-Apr-23,8:50,AW,TENORI
1132,TOB,12-Apr-23,6:44,AW,TENORI
1133,TUR,12-Apr-23,10:25,AW,TENORI
1134,TEM,12-Apr-23,8:18,AW,TENORI
1135,TUA,12-Apr-23,7:44,AW,TENORI
1136,PED,12-Apr-23,10:36,AW,TENORI
1137,TIN,12-Apr-23,11:42,AW,TENORI
1138,TIQ,12-Apr-23,10:28,AW,TENORI
1139,TAC,12-Apr-23,7:28,AW,TENORI
1140,PUM,12-Apr-23,17:44,JL,PALMAS
1141,PIM,12-Apr-23,14:01,JL,PALMAS
1142,PAC,12-Apr-23,11:59,JL,PALMAS
1143,PLU,12-Apr-23,12:46,JL,PALMAS
1144,PIR,12-Apr-23,12:54,JL,PALMAS
1145,PIC,12-Apr-23,12:29,JL,PALMAS
1146,PER,12-Apr-23,15:13,JL,PALMAS
1147,PUR,13-Apr-23,10:05,CIW,PALMAS
1148,PRA,13-Apr-23,11:59,CIW,PALMAS
1149,PED,13-Apr-23,13:30,VM,TENORI
1150,PAC,13-Apr-23,14:00,EM,PALMAS
1151,PUM,13-Apr-23,15:03,EM,PALMAS
1152,PAC,14-Apr-23,10:51,JL,PALMAS
1153,PEA,14-Apr-23,6:07,JL,PALMAS
1154,PEN,14-Apr-23,9:51,JL,PALMAS
1155,TIZ,14-Apr-23,9:11,AW,TENORI
1156,TER,14-Apr-23,9:18,AW,TENORI
1157,TES,14-Apr-23,7:49,AW,TENORI
1158,TRO,14-Apr-23,9:19,JCO,TENORI
1159,PAN,14-Apr-23,10:11,EM,PALMAS
1160,PEN,14-Apr-23,10:05,EM,PALMAS
1161,PLU,17-Apr-23,10:19,EM,PALMAS
1162,PRU,17-Apr-23,12:05,EM,PALMAS
1163,PAP,17-Apr-23,12:09,EM,PALMAS
1164,MOZ,17-Apr-23,14:54,AW,MESAS
1165,MIL,17-Apr-23,14:01,AW,MESAS
1166,MUS,17-Apr-23,17:44,AW,MESAS
1167,MYK,18-Apr-23,6:24,EM,MESAS
1168,TAN,18-Apr-23,8:55,AW,TENORI
1169,PET,18-Apr-23,10:48,AW,PALMAS
1170,TSU,18-Apr-23,10:15,AW,TENORI
1171,PRI,18-Apr-23,10:37,AW,PALMAS
1172,TIL,18-Apr-23,7:21,AW,TENORI
1173,TER,18-Apr-23,8:45,JL,TENORI
1174,TRU,18-Apr-23,10:10,JL,TENORI
1175,TEM,18-Apr-23,10:19,JL,TENORI
1176,TIN,18-Apr-23,9:11,JL,TENORI
1177,PLA,18-Apr-23,6:38,JL,PALMAS
1178,MUS,18-Apr-23,8:04,EM,MESAS
1179,MIS,18-Apr-23,7:38,EM,MESAS
1180,MAY,18-Apr-23,13:35,CB,MESAS
1181,MIS,19-Apr-23,16:08,EM,MESAS
1182,PED,20-Apr-23,7:32,EM,TENORI
1183,PAT,20-Apr-23,9:04,CIW,PALMAS
1184,MOZ,20-Apr-23,8:46,LS,MESAS
1185,MUS,20-Apr-23,8:50,LS,MESAS
1186,MUL,20-Apr-23,12:40,AW,MESAS
1187,MON,20-Apr-23,14:07,AW,MESAS
1188,MYK,20-Apr-23,12:23,AW,MESAS
1189,MOS,20-Apr-23,12:56,AW,MESAS
1190,MEZ,20-Apr-23,15:40,AW,MESAS
1191,MON,21-Apr-23,8:43,CB,MESAS
1192,MOS,21-Apr-23,10:51,AW,MESAS
1193,MUS,21-Apr-23,11:57,AW,MESAS
1194,MIL,21-Apr-23,13:12,AW,MESAS
1195,MIS,21-Apr-23,11:02,AW,MESAS
1196,MAY,21-Apr-23,13:29,AW,MESAS
1197,TUR,24-Apr-23,13:03,AW,TENORI
1198,TAN,24-Apr-23,12:16,AW,TENORI
1199,TUA,24-Apr-23,10:24,LS,TENORI
1200,TES,24-Apr-23,12:52,AW,TENORI
1201,TRU,24-Apr-23,12:58,AW,TENORI
1202,TAM,24-Apr-23,10:57,AW,TENORI
1203,TER,24-Apr-23,12:52,AW,TENORI
1204,TET,24-Apr-23,10:51,AW,TENORI
1205,TIL,24-Apr-23,10:52,AW,TENORI
1206,TOB,24-Apr-23,10:28,AW,TENORI
1207,TSU,24-Apr-23,11:15,AW,TENORI
1208,PAP,24-Apr-23,13:59,EM,PALMAS
1209,PAT,24-Apr-23,14:06,EM,PALMAS
1210,PEN,24-Apr-23,14:37,EM,PALMAS
1211,PRU,25-Apr-23,7:10,MC,PALMAS
1212,PET,25-Apr-23,8:35,MC,PALMAS
1213,TAN,25-Apr-23,7:50,VM,TENORI
1214,TOT,25-Apr-23,8:55,VM,TENORI
1215,PRA,25-Apr-23,14:05,EM,PALMAS
1216,TIQ,26-Apr-23,7:17,TIQ,TENORI
1217,PLU,26-Apr-23,7:35,PLU,PALMAS
1218,PAP,26-Apr-23,7:18,PAP,PALMAS
1219,PEA,26-Apr-23,9:05,PEA,PALMAS
1220,PRU,26-Apr-23,7:55,PRU,PALMAS
1221,PAT,26-Apr-23,6:42,PAT,PALMAS
1222,PEN,27-Apr-23,11:54,EM,PALMAS
1223,PEA,27-Apr-23,8:35,EM,PALMAS
1224,TAM,27-Apr-23,11:28,JL,TENORI
1225,TUA,27-Apr-23,11:40,JL,TENORI
1226,TIL,27-Apr-23,7:58,JL,TENORI
1227,TOB,27-Apr-23,8:12,AW,TENORI
1228,PIX,27-Apr-23,12:40,MC,PALMAS
1229,PAC,27-Apr-23,13:00,MC,PALMAS
1230,PED,28-Apr-23,6:20,VM,TENORI
1231,TIZ,28-Apr-23,7:10,VM,TENORI
1232,TOT,28-Apr-23,8:50,VM,TENORI
1233,TRU,28-Apr-23,12:03,AW,TENORI
1234,TRO,28-Apr-23,12:29,AW,TENORI
1235,TAB,28-Apr-23,10:49,JL,TENORI
1236,TAC,28-Apr-23,11:38,AW,TENORI
1237,TEM,28-Apr-23,11:40,JL,TENORI
1239,MAU,2-May-23,10:35,LS,MESAS
1240,PIN,3-May-23,16:50,CIW,PALMAS
1241,PAP,3-May-23,16:55,CIW,PALMAS
1242,MOZ,3-May-23,17:49,AW,MESAS
1243,MOS,4-May-23,15:23,AW,MESAS
1244,MUL,4-May-23,13:44,JL,MESAS
1245,MEZ,4-May-23,12:01,JL,MESAS
1246,MAY,4-May-23,17:07,JL,MESAS
1247,MUS,4-May-23,15:53,JL,MESAS
1248,MIS,4-May-23,16:51,JL,MESAS
1249,MIL,4-May-23,14:56,JL,MESAS
1250,MYK,4-May-23,17:38,AW,MESAS
1251,PAP,5-May-23,9:56,EM,PALMAS
1252,PLA,5-May-23,10:04,EM,PALMAS
1253,PLU,5-May-23,10:06,EM,PALMAS
1254,PLU,8-May-23,10:12,EM,PALMAS
1255,TIZ,8-May-23,12:17,JL,TENORI
1256,TER,8-May-23,12:31,JL,TENORI
1257,TAN,8-May-23,11:17,JL,TENORI
1258,TOB,8-May-23,12:38,JL,TENORI
1259,TSU,8-May-23,12:05,JL,TENORI
1260,TIN,8-May-23,12:20,JL,TENORI
1261,PED,8-May-23,11:59,JL,TENORI
1262,TEM,8-May-23,10:46,JL,TENORI
1263,MOS,8-May-23,15:09,AW,MESAS
1264,MAY,8-May-23,16:35,AW,MESAS
1265,TAM,9-May-23,10:17,EM,TENORI
1266,TAB,9-May-23,11:01,EM,TENORI
1267,TUA,9-May-23,14:27,LS,TENORI
1268,TER,9-May-23,15:40,LS,TENORI
1269,TES,9-May-23,15:35,LS,TENORI
1270,MIL,9-May-23,13:50,CB,MESAS
1271,MAY,9-May-23,16:23,CB,MESAS
1272,MOZ,10-May-23,7:05,VM,MESAS
1273,MIS,10-May-23,7:25,VM,MESAS
1274,MOW,10-May-23,10:00,ER,MESAS
1275,MIS,10-May-23,10:00,MC,MESAS
1276,TET,10-May-23,13:24,JL,TENORI
1277,PED,10-May-23,14:59,JL,TENORI
1278,TRU,10-May-23,14:29,AW,TENORI
1279,TRO,10-May-23,12:43,JL,TENORI
1280,TOT,10-May-23,15:39,AW,TENORI
1281,TSU,10-May-23,8:36,LS,TENORI
1282,TIL,10-May-23,8:30,LS,TENORI
1283,MYK,10-May-23,14:50,CB,MESAS
1284,MON,10-May-23,16:10,CB,MESAS
1285,MIS,11-May-23,9:59,JL,MESAS
1286,MIL,11-May-23,9:05,JL,MESAS
1287,MOR,11-May-23,11:00,JL,MESAS
1288,MUL,11-May-23,6:15,JL,MESAS
1289,MAY,11-May-23,9:21,JL,MESAS
1290,PIR,11-May-23,6:19,JCO,PALMAS
1291,PAP,11-May-23,6:32,JCO,PALMAS
1292,PAT,11-May-23,10:32,JCO,PALMAS
1293,MON,11-May-23,13:26,AW,MESAS
1294,MOS,11-May-23,11:59,AW,MESAS
1295,MOR,11-May-23,13:43,AW,MESAS
1296,MUS,11-May-23,13:28,AW,MESAS
1297,PIC,12-May-23,7:29,JCO,PALMAS
1298,MOS,12-May-23,11:26,AW,MESAS
1299,MAY,12-May-23,15:37,AW,MESAS
1300,MUS,12-May-23,14:48,AW,MESAS
1301,MOZ,12-May-23,13:42,AW,MESAS
1302,PIR,12-May-23,14:00,CB,PALMAS
1303,MOS,15-May-23,11:33,MC,MESAS
1304,MUS,15-May-23,14:27,JCO,MESAS
1305,MUL,15-May-23,14:48,JCO,MESAS
1306,MUL,16-May-23,6:35,CB,MESAS
1307,MOS,16-May-23,9:51,CB,MESAS
1308,MYK,16-May-23,13:15,AW,MESAS
1309,MAY,16-May-23,11:55,AW,MESAS
1310,MIS,16-May-23,16:50,AW,MESAS
1311,MON,16-May-23,12:07,AW,MESAS
1312,MIL,16-May-23,13:15,AW,MESAS
1313,MOW,17-May-23,6:46,MC,MESAS
1314,MUS,17-May-23,9:56,VM,MESAS
1315,MYK,17-May-23,10:20,MC,MESAS
1316,MUL,17-May-23,11:20,MC,MESAS
1317,PAP,17-May-23,10:23,EM,PALMAS
1318,MIL,17-May-23,12:52,CB,MESAS
1319,MYK,17-May-23,15:29,CB,MESAS
1320,MAY,17-May-23,16:22,JCO,MESAS
1321,MUL,18-May-23,14:11,CB,MESAS
1322,MIL,18-May-23,12:50,CB,MESAS
1323,PIR,19-May-23,7:34,EM,PALMAS
1324,TES,22-May-23,12:43,EM,TENORI
1325,MON,22-May-23,11:18,LS,MESAS
1326,MIS,22-May-23,11:22,LS,MESAS
1327,MIL,23-May-23,6:45,MC,MESAS
1328,MON,23-May-23,8:45,MC,MESAS
1329,MUL,23-May-23,11:13,MC,MESAS
1330,PED,23-May-23,13:09,JL,TENORI
1331,TAM,23-May-23,14:43,JL,TENORI
1332,TIQ,23-May-23,14:40,JL,TENORI
1333,TRU,23-May-23,14:44,JL,TENORI
1334,TAN,24-May-23,14:45,CB,TENORI
1335,TIQ,24-May-23,15:56,CB,TENORI
1336,TOB,25-May-23,14:38,JL,TENORI
1337,TAB,29-May-23,9:50,AW,TENORI
1338,TIN,29-May-23,12:10,AW,TENORI
1339,TEM,29-May-23,11:40,AW,TENORI
1340,TAN,29-May-23,12:20,AW,TENORI
1341,TIQ,29-May-23,11:20,AW,TENORI
1342,TIL,29-May-23,12:54,AW,TENORI
1343,PED,29-May-23,11:29,AW,TENORI
1344,TER,29-May-23,12:28,AW,TENORI
1345,TUA,29-May-23,10:45,AW,TENORI
1346,TRU,29-May-23,11:29,AW,TENORI
1347,TOT,29-May-23,11:51,AW,TENORI
1348,PIN,29-May-23,14:31,JL,PALMAS
1349,PRI,29-May-23,15:24,JL,PALMAS
1350,PIZ,29-May-23,14:31,JL,PALMAS
1351,PET,29-May-23,16:42,JL,PALMAS
1352,PRA,29-May-23,14:45,JL,PALMAS
1353,PAC,29-May-23,17:18,JL,PALMAS
1354,PIM,29-May-23,14:34,JL,PALMAS
1355,PLU,29-May-23,14:47,JL,PALMAS
1356,PER,29-May-23,14:21,JL,PALMAS
1357,TET,29-May-23,14:06,NG,TENORI
1358,TIZ,29-May-23,13:24,NG,TENORI
1359,PIC,30-May-23,7:39,AW,PALMAS
1360,TAM,30-May-23,13:59,JL,TENORI
1361,TRO,30-May-23,14:08,JL,TENORI
1362,TAN,31-May-23,11:00,VM,TENORI
1363,TES,31-May-23,11:30,VM,TENORI
1364,TEM,1-Jun-23,9:00,AW,TENORI
1365,TRU,1-Jun-23,10:15,AW,TENORI
1366,TOB,1-Jun-23,9:47,AW,TENORI
1367,MOS,5-Jun-23,8:17,EM,MESAS
1368,MYK,5-Jun-23,10:03,EM,MESAS
1369,PED,5-Jun-23,13:16,JL,TENORI
1370,MUL,5-Jun-23,13:17,AW,MESAS
1371,MIL,5-Jun-23,13:56,AW,MESAS
1372,MUS,5-Jun-23,13:47,AW,MESAS
1373,MIS,5-Jun-23,14:04,AW,MESAS
1374,TOT,6-Jun-23,9:30,JL,TENORI
1375,TUA,6-Jun-23,9:26,JL,TENORI
1376,PED,6-Jun-23,9:10,JL,TENORI
1377,TSU,6-Jun-23,6:57,JL,TENORI
1378,TAN,6-Jun-23,8:42,JL,TENORI
1379,TER,6-Jun-23,10:30,JL,TENORI
1380,MIS,6-Jun-23,15:15,AW,MESAS
1381,MIL,6-Jun-23,12:10,AW,MESAS
1382,MUS,6-Jun-23,14:47,AW,MESAS
1383,TRU,7-Jun-23,8:36,AW,TENORI
1384,TAB,7-Jun-23,10:23,AW,TENORI
1385,TAC,8-Jun-23,15:27,JL,TENORI
1386,TOT,8-Jun-23,12:33,JL,TENORI
1387,TES,8-Jun-23,14:41,JL,TENORI
1388,MOW,8-Jun-23,13:04,CB,MESAS
1389,MIL,8-Jun-23,13:24,CB,MESAS
1390,MON,8-Jun-23,14:50,CB,MESAS
1391,MAY,8-Jun-23,14:55,CB,MESAS
1392,MUL,8-Jun-23,15:00,CB,MESAS
1393,MON,9-Jun-23,9:57,AW,MESAS
1394,MYK,9-Jun-23,10:05,AW,MESAS
1395,TOT,9-Jun-23,11:15,CIW,TENORI
1396,PIC,12-Jun-23,13:46,JCO,PALMAS
1397,PIM,12-Jun-23,16:50,JCO,PALMAS
1398,PET,12-Jun-23,17:08,JCO,PALMAS
1399,TUA,12-Jun-23,14:27,AW,TENORI
1400,TIN,12-Jun-23,16:38,AW,TENORI
1401,TER,13-Jun-23,8:28,AW,TENORI
1402,TIQ,13-Jun-23,9:46,AW,TENORI
1403,TIZ,13-Jun-23,7:17,AW,TENORI
1404,TET,13-Jun-23,10:06,AW,TENORI
1405,TUR,13-Jun-23,11:22,AW,TENORI
1406,PED,13-Jun-23,7:57,AW,TENORI
1407,TAM,13-Jun-23,7:29,AW,TENORI
1408,TEM,13-Jun-23,8:38,AW,TENORI
1409,TIL,13-Jun-23,8:53,AW,TENORI
1410,TAB,13-Jun-23,11:23,AW,TENORI
1411,TRU,13-Jun-23,9:03,AW,TENORI
1412,PRU,14-Jun-23,8:22,EM,PALMAS
1413,PEA,14-Jun-23,9:40,JL,PALMAS
1414,TSU,14-Jun-23,9:13,JCO,TENORI
1415,TSU,15-Jun-23,12:30,VM,TENORI
1416,PED,15-Jun-23,13:30,MP,TENORI
1417,TAB,15-Jun-23,13:55,MP,TENORI
1418,TIL,15-Jun-23,14:00,MP,TENORI
1419,MIL,19-Jun-23,9:36,EM,MESAS
1420,MON,19-Jun-23,9:51,EM,MESAS
1421,MUL,19-Jun-23,10:28,EM,MESAS
1422,MAY,19-Jun-23,9:46,EM,MESAS
1423,PRI,19-Jun-23,15:55,JL,PALMAS
1424,PEN,19-Jun-23,14:52,JL,PALMAS
1425,PAP,19-Jun-23,14:55,JL,PALMAS
1426,PUR,14-Jun-23,13:03,JL,PALMAS
1427,MAY,19-Jun-23,14:54,LS,MESAS
1428,MIS,19-Jun-23,17:10,LS,MESAS
1429,PIR,20-Jun-23,8:17,EM,PALMAS
1430,PAP,20-Jun-23,10:30,EM,PALMAS
1431,PLU,20-Jun-23,12:00,EM,PALMAS
1432,PER,20-Jun-23,15:14,CW,PALMAS
1433,PET,20-Jun-23,16:26,LC,PALMAS
1434,PIN,20-Jun-23,13:49,JL,PALMAS
1435,PEA,20-Jun-23,15:44,JL,PALMAS
1436,PEN,20-Jun-23,16:03,JL,PALMAS
1437,PRU,20-Jun-23,13:12,JL,PALMAS
1438,PRA,20-Jun-23,14:22,JL,PALMAS
1439,MOS,21-Jun-23,10:45,EM,MESAS
1440,MYK,21-Jun-23,14:05,AW,MESAS
1441,MOW,12-May-23,11:18,AW,MESAS
1442,MOR,15-May-23,11:49,JL,MESAS
1443,PIR,22-Jun-23,10:28,CW,PALMAS
1444,MAY,22-Jun-23,9:17,AW,MESAS
1445,MYK,22-Jun-23,10:35,AW,MESAS
1446,MIS,22-Jun-23,8:40,AW,MESAS
1447,MOS,22-Jun-23,7:15,AW,MESAS
1448,MON,22-Jun-23,7:00,AW,MESAS
1449,MIL,22-Jun-23,6:24,AW,MESAS
1450,PRA,22-Jun-23,9:40,JL,PALMAS
1451,PER,22-Jun-23,12:23,Other,PALMAS
1452,PAC,22-Jun-23,12:40,Other,PALMAS
1453,PIN,22-Jun-23,14:56,Other,PALMAS
1454,MOW,23-Jun-23,11:07,Other,MESAS
1455,MOS,23-Jun-23,10:44,Other,MESAS
1456,MIS,23-Jun-23,9:52,Other,MESAS
1457,MIL,23-Jun-23,10:45,Other,MESAS
1458,PED,26-Jun-23,10:49,Other,TENORI
1459,TRU,26-Jun-23,12:35,Other,TENORI
1460,TAN,26-Jun-23,12:57,AW,TENORI
1461,TIN,28-Jun-23,8:20,MC,TENORI
1462,TIL,28-Jun-23,13:33,AW,TENORI
1463,TOB,28-Jun-23,13:09,AW,TENORI
1464,TOT,28-Jun-23,13:22,CIW,TENORI
1465,TAC,28-Jun-23,14:29,AW,TENORI
1466,TIZ,28-Jun-23,15:34,AW,TENORI
1467,TSU,28-Jun-23,15:20,AW,TENORI
1468,PED,29-Jun-23,8:42,AW,TENORI
1469,TES,29-Jun-23,6:51,AW,TENORI
1470,TEM,29-Jun-23,7:52,AW,TENORI
1471,TRU,29-Jun-23,9:27,AW,TENORI
1472,PEA,29-Jun-23,10:46,MC,PALMAS
1473,MIL,3-Jul-23,9:00,CB,MESAS
1474,MON,3-Jul-23,9:45,CB,MESAS
1475,MIS,4-Jul-23,9:18,EM,MESAS
1476,MYK,4-Jul-23,10:14,EM,MESAS
1477,PRA,4-Jul-23,8:11,CIW,PALMAS
1478,PRI,4-Jul-23,9:42,CIW,PALMAS
1479,PIC,4-Jul-23,12:05,CIW,PALMAS
1480,PIR,4-Jul-23,10:55,CIW,PALMAS
1481,MUL,4-Jul-23,12:20,MP,MESAS
1482,MOC,5-Jul-23,11:10,AW,MESAS
1483,MUS,5-Jul-23,11:45,AW,MESAS
1484,MON,5-Jul-23,14:25,EM,MESAS
1485,MAY,6-Jul-23,6:46,EM,MESAS
1486,MOS,6-Jul-23,7:39,EM,MESAS
1487,MUL,6-Jul-23,11:41,EM,MESAS
1488,MEP,10-Jul-23,10:04,EM,MESAS
1489,PED,10-Jul-23,11:27,AW,TENORI
1490,TAN,10-Jul-23,11:59,AW,TENORI
1491,TIZ,10-Jul-23,13:38,VM,TENORI
1492,TAC,10-Jul-23,14:45,VM,TENORI
1493,TAM,10-Jul-23,15:50,VM,TENORI
1494,PED,11-Jul-23,9:46,AW,TENORI
1495,MOJ,11-Jul-23,7:11,VM,MESAS
1496,MIS,11-Jul-23,6:33,CB,MESAS
1497,MOW,11-Jul-23,8:00,VM,MESAS
1498,MIL,11-Jul-23,7:00,CB,MESAS
1499,MAY,11-Jul-23,8:25,CB,MESAS
1500,MUL,11-Jul-23,15:12,EM,MESAS
1501,MEP,12-Jul-23,6:53,EM,MESAS
1502,MUS,12-Jul-23,8:05,EM,MESAS
1503,MAY,12-Jul-23,9:30,EM,MESAS
1504,MOJ,12-Jul-23,8:03,EM,MESAS
1505,TRO,12-Jul-23,9:00,AW,TENORI
1506,TIN,12-Jul-23,9:21,AW,TENORI
1507,TER,12-Jul-23,10:12,AW,TENORI
1508,TSU,12-Jul-23,7:44,AW,TENORI
1509,TOB,12-Jul-23,9:43,AW,TENORI
1510,MUS,12-Jul-23,13:26,JCO,MESAS
1511,MON,13-Jul-23,10:57,AW,MESAS
1512,MOJ,13-Jul-23,9:44,AW,MESAS
1513,MIL,13-Jul-23,14:23,EM,MESAS
1514,MEX,13-Jul-23,14:33,EM,MESAS
1515,MOC,13-Jul-23,15:13,EM,MESAS
1516,PED,13-Jul-23,12:50,CB,TENORI
1517,TER,14-Jul-23,11:49,CB,TENORI
1518,TIL,14-Jul-23,13:07,AW,TENORI
1519,TIN,14-Jul-23,13:40,AW,TENORI
1520,TER,17-Jul-23,14:52,AW,TENORI
1521,PIC,18-Jul-23,8:50,AF,PALMAS
1522,TEM,18-Jul-23,7:49,AW,TENORI
1523,TOT,18-Jul-23,8:44,AW,TENORI
1524,PIM,18-Jul-23,15:08,EM,PALMAS
1525,PUR,18-Jul-23,12:38,EM,PALMAS
1526,PAP,19-Jul-23,12:20,EM,PALMAS
1527,PLA,19-Jul-23,14:00,EM,PALMAS
1528,PIR,19-Jul-23,15:50,EM,PALMAS
1529,PIR,20-Jul-23,6:45,VM,PALMAS
1530,PAP,20-Jul-23,8:56,VM,PALMAS
1531,PEA,20-Jul-23,9:31,JCO,PALMAS
1532,PRU,20-Jul-23,9:40,VM,PALMAS
1533,PAC,20-Jul-23,9:50,VM,PALMAS
1534,PIN,20-Jul-23,10:30,VM,PALMAS
1535,TOB,20-Jul-23,11:18,AW,TENORI
1536,TIQ,20-Jul-23,9:58,AW,TENORI
1537,TES,20-Jul-23,10:10,AW,TENORI
1538,TAN,20-Jul-23,9:58,AW,TENORI
1539,PED,20-Jul-23,11:41,AW,TENORI
1540,TER,20-Jul-23,14:45,CB,TENORI
1541,TAC,21-Jul-23,7:00,AW,TENORI
1542,TIZ,21-Jul-23,8:50,AW,TENORI
1543,TRO,21-Jul-23,10:03,AW,TENORI
1544,TEM,21-Jul-23,8:46,AW,TENORI
1545,TSU,21-Jul-23,9:28,AW,TENORI
1546,PIC,24-Jul-23,14:11,EM,PALMAS