"sampleid"	"sample_name2"	"sample_number"	"monkey_id"	"date"	"time"	"monero"	"group"
"001-MAN299-CIMI-CR-23-JL"	"MAN299"	299	"MAN"	2022-11-02	"6:19"	"AW"	"MESAS"
"002-MAU301-CIMI-CR-23-JL"	"MAU301"	301	"MAU"	2022-11-02	"7:15"	"AW"	"MESAS"
"003-MAN968-CIMI-CR-23-JL"	"MAN968"	968	"MAN"	2023-03-15	"10:29"	"CB"	"MESAS"
"004-MIL396-CIMI-CR-23-JL"	"MIL396"	396	"MIL"	2022-11-22	"10:34"	"JL"	"MESAS"
"005-MIL959-CIMI-CR-23-JL"	"MIL959"	959	"MIL"	2023-03-13	"9:29"	"JL"	"MESAS"
"006-MON212-CIMI-CR-23-JL"	"MON212"	212	"MON"	2022-10-12	"10:01"	"JL"	"MESAS"
"007-MON491-CIMI-CR-23-JL"	"MON491"	491	"MON"	2022-12-13	"9:38"	"AW"	"MESAS"
"009-MIL695-CIMI-CR-23-JL"	"MIL695"	695	"MIL"	2023-01-26	"8:20"	"AW"	"MESAS"
"010-MIS411-CIMI-CR-23-JL"	"MIS411"	411	"MIS"	2022-11-23	"14:29"	"AG"	"MESAS"
"011-MIS201-CIMI-CR-23-JL"	"MIS201"	201	"MIS"	2022-10-10	"12:48"	"JL"	"MESAS"
"012-MIS357-CIMI-CR-23-JL"	"MIS357"	357	"MIS"	2022-11-15	"10:50"	"JL"	"MESAS"
"013-MIS864-CIMI-CR-23-JL"	"MIS864"	864	"MIS"	2023-02-27	"11:36"	"AW"	"MESAS"
"014-MOS295-CIMI-CR-23-JL"	"MOS295"	295	"MOS"	2022-11-01	"12:41"	"JL"	"MESAS"
"015-MAY395-CIMI-CR-23-JL"	"MAY395"	395	"MAY"	2022-11-22	"10:19"	"AW"	"MESAS"
"018-MOS394-CIMI-CR-23-JL"	"MOS394"	394	"MOS"	2022-11-22	"11:03"	"AW"	"MESAS"
"019-MOS1243-CIMI-CR-23-JL"	"MOS1243"	1243	"MOS"	2023-05-04	"15:23"	"AW"	"MESAS"
"020-MOS1189-CIMI-CR-23-JL"	"MOS1189"	1189	"MOS"	2023-04-20	"12:56"	"AW"	"MESAS"
"021-MOZ152-CIMI-CR-23-JL"	"MOZ152"	152	"MOZ"	2022-09-28	"8:58"	"SK/EM"	"MESAS"
"022-MOZ110-CIMI-CR-23-JL"	"MOZ110"	110	"MOZ"	2022-09-13	"10:03"	"JL"	"MESAS"
"023-MOZ424-CIMI-CR-23-JL"	"MOZ424"	424	"MOZ"	2022-12-01	"9:13"	"MC"	"MESAS"
"024-MOZ694-CIMI-CR-23-JL"	"MOZ694"	694	"MOZ"	2023-01-25	"16:00"	"AW"	"MESAS"
"026-MOS961-CIMI-CR-23-JL"	"MOS961"	961	"MOS"	2023-03-14	"10:48"	"MC"	"MESAS"
"027-MUL480-CIMI-CR-23-JL"	"MUL480"	480	"MUL"	2022-12-12	"11:14"	"JL"	"MESAS"
"028-MUL151-CIMI-CR-23-JL"	"MUL151"	151	"MUL"	2022-09-28	"9:09"	"AW"	"MESAS"
"031-MUL957-CIMI-CR-23-JL"	"MUL957"	957	"MUL"	2023-03-13	"11:27"	"JL"	"MESAS"
"032-MUS622-CIMI-CR-23-JL"	"MUS622"	622	"MUS"	2023-01-09	"11:19"	"AW"	"MESAS"
"033-MUS393-CIMI-CR-23-JL"	"MUS393"	393	"MUS"	2022-11-22	"9:02"	"JL"	"MESAS"
"034-MYK398-CIMI-CR-23-JL"	"MYK398"	398	"MYK"	2022-11-22	"9:22"	"JL"	"MESAS"
"035-MYK363-CIMI-CR-23-JL"	"MYK363"	363	"MYK"	2022-11-15	"10:45"	"JL"	"MESAS"
"036-MYK297-CIMI-CR-23-JL"	"MYK297"	297	"MYK"	2022-11-02	"10:03"	"AW"	"MESAS"
"037-PED239-CIMI-CR-23-JL"	"PED239"	239	"PED"	2022-10-18	"10:49"	"AW"	"TENORI"
"038-TAB285-CIMI-CR-23-JL"	"TAB285"	285	"TAB"	2022-10-28	"10:52"	"JL"	"TENORI"
"039-TAB524-CIMI-CR-23-JL"	"TAB524"	524	"TAB"	2022-12-15	"12:02"	"AW"	"TENORI"
"040-TAB671-CIMI-CR-23-JL"	"TAB671"	671	"TAB"	2023-01-17	"7:33"	"AW"	"TENORI"
"041-TAM340-CIMI-CR-23-JL"	"TAM340"	340	"TAM"	2022-11-11	"10:05"	"AW"	"TENORI"
"043-TAN167-CIMI-CR-23-JL"	"TAN167"	167	"TAN"	2022-10-03	"15:45"	"JL"	"TENORI"
"044-TAN949-CIMI-CR-23-JL"	"TAN949"	949	"TAN"	2023-03-10	"13:30"	"JL"	"TENORI"
"045-TAN1059-CIMI-CR-23-JL"	"TAN1059"	1059	"TAN"	2023-03-31	"8:30"	"MC"	"TENORI"
"046-TEM325-CIMI-CR-23-JL"	"TEM325"	325	"TEM"	2022-11-08	"15:59"	"AW"	"TENORI"
"047-TEM260-CIMI-CR-23-JL"	"TEM260"	260	"TEM"	2022-10-20	"14:01"	"EM"	"TENORI"
"048-TEM585-CIMI-CR-23-JL"	"TEM585"	585	"TEM"	2023-01-02	"12:50"	"JL"	"TENORI"
"049-TER635-CIMI-CR-23-JL"	"TER635"	635	"TER"	2023-01-10	"8:11"	"JL"	"TENORI"
"051-TER324-CIMI-CR-23-JL"	"TER324"	324	"TER"	2022-11-08	"8:04"	"JL"	"TENORI"
"052-TER1058-CIMI-CR-23-JL"	"TER1058"	1058	"TER"	2023-03-31	"7:45"	"VM"	"TENORI"
"053-TET329-CIMI-CR-23-JL"	"TET329"	329	"TET"	2022-11-08	"16:53"	"AW"	"TENORI"
"054-TIL320-CIMI-CR-23-JL"	"TIL320"	320	"TIL"	2022-11-08	"10:50"	"UN"	"TENORI"
"055-TIN255-CIMI-CR-23-JL"	"TIN255"	255	"TIN"	2022-10-20	"10:36"	"AW"	"TENORI"
"056-TIN580-CIMI-CR-23-JL"	"TIN580"	580	"TIN"	2022-12-29	"10:43"	"JL"	"TENORI"
"057-TIZ462-CIMI-CR-23-JL"	"TIZ462"	462	"TIZ"	2022-12-08	"14:08"	"AW"	"TENORI"
"060-TIZ708-CIMI-CR-23-JL"	"TIZ708"	708	"TIZ"	2023-01-27	"7:27"	"JL"	"TENORI"
"063-TRU449-CIMI-CR-23-JL"	"TRU449"	449	"TRU"	2022-12-06	"12:50"	"JL"	"TENORI"
"064-TRU434-CIMI-CR-23-JL"	"TRU434"	434	"TRU"	2022-12-05	"12:40"	"CB"	"TENORI"
"065-TRU668-CIMI-CR-23-JL"	"TRU668"	668	"TRU"	2023-01-16	"13:58"	"VM"	"TENORI"
"066-TSU729-CIMI-CR-23-JL"	"TSU729"	729	"TSU"	2023-02-01	"14:57"	"AW"	"TENORI"
"067-TSU318-CIMI-CR-23-JL"	"TSU318"	318	"TSU"	2022-11-08	"12:15"	"UN"	"TENORI"
"068-MAN651-CIMI-CR-23-JL"	"MAN651"	651	"MAN"	2023-01-11	"12:50"	"MC"	"MESAS"
"069-MAN907-CIMI-CR-23-JL"	"MAN907"	907	"MAN"	2023-03-03	"14:31"	"AW"	"MESAS"
"070-MAN655-CIMI-CR-23-JL"	"MAN655"	655	"MAN"	2023-01-12	"10:30"	"MC"	"MESAS"
"071-MAN213-CIMI-CR-23-JL"	"MAN213"	213	"MAN"	2022-10-12	"9:40"	"AW"	"MESAS"
"073-413MOZ-CIMI-CR-23-JL"	"413MOZ"	413	"MOZ"	2022-11-24	"10:39"	"LS"	"MESAS"
"074-499MOZ-CIMI-CR-23-JL"	"499MOZ"	499	"MOZ"	2022-12-13	"13:28"	"JL"	"MESAS"
"076-1002May-CIMI-CR-23-JL"	"1002May"	1002	"May"	2023-03-20	"15:36"	"AW"	"MESAS"
"077-1078May-CIMI-CR-23-JL"	"1078May"	1078	"May"	2023-04-05	"8:43"	"AW"	"MESAS"
"078-181TES-CIMI-CR-23-JL"	"181TES"	181	"TES"	2022-10-06	"10:23"	"AW"	"TENORI"
"079-980MON-CIMI-CR-23-JL"	"980MON"	980	"MON"	2023-03-16	"8:11"	"JL"	"MESAS"
"080-988MIS-CIMI-CR-23-JL"	"988MIS"	988	"MIS"	2023-03-16	"17:16"	"VM"	"MESAS"
"081-1244MUL-CIMI-CR-23-JL"	"1244MUL"	1244	"MUL"	2023-05-04	"13:44"	"JL"	"MESAS"
"082-1296MUS-CIMI-CR-23-JL"	"1296MUS"	1296	"MUS"	2023-05-11	"13:28"	"AW"	"MESAS"
"083-1036TEM-CIMI-CR-23-JL"	"1036TEM"	1036	"TEM"	2023-03-24	"7:05"	"AW"	"TENORI"
"085-443TES-CIMI-CR-23-JL"	"443TES"	443	"TES"	2022-12-06	"15:47"	"JL"	"TENORI"
"086-582TES-CIMI-CR-23-JL"	"582TES"	582	"TES"	2022-12-29	"9:30"	"JL"	"TENORI"
"087-613TES-CIMI-CR-23-JL"	"613TES"	613	"TES"	2023-01-06	"11:02"	"JL"	"TENORI"
"088-712TES-CIMI-CR-23-JL"	"712TES"	712	"TES"	2023-01-30	"9:21"	"VM"	"TENORI"
"089-1280TOT-CIMI-CR-23-JL"	"1280TOT"	1280	"TOT"	2023-05-10	"15:39"	"AW"	"TENORI"
"090-703MOZ-CIMI-CR-23-JL"	"703MOZ"	703	"MOZ"	2023-01-26	"15:14"	"JL"	"MESAS"
"091-209MUL-CIMI-CR-23-JL"	"209MUL"	209	"MUL"	2022-10-12	"5:56"	"AW"	"MESAS"
"094-222MAN-CIMI-CR-23-JL"	"222MAN"	222	"MAN"	2022-10-13	"8:50"	"JL"	"MESAS"
"095-774MAN-CIMI-CR-23-JL"	"774MAN"	774	"MAN"	2023-02-09	"14:53"	"AW"	"MESAS"
"097-561MAN-CIMI-CR-23-JL"	"561MAN"	561	"MAN"	2022-12-21	"6:11"	"JL"	"MESAS"
"098-563MAN-CIMI-CR-23-JL"	"563MAN"	563	"MAN"	2022-12-21	"11:22"	"JL"	"MESAS"
"099-520MAY-CIMI-CR-23-JL"	"520MAY"	520	"MAY"	2022-12-15	"9:31"	"EM"	"MESAS"
"100-896MAN-CIMI-CR-23-JL"	"896MAN"	896	"MAN"	2023-03-02	"16:57"	"AW"	"MESAS"
"101-210MEZ-CIMI-CR-23-JL"	"210MEZ"	210	"MEZ"	2022-10-12	"10:12"	"JL"	"MESAS"
"102-562MEZ-CIMI-CR-23-JL"	"562MEZ"	562	"MEZ"	2022-12-21	"8:25"	"JL"	"MESAS"
"104-906MEZ-CIMI-CR-23-JL"	"906MEZ"	906	"MEZ"	2023-03-03	"13:10"	"AW"	"MESAS"
"105-992MEZ-CIMI-CR-23-JL"	"992MEZ"	992	"MEZ"	2023-03-17	"14:03"	"JL"	"MESAS"
"106-214MIL-CIMI-CR-23-JL"	"214MIL"	214	"MIL"	2022-10-12	"10:27"	"JL"	"MESAS"
"107-228MIL-CIMI-CR-23-JL"	"228MIL"	228	"MIL"	2022-10-13	"15:22"	"SK"	"MESAS"
"108-496MIL-CIMI-CR-23-JL"	"496MIL"	496	"MIL"	2022-12-13	"12:57"	"JL"	"MESAS"
"110-223MIS-CIMI-CR-23-JL"	"223MIS"	223	"MIS"	2022-10-13	"8:48"	"JL"	"MESAS"
"111-966MOS-CIMI-CR-23-JL"	"966MOS"	966	"MOS"	2023-03-14	"16:42"	"EM"	"MESAS"
"112-994MOS-CIMI-CR-23-JL"	"994MOS"	994	"MOS"	2023-03-17	"11:45"	"JL"	"MESAS"
"113-514MIL-CIMI-CR-23-JL"	"514MIL"	514	"MIL"	2022-12-14	"12:14"	"JL"	"MESAS"
"114-523MIL-CIMI-CR-23-JL"	"523MIL"	523	"MIL"	2022-12-15	"11:23"	"EM"	"MESAS"
"115-1024MIL-CIMI-CR-23-JL"	"1024MIL"	1024	"MIL"	2023-03-22	"7:16"	"AW"	"MESAS"
"116-203MOZ-CIMI-CR-23-JL"	"203MOZ"	203	"MOZ"	2022-10-11	"12:09"	"AW"	"MESAS"
"118-491MON-CIMI-CR-23-JL"	"491MON"	491	"MON"	2022-12-13	"9:38"	"AW"	"MESAS"
"119-232MOZ-CIMI-CR-23-JL"	"232MOZ"	232	"MOZ"	2022-10-14	"8:38"	"SK"	"MESAS"
"120-298MOZ-CIMI-CR-23-JL"	"298MOZ"	298	"MOZ"	2022-11-02	"9:10"	"AW"	"MESAS"
"122-111MAU-CIMI-CR-23-JL"	"111 MAU"	111	"MAU"	2022-09-13	"11:25"	"JL"	"MESAS"
"123-225MAU-CIMI-CR-23-JL"	"225 MAU"	225	"MAU"	2022-10-13	"10:14"	"AW"	"MESAS"
"124-397MAU-CIMI-CR-23-JL"	"397 MAU"	397	"MAU"	2022-11-22	"6:50"	"AW"	"MESAS"
"125-419MAU-CIMI-CR-23-JL"	"419 MAU"	419	"MAU"	2022-11-29	"9:16"	"LS"	"MESAS"
"126-650MAU-CIMI-CR-23-JL"	"650 MAU"	650	"MAU"	2023-01-11	"12:55"	"MC"	"MESAS"
"127-699MAU-CIMI-CR-23-JL"	"699 MAU"	699	"MAU"	2023-01-26	"17:50"	"JL"	"MESAS"
"128-1003MAU-CIMI-CR-23-JL"	"1003 MAU"	1003	"MAU"	2023-03-20	"15:49"	"AW"	"MESAS"
"129-115MEZ-CIMI-CR-23-JL"	"115 MEZ"	115	"MEZ"	2022-09-14	"12:26"	"JL"	"MESAS"
"130-360MEZ-CIMI-CR-23-JL"	"360 MEZ"	360	"MEZ"	2022-11-15	"8:28"	"JL"	"MESAS"
"131-478MEZ-CIMI-CR-23-JL"	"478 MEZ"	478	"MEZ"	2022-12-12	"12:28"	"JL"	"MESAS"
"132-697MEZ-CIMI-CR-23-JL"	"697 MEZ"	697	"MEZ"	2023-01-26	"6:12"	"AW"	"MESAS"
"133-795MEZ-CIMI-CR-23-JL"	"795 MEZ"	795	"MEZ"	2023-02-14	"5:56"	"JL"	"MESAS"
"134-805MEZ-CIMI-CR-23-JL"	"805 MEZ"	805	"MEZ"	2023-02-16	"10:54"	"AW"	"MESAS"
"135-1097MEZ-CIMI-CR-23-JL"	"1097 MEZ"	1097	"MEZ"	2023-04-07	"9:05"	"AW"	"MESAS"
"137-1245MEZ-CIMI-CR-23-JL"	"1245 MEZ"	1245	"MEZ"	2023-05-04	"12:01"	"JL"	"MESAS"
"138-422MIL-CIMI-CR-23-JL"	"422 MIL"	422	"MIL"	2022-11-30	"12:35"	"MC"	"MESAS"
"139-644MIL-CIMI-CR-23-JL"	"644MIL"	644	"MIL"	2023-01-11	"6:57"	"EM"	"MESAS"
"140-769MIL-CIMI-CR-23-JL"	"769 MIL"	769	"MIL"	2023-02-09	"12:00"	"MC"	"MESAS"
"141-859MIL-CIMI-CR-23-JL"	"859 MIL"	859	"MIL"	2023-02-27	"11:09"	"AW"	"MESAS"
"142-1075MIL-CIMI-CR-23-JL"	"1075 MIL"	1075	"MIL"	2023-04-05	"8:45"	"AW"	"MESAS"
"143-1194MIL-CIMI-CR-23-JL"	"1194 MIL"	1194	"MIL"	2023-04-21	"13:12"	"AW"	"MESAS"
"144-1286MIL-CIMI-CR-23-JL"	"1286 MIL"	1286	"MIL"	2023-05-11	"9:05"	"JL"	"MESAS"
"145-1498MIL-CIMI-CR-23-JL"	"1498 MIL"	1498	"MIL"	2023-07-11	"7:00"	"CB"	"MESAS"
"146-1371MIL-CIMI-CR-23-JL"	"1371 MIL"	1371	"MIL"	2023-06-05	"13:56"	"AW"	"MESAS"
"147-1449MIL-CIMI-CR-23-JL"	"1449 MIL"	1449	"MIL"	2023-06-22	"6:24"	"AW"	"MESAS"
"149-479MIS-CIMI-CR-23-JL"	"479 MIS"	479	"MIS"	2022-12-12	"11:37"	"JL"	"MESAS"
"150-645MIS-CIMI-CR-23-JL"	"645 MIS"	645	"MIS"	2023-01-11	"9:40"	"EM"	"MESAS"
"151-702MIS-CIMI-CR-23-JL"	"702 MIS"	702	"MIS"	2023-01-26	"15:10"	"JL"	"MESAS"
"154-777MIS-CIMI-CR-23-JL"	"777 MIS"	777	"MIS"	2023-02-09	"12:30"	"AW"	"MESAS"
"155-996MIS-CIMI-CR-23-JL"	"996 MIS"	996	"MIS"	2023-03-17	"13:55"	"JL"	"MESAS"
"156-1065MIS-CIMI-CR-23-JL"	"1065 MIS"	1065	"MIS"	2023-04-04	"12:46"	"JL"	"MESAS"
"157-1181MIS-CIMI-CR-23-JL"	"1181 MIS"	1181	"MIS"	2023-04-19	"16:08"	"EM"	"MESAS"
"158-1273MIS-CIMI-CR-23-JL"	"1273 MIS"	1273	"MIS"	2023-05-10	"7:25"	"VM"	"MESAS"
"159-1275MIS-CIMI-CR-23-JL"	"1275 MIS"	1275	"MIS"	2023-05-10	"10:00"	"MC"	"MESAS"
"160-1326MIS-CIMI-CR-23-JL"	"1326 MIS"	1326	"MIS"	2023-05-22	"11:22"	"LS"	"MESAS"
"161-1373MIS-CIMI-CR-23-JL"	"1373 MIS"	1373	"MIS"	2023-06-05	"14:04"	"AW"	"MESAS"
"162-1428MIS-CIMI-CR-23-JL"	"1428 MIS"	1428	"MIS"	2023-06-19	"17:10"	"LS"	"MESAS"
"163-1475MIS-CIMI-CR-23-JL"	"1475 MIS"	1475	"MIS"	2023-07-04	"9:18"	"EM"	"MESAS"
"164-150MON-CIMI-CR-23-JL"	"150 MON"	150	"MON"	2022-09-28	"9:50"	"AW"	"MESAS"
"165-358MON-CIMI-CR-23-JL"	"358 MON"	358	"MON"	2022-11-15	"8:41"	"JL"	"MESAS"
"166-421MON-CIMI-CR-23-JL"	"421 MON"	421	"MON"	2022-11-30	"12:20"	"MC"	"MESAS"
"167-568MON-CIMI-CR-23-JL"	"568 MON"	568	"MON"	2022-12-21	"9:08"	"JL"	"MESAS"
"168-656MON-CIMI-CR-23-JL"	"656 MON"	656	"MON"	2023-01-12	"10:55"	"MC"	"MESAS"
"169-691MON-CIMI-CR-23-JL"	"691 MON"	691	"MON"	2023-01-25	"17:24"	"AW"	"MESAS"
"170-775MON-CIMI-CR-23-JL"	"775 MON"	775	"MON"	2023-02-09	"13:00"	"AW"	"MESAS"
"171-1021MON-CIMI-CR-23-JL"	"1021 MON"	1021	"MON"	2023-03-22	"7:57"	"AW"	"MESAS"
"172-1191MON-CIMI-CR-23-JL"	"1191 MON"	1191	"MON"	2023-04-21	"8:43"	"CB"	"MESAS"
"174-860mon-CIMI-CR-23-JL"	"860 mon"	860	"mon"	2023-02-27	"10:35"	"AW"	"MESAS"
"175-897MON-CIMI-CR-23-JL"	"897 MON"	897	"MON"	2023-03-03	"8:25"	"CB"	"MESAS"
"176-991MON-CIMI-CR-23-JL"	"991 MON"	991	"MON"	2023-03-17	"11:39"	"JL"	"MESAS"
"177-1328MON-CIMI-CR-23-JL"	"1328 MON"	1328	"MON"	2023-05-23	"8:45"	"MC"	"MESAS"
"178-1390MON-CIMI-CR-23-JL"	"1390 MON"	1390	"MON"	2023-06-08	"14:50"	"CB"	"MESAS"
"179-1420MON-CIMI-CR-23-JL"	"1420 MON"	1420	"MON"	2023-06-19	"9:51"	"EM"	"MESAS"
"180-1511MON-CIMI-CR-23-JL"	"1511 MON"	1511	"MON"	2023-07-13	"10:57"	"AW"	"MESAS"
"181-108MOS-CIMI-CR-23-JL"	"108 MOS"	108	"MOS"	2022-09-12	"15:05"	"SK"	"MESAS"
"182-308MOS-CIMI-CR-23-JL"	"308 MOS"	308	"MOS"	2022-11-03	"12:30"	"UN"	"MESAS"
"183-489MOS-CIMI-CR-23-JL"	"489 MOS"	489	"MOS"	2022-12-12	"16:12"	"AW"	"MESAS"
"186-559MOS-CIMI-CR-23-JL"	"559 MOS"	559	"MOS"	2022-12-21	"6:50"	"JL"	"MESAS"
"187-632MOS-CIMI-CR-23-JL"	"632 MOS"	632	"MOS"	2023-01-10	"8:54"	"VM"	"MESAS"
"188-768MOS-CIMI-CR-23-JL"	"768 MOS"	768	"MOS"	2023-02-09	"6:30"	"MC"	"MESAS"
"189-863MOS-CIMI-CR-23-JL"	"863 MOS"	863	"MOS"	2023-02-27	"12:28"	"AW"	"MESAS"
"190-1030MOS-CIMI-CR-23-JL"	"1030 MOS"	1030	"MOS"	2023-03-22	"16:17"	"CB"	"MESAS"
"193-1294MOS-CIMI-CR-23-JL"	"1294 MOS"	1294	"MOS"	2023-05-11	"11:59"	"AW"	"MESAS"
"194-1307MOS-CIMI-CR-23-JL"	"1307 MOS"	1307	"MOS"	2023-05-16	"9:51"	"CB"	"MESAS"
"195-1455MOS-CIMI-CR-23-JL"	"1455 MOS"	1455	"MOS"	2023-06-23	"10:44"	"Other"	"MESAS"
"196-567MOZ-CIMI-CR-23-JL"	"567 MOZ"	567	"MOZ"	2022-12-21	"8:18"	"JL"	"MESAS"
"197-663MOZ-CIMI-CR-23-JL"	"663 MOZ"	663	"MOZ"	2023-01-12	"13:26"	"AW"	"MESAS"
"198-711MOZ-CIMI-CR-23-JL"	"711 MOZ"	711	"MOZ"	2023-01-27	"10:25"	"AW"	"MESAS"
"200-770MOZ-CIMI-CR-23-JL"	"770 MOZ"	770	"MOZ"	2023-02-09	"16:10"	"AW"	"MESAS"
"201-866MOZ-CIMI-CR-23-JL"	"866 MOZ"	866	"MOZ"	2023-02-27	"8:30"	"AW"	"MESAS"
"202-979MOZ-CIMI-CR-23-JL"	"979 MOZ"	979	"MOZ"	2023-03-16	"11:28"	"JL"	"MESAS"
"203-988MOZ-CIMI-CR-23-JL"	"988 MOZ"	988	"MOZ"	2023-03-16	"17:16"	"VM"	"MESAS"
"204-1076MOZ-CIMI-CR-23-JL"	"1076 MOZ"	1076	"MOZ"	2023-04-05	"11:17"	"AW"	"MESAS"
"205-1184MOZ-CIMI-CR-23-JL"	"1184 MOZ"	1184	"MOZ"	2023-04-20	"8:46"	"LS"	"MESAS"
"206-1301MOZ-CIMI-CR-23-JL"	"1301 MOZ"	1301	"MOZ"	2023-05-12	"13:42"	"AW"	"MESAS"
"207-231MUL-CIMI-CR-23-JL"	"231 MUL"	231	"MUL"	2022-10-14	"9:40"	"WEA"	"MESAS"
"208-364MUL-CIMI-CR-23-JL"	"364 MUL"	364	"MUL"	2022-11-15	"11:55"	"JL"	"MESAS"
"209-428MUL-CIMI-CR-23-JL"	"428 MUL"	428	"MUL"	2022-12-01	"12:17"	"AG"	"MESAS"
"210-497MUL-CIMI-CR-23-JL"	"497 MUL"	497	"MUL"	2022-12-13	"14:03"	"JL"	"MESAS"
"212-566MUL-CIMI-CR-23-JL"	"566 MUL"	566	"MUL"	2022-12-21	"10:18"	"JL"	"MESAS"
"213-642MUL-CIMI-CR-23-JL"	"642 MUL"	642	"MUL"	2023-01-10	"15:28"	"EM"	"MESAS"
"214-698MUL-CIMI-CR-23-JL"	"698 MUL"	698	"MUL"	2023-01-26	"7:44"	"AW"	"MESAS"
"215-767MUL-CIMI-CR-23-JL"	"767 MUL"	767	"MUL"	2023-02-09	"6:15"	"MC"	"MESAS"
"216-803MUL-CIMI-CR-23-JL"	"803 MUL"	803	"MUL"	2023-02-16	"9:35"	"AW"	"MESAS"
"217-898MUL-CIMI-CR-23-JL"	"898 MUL"	898	"MUL"	2023-03-03	"8:43"	"CB"	"MESAS"
"220-996MUL-CIMI-CR-23-JL"	"996 MUL"	996	"MUL"	2023-03-17	"13:55"	"JL"	"MESAS"
"221-1005MUL-CIMI-CR-23-JL"	"1005 MUL"	1005	"MUL"	2023-03-20	"16:08"	"AW"	"MESAS"
"222-1020MUL-CIMI-CR-23-JL"	"1020 MUL"	1020	"MUL"	2023-03-22	"7:31"	"AW"	"MESAS"
"223-1079MUL-CIMI-CR-23-JL"	"1079 MUL"	1079	"MUL"	2023-04-05	"7:07"	"AW"	"MESAS"
"224-1186MUL-CIMI-CR-23-JL"	"1186 MUL"	1186	"MUL"	2023-04-20	"12:40"	"AW"	"MESAS"
"225-1370MUL-CIMI-CR-23-JL"	"1370 MUL"	1370	"MUL"	2023-06-05	"13:17"	"AW"	"MESAS"
"226-1421MUL-CIMI-CR-23-JL"	"1421 MUL"	1421	"MUL"	2023-06-19	"10:28"	"EM"	"MESAS"
"227-1481MUL-CIMI-CR-23-JL"	"1481 MUL"	1481	"MUL"	2023-07-04	"12:20"	"MP"	"MESAS"
"228-1305MUL-CIMI-CR-23-JL"	"1305 MUL"	1305	"MUL"	2023-05-15	"14:48"	"JCO"	"MESAS"
"229-1316MUL-CIMI-CR-23-JL"	"1316 MUL"	1316	"MUL"	2023-05-17	"11:20"	"MC"	"MESAS"
"230-1329MUL-CIMI-CR-23-JL"	"1329 MUL"	1329	"MUL"	2023-05-23	"11:13"	"MC"	"MESAS"
"231-1500MUL-CIMI-CR-23-JL"	"1500 MUL"	1500	"MUL"	2023-07-11	"15:12"	"EM"	"MESAS"
"232-227MUL-CIMI-CR-23-JL"	"227 MUL"	227	"MUL"	2022-10-13	"9:51"	"JL"	"MESAS"
"233-365MUL-CIMI-CR-23-JL"	"365 MUL"	365	"MUL"	2022-11-15	"9:15"	"JL"	"MESAS"
"234-498MUL-CIMI-CR-23-JL"	"498 MUL"	498	"MUL"	2022-12-13	"13:43"	"JL"	"MESAS"
"235-525MUL-CIMI-CR-23-JL"	"525 MUL"	525	"MUL"	2022-12-15	"15:00"	"CB"	"MESAS"
"237-646MUS-CIMI-CR-23-JL"	"646 MUS"	646	"MUS"	2023-01-11	"6:57"	"EM"	"MESAS"
"238-692MUS-CIMI-CR-23-JL"	"692 MUS"	692	"MUS"	2023-01-25	"17:00"	"AW"	"MESAS"
"239-791MUS-CIMI-CR-23-JL"	"791 MUS"	791	"MUS"	2023-02-10	"15:44"	"CB"	"MESAS"
"240-886MUS-CIMI-CR-23-JL"	"886 MUS"	886	"MUS"	2023-03-02	"8:50"	"JCO"	"MESAS"
"241-987MUS-CIMI-CR-23-JL"	"987 MUS"	987	"MUS"	2023-03-16	"16:13"	"VM"	"MESAS"
"242-1018MUS-CIMI-CR-23-JL"	"1018 MUS"	1018	"MUS"	2023-03-22	"7:23"	"AW"	"MESAS"
"243-1193MUS-CIMI-CR-23-JL"	"1193 MUS"	1193	"MUS"	2023-04-21	"11:57"	"AW"	"MESAS"
"244-1300MUS-CIMI-CR-23-JL"	"1300 MUS"	1300	"MUS"	2023-05-12	"14:48"	"AW"	"MESAS"
"245-1483MUS-CIMI-CR-23-JL"	"1483 MUS"	1483	"MUS"	2023-07-05	"11:45"	"AW"	"MESAS"
"246-158MYK-CIMI-CR-23-JL"	"158 MYK"	158	"MYK"	2022-09-29	"14:23"	"JL"	"MESAS"
"247-226MYK-CIMI-CR-23-JL"	"226 MYK"	226	"MYK"	2022-10-13	"10:40"	"JL"	"MESAS"
"248-304MYK-CIMI-CR-23-JL"	"304 MYK"	304	"MYK"	2022-11-02	"12:38"	"WEA"	"MESAS"
"249-1298mos-CIMI-CR-23-JL"	"1298 mos"	1298	"mos"	2023-05-12	"11:26"	"AW"	"MESAS"
"252-305MOZ-CIMI-CR-23-JL"	"305 MOZ"	305	"MOZ"	2022-11-03	"9:36"	"UN"	"MESAS"
"253-392MOZ-CIMI-CR-23-JL"	"392 MOZ"	392	"MOZ"	2022-11-22	"10:44"	"JL"	"MESAS"
"254-410MOZ-CIMI-CR-23-JL"	"410 MOZ"	410	"MOZ"	2022-11-23	"13:08"	"AG"	"MESAS"
"256-154MAY-CIMI-CR-23-JL"	"154 MAY"	154	"MAY"	2022-09-29	"8:42"	"JL"	"MESAS"
"257-217MAY-CIMI-CR-23-JL"	"217 MAY"	217	"MAY"	2022-10-12	"15:03"	"JCO"	"MESAS"
"258-431MAY-CIMI-CR-23-JL"	"431 MAY"	431	"MAY"	2022-12-02	"11:35"	"CB"	"MESAS"
"259-657MAY-CIMI-CR-23-JL"	"657 MAY"	657	"MAY"	2023-01-12	"8:15"	"MC"	"MESAS"
"260-747MAY-CIMI-CR-23-JL"	"747 MAY"	747	"MAY"	2023-02-06	"9:59"	"JL"	"MESAS"
"261-900MAY-CIMI-CR-23-JL"	"900 MAY"	900	"MAY"	2023-03-03	"10:22"	"CB"	"MESAS"
"262-1246May-CIMI-CR-23-JL"	"1246 May"	1246	"May"	2023-05-04	"17:07"	"JL"	"MESAS"
"264-1289May-CIMI-CR-23-JL"	"1289 May"	1289	"May"	2023-05-11	"9:21"	"JL"	"MESAS"
"265-1299May-CIMI-CR-23-JL"	"1299 May"	1299	"May"	2023-05-12	"15:37"	"AW"	"MESAS"
"266-1309May-CIMI-CR-23-JL"	"1309 May"	1309	"May"	2023-05-16	"11:55"	"AW"	"MESAS"
"267-1391May-CIMI-CR-23-JL"	"1391 May"	1391	"May"	2023-06-08	"14:55"	"CB"	"MESAS"
"268-1427May-CIMI-CR-23-JL"	"1427 May"	1427	"May"	2023-06-19	"14:54"	"LS"	"MESAS"
"269-1274MOW-CIMI-CR-23-JL"	"1274 MOW"	1274	"MOW"	2023-05-10	"10:00"	"ER"	"MESAS"
"270-1503May-CIMI-CR-23-JL"	"1503 May"	1503	"May"	2023-07-12	"9:30"	"EM"	"MESAS"
"271-688MOW-CIMI-CR-23-JL"	"688 MOW"	688	"MOW"	2023-01-25	"15:28"	"AW"	"MESAS"
"272-771MOW-CIMI-CR-23-JL"	"771 MOW"	771	"MOW"	2023-02-09	"15:54"	"AW"	"MESAS"
"274-1313MOW-CIMI-CR-23-JL"	"1313 MOW"	1313	"MOW"	2023-05-17	"6:46"	"MC"	"MESAS"
"275-1388MOW-CIMI-CR-23-JL"	"1388 MOW"	1388	"MOW"	2023-06-08	"13:04"	"CB"	"MESAS"
"276-1454MOW-CIMI-CR-23-JL"	"1454 MOW"	1454	"MOW"	2023-06-23	"11:07"	"Other"	"MESAS"
"277-149MAN-CIMI-CR-23-JL"	"149 MAN"	149	"MAN"	2022-09-28	"8:51"	"AW"	"MESAS"
"278-309MAN-CIMI-CR-23-JL"	"309 MAN"	309	"MAN"	2022-11-04	"11:02"	"UN"	"MESAS"
"279-362MAN-CIMI-CR-23-JL"	"362 MAN"	362	"MAN"	2022-11-15	"9:09"	"JL"	"MESAS"
"280-423MAN-CIMI-CR-23-JL"	"423 MAN"	423	"MAN"	2022-12-01	"8:55"	"MC"	"MESAS"
"281-693MAN-CIMI-CR-23-JL"	"693 MAN"	693	"MAN"	2023-01-25	"16:10"	"AW"	"MESAS"
"284-493MYK-CIMI-CR-23-JL"	"493 MYK"	493	"MYK"	2022-12-13	"9:44"	"AW"	"MESAS"
"285-564MYK-CIMI-CR-23-JL"	"564 MYK"	564	"MYK"	2022-12-21	"7:02"	"JL"	"MESAS"
"286-649MYK-CIMI-CR-23-JL"	"649 MYK"	649	"MYK"	2023-01-11	"13:40"	"MC"	"MESAS"
"287-772MYK-CIMI-CR-23-JL"	"772 MYK"	772	"MYK"	2023-02-09	"14:05"	"AW"	"MESAS"
"289-861MYK-CIMI-CR-23-JL"	"861 MYK"	861	"MYK"	2023-02-27	"10:00"	"AW"	"MESAS"
"290-908MYK-CIMI-CR-23-JL"	"908 MYK"	908	"MYK"	2023-03-03	"13:37"	"AW"	"MESAS"
"291-997MYK-CIMI-CR-23-JL"	"997 MYK"	997	"MYK"	2023-03-17	"12:12"	"JL"	"MESAS"
"292-1069MYK-CIMI-CR-23-JL"	"1069 MYK"	1069	"MYK"	2023-04-04	"10:57"	"JL"	"MESAS"
"293-1188MYK-CIMI-CR-23-JL"	"1188 MYK"	1188	"MYK"	2023-04-20	"12:23"	"AW"	"MESAS"
"294-1308MYK-CIMI-CR-23-JL"	"1308 MYK"	1308	"MYK"	2023-05-16	"13:15"	"AW"	"MESAS"
"295-1368MYK-CIMI-CR-23-JL"	"1368 MYK"	1368	"MYK"	2023-06-05	"10:03"	"EM"	"MESAS"
"296-1440MYK-CIMI-CR-23-JL"	"1440 MYK"	1440	"MYK"	2023-06-21	"14:05"	"AW"	"MESAS"
"297-1445MYK-CIMI-CR-23-JL"	"1445 MYK"	1445	"MYK"	2023-06-22	"10:35"	"AW"	"MESAS"
"298-1476MYK-CIMI-CR-23-JL"	"1476 MYK"	1476	"MYK"	2023-07-04	"10:14"	"EM"	"MESAS"
"299-238PAC-CIMI-CR-23-JL"	"238 PAC"	238	"PAC"	2022-10-18	"11:12"	"JL"	"PALMAS"
"300-628PAC-CIMI-CR-23-JL"	"628 PAC"	628	"PAC"	2023-01-09	"12:40"	"JL"	"PALMAS"
"301-922PAC-CIMI-CR-23-JL"	"922 PAC"	922	"PAC"	2023-03-07	"15:11"	"JCO"	"PALMAS"
"302-1229PAC-CIMI-CR-23-JL"	"1229 PAC"	1229	"PAC"	2023-04-27	"13:00"	"MC"	"PALMAS"
"304-1452PAC-CIMI-CR-23-JL"	"1452 PAC"	1452	"PAC"	2023-06-22	"12:40"	"Other"	"PALMAS"
"305-159PAP-CIMI-CR-23-JL"	"159 PAP"	159	"PAP"	2022-09-30	"9:12"	"SK"	"PALMAS"
"306-240PAP-CIMI-CR-23-JL"	"240 PAP"	240	"PAP"	2022-10-19	"7:58"	"JL"	"PALMAS"
"307-348PAP-CIMI-CR-23-JL"	"348 PAP"	348	"PAP"	2022-11-11	"11:50"	"JL"	"PALMAS"
"308-390PAP-CIMI-CR-23-JL"	"390 PAP"	390	"PAP"	2022-11-21	"15:14"	"ER"	"PALMAS"
"309-598PAP-CIMI-CR-23-JL"	"598 PAP"	598	"PAP"	2023-01-04	"13:40"	"MC"	"PALMAS"
"310-916PAP-CIMI-CR-23-JL"	"916 PAP"	916	"PAP"	2023-03-07	"5:52"	"JL"	"PALMAS"
"311-1031PAP-CIMI-CR-23-JL"	"1031 PAP"	1031	"PAP"	2023-03-23	"10:53"	"EM"	"PALMAS"
"312-1317PAP-CIMI-CR-23-JL"	"1317 PAP"	1317	"PAP"	2023-05-17	"10:23"	"EM"	"PALMAS"
"313-145PAT-CIMI-CR-23-JL"	"145 PAT"	145	"PAT"	2022-09-28	"9:15"	"JCO"	"PALMAS"
"314-252PAT-CIMI-CR-23-JL"	"252 PAT"	252	"PAT"	2022-10-20	"10:05"	"SK"	"PALMAS"
"316-442PEA-CIMI-CR-23-JL"	"442 PEA"	442	"PEA"	2022-12-06	"14:29"	"AW"	"PALMAS"
"317-470PEA-CIMI-CR-23-JL"	"470 PEA"	470	"PEA"	2022-12-09	"10:56"	"JL"	"PALMAS"
"318-1219PEA-CIMI-CR-23-JL"	"1219 PEA"	1219	"PEA"	2023-04-26	"9:05"	"PEA"	"PALMAS"
"319-1223PEA-CIMI-CR-23-JL"	"1223 PEA"	1223	"PEA"	2023-04-27	"8:35"	"EM"	"PALMAS"
"320-1435PEA-CIMI-CR-23-JL"	"1435 PEA"	1435	"PEA"	2023-06-20	"15:44"	"JL"	"PALMAS"
"321-140PEA-CIMI-CR-23-JL"	"140 PEA"	140	"PEA"	2022-09-23	"11:04"	"JL"	"TENORI"
"322-194PED-CIMI-CR-23-JL"	"194 PED"	194	"PED"	2022-10-07	"9:15"	"AW"	"TENORI"
"323-333PED-CIMI-CR-23-JL"	"333 PED"	333	"PED"	2022-11-09	"6:55"	"JCO"	"TENORI"
"324-339PED-CIMI-CR-23-JL"	"339 PED"	339	"PED"	2022-11-10	"9:39"	"AW"	"TENORI"
"325-372PED-CIMI-CR-23-JL"	"372 PED"	372	"PED"	2022-11-17	"8:58"	"AM"	"TENORI"
"326-456PED-CIMI-CR-23-JL"	"456 PED"	456	"PED"	2022-12-08	"9:58"	"AG"	"TENORI"
"327-532PED-CIMI-CR-23-JL"	"532 PED"	532	"PED"	2022-12-16	"8:28"	"EM"	"TENORI"
"328-604PED-CIMI-CR-23-JL"	"604 PED"	604	"PED"	2023-01-05	"10:35"	"MC"	"PALMAS"
"329-667PED-CIMI-CR-23-JL"	"667 PED"	667	"PED"	2023-01-16	"9:48"	"AW"	"TENORI"
"331-815PED-CIMI-CR-23-JL"	"815 PED"	815	"PED"	2023-02-20	"16:26"	"JL"	"TENORI"
"332-915PED-CIMI-CR-23-JL"	"915 PED"	915	"PED"	2023-03-07	"10:05"	"VM"	"TENORI"
"333-1042PED-CIMI-CR-23-JL"	"1042 PED"	1042	"PED"	2023-03-28	"7:00"	"AW"	"TENORI"
"334-1091PED-CIMI-CR-23-JL"	"1091 PED"	1091	"PED"	2023-04-06	"9:50"	"VM"	"TENORI"
"335-1136PED-CIMI-CR-23-JL"	"1136 PED"	1136	"PED"	2023-04-12	"10:36"	"AW"	"TENORI"
"336-1230PED-CIMI-CR-23-JL"	"1230 PED"	1230	"PED"	2023-04-28	"6:20"	"VM"	"TENORI"
"337-1330PED-CIMI-CR-23-JL"	"1330 PED"	1330	"PED"	2023-05-23	"13:09"	"JL"	"TENORI"
"338-1376PED-CIMI-CR-23-JL"	"1376 PED"	1376	"PED"	2023-06-06	"9:10"	"JL"	"TENORI"
"339-1458PED-CIMI-CR-23-JL"	"1458 PED"	1458	"PED"	2023-06-26	"10:49"	"Other"	"TENORI"
"341-247PEN-CIMI-CR-23-JL"	"247 PEN"	247	"PEN"	2022-10-19	"12:24"	"WEA"	"PALMAS"
"342-335PEN-CIMI-CR-23-JL"	"335 PEN"	335	"PEN"	2022-11-10	"8:52"	"JL"	"PALMAS"
"343-549PEN-CIMI-CR-23-JL"	"549 PEN"	549	"PEN"	2022-12-20	"11:51"	"JL"	"PALMAS"
"346-1028PEN-CIMI-CR-23-JL"	"1028 PEN"	1028	"PEN"	2023-03-22	"14:00"	"JL"	"PALMAS"
"347-1123PEN-CIMI-CR-23-JL"	"1123 PEN"	1123	"PEN"	2023-04-11	"16:22"	"AW"	"PALMAS"
"348-1154PEN-CIMI-CR-23-JL"	"1154 PEN"	1154	"PEN"	2023-04-14	"9:51"	"JL"	"PALMAS"
"349-1210PEN-CIMI-CR-23-JL"	"1210 PEN"	1210	"PEN"	2023-04-24	"14:37"	"EM"	"PALMAS"
"350-1222PEN-CIMI-CR-23-JL"	"1222 PEN"	1222	"PEN"	2023-04-27	"11:54"	"EM"	"PALMAS"
"351-1424PEN-CIMI-CR-23-JL"	"1424 PEN"	1424	"PEN"	2023-06-19	"14:52"	"JL"	"PALMAS"
"352-1436PEN-CIMI-CR-23-JL"	"1436 PEN"	1436	"PEN"	2023-06-20	"16:03"	"JL"	"PALMAS"
"353-241PET-CIMI-CR-23-JL"	"241 PET"	241	"PET"	2022-10-19	"10:19"	"JL"	"PALMAS"
"354-347PET-CIMI-CR-23-JL"	"347 PET"	347	"PET"	2022-11-11	"12:16"	"JL"	"PALMAS"
"355-472PET-CIMI-CR-23-JL"	"472 PET"	472	"PET"	2022-12-09	"10:38"	"JL"	"PALMAS"
"356-548PET-CIMI-CR-23-JL"	"548 PET"	548	"PET"	2022-12-20	"11:55"	"AW"	"PALMAS"
"357-821PET-CIMI-CR-23-JL"	"821 PET"	821	"PET"	2023-02-21	"8:30"	"JL"	"PALMAS"
"358-932PET-CIMI-CR-23-JL"	"932 PET"	932	"PET"	2023-03-09	"9:25"	"JL"	"PALMAS"
"359-1212PET-CIMI-CR-23-JL"	"1212 PET"	1212	"PET"	2023-04-25	"8:35"	"MC"	"PALMAS"
"360-135PIC-CIMI-CR-23-JL"	"135 PIC"	135	"PIC"	2022-09-23	"11:40"	"JCO"	"PALMAS"
"361-539PIC-CIMI-CR-23-JL"	"539 PIC"	539	"PIC"	2022-12-19	"8:31"	"AG"	"PALMAS"
"362-930PIC-CIMI-CR-23-JL"	"930 PIC"	930	"PIC"	2023-03-09	"11:57"	"JL"	"PALMAS"
"363-1010PIC-CIMI-CR-23-JL"	"1010 PIC"	1010	"PIC"	2023-03-21	"12:47"	"AW"	"PALMAS"
"364-144PIN-CIMI-CR-23-JL"	"144 PIN"	144	"PIN"	2022-09-26	"10:49"	"JCO"	"PALMAS"
"365-220PIN-CIMI-CR-23-JL"	"220 PIN"	220	"PIN"	2022-10-13	"9:11"	"LS"	"PALMAS"
"366-265PIN-CIMI-CR-23-JL"	"265 PIN"	265	"PIN"	2022-10-21	"13:33"	"JL"	"PALMAS"
"367-469PIN-CIMI-CR-23-JL"	"469 PIN"	469	"PIN"	2022-12-09	"12:10"	"JL"	"PALMAS"
"368-1025PIN-CIMI-CR-23-JL"	"1025 PIN"	1025	"PIN"	2023-03-22	"14:26"	"JL"	"PALMAS"
"369-599PIC-CIMI-CR-23-JL"	"599 PIC"	599	"PIC"	2023-01-04	"12:40"	"MC"	"PALMAS"
"370-1240PIN-CIMI-CR-23-JL"	"1240 PIN"	1240	"PIN"	2023-05-03	"16:50"	"CIW"	"PALMAS"
"372-542PIN-CIMI-CR-23-JL"	"542 PIN"	542	"PIN"	2022-12-19	"11:29"	"AG"	"PALMAS"
"373-923PIN-CIMI-CR-23-JL"	"923 PIN"	923	"PIN"	2023-03-07	"14:46"	"JCO"	"PALMAS"
"374-1453PIN-CIMI-CR-23-JL"	"1453 PIN"	1453	"PIN"	2023-06-22	"14:56"	"Other"	"PALMAS"
"375-134PIN-CIMI-CR-23-JL"	"134 PIN"	134	"PIN"	2022-09-23	"7:18"	"JCO"	"PALMAS"
"378-219PIR-CIMI-CR-23-JL"	"219 PIR"	219	"PIR"	2022-10-13	"9:05"	"LS"	"PALMAS"
"379-546PIR-CIMI-CR-23-JL"	"546 PIR"	546	"PIR"	2022-12-19	"10:48"	"JL"	"PALMAS"
"380-629PIR-CIMI-CR-23-JL"	"629 PIR"	629	"PIR"	2023-01-09	"13:42"	"JL"	"PALMAS"
"381-687PIR-CIMI-CR-23-JL"	"687 PIR"	687	"PIR"	2023-01-23	"7:16"	"AW"	"PALMAS"
"382-849PIR-CIMI-CR-23-JL"	"849 PIR"	849	"PIR"	2023-02-24	"6:52"	"JL"	"PALMAS"
"001-938PIR-CIMI-CR-23-JL"	"938 PIR"	938	"PIR"	2023-03-10	"9:58"	"AW"	"PALMAS"
"002-1000PIR-CIMI-CR-23-JL"	"1000 PIR"	1000	"PIR"	2023-03-20	"16:00"	"JL"	"PALMAS"
"003-1290PIR-CIMI-CR-23-JL"	"1290 PIR"	1290	"PIR"	2023-05-11	"6:19"	"JCO"	"PALMAS"
"004-235PLU-CIMI-CR-23-JL"	"235 PLU"	235	"PLU"	2022-10-17	"12:15"	"JCO"	"PALMAS"
"005-378PLU-CIMI-CR-23-JL"	"378 PLU"	378	"PLU"	2022-11-17	"11:58"	"JL"	"PALMAS"
"006-458PLU-CIMI-CR-23-JL"	"458 PLU"	458	"PLU"	2022-12-08	"14:09"	"JL"	"PALMAS"
"007-550PLU-CIMI-CR-23-JL"	"550 PLU"	550	"PLU"	2022-12-20	"10:45"	"JL"	"PALMAS"
"008-641PLU-CIMI-CR-23-JL"	"641 PLU"	641	"PLU"	2023-01-10	"16:00"	"AW"	"PALMAS"
"009-822PLU-CIMI-CR-23-JL"	"822 PLU"	822	"PLU"	2023-02-21	"7:00"	"JL"	"PALMAS"
"010-918PLU-CIMI-CR-23-JL"	"918 PLU"	918	"PLU"	2023-03-07	"11:30"	"JL"	"PALMAS"
"011-1013PLU-CIMI-CR-23-JL"	"1013 PLU"	1013	"PLU"	2023-03-21	"16:23"	"AW"	"PALMAS"
"012-1161PLU-CIMI-CR-23-JL"	"1161 PLU"	1161	"PLU"	2023-04-17	"10:19"	"EM"	"PALMAS"
"013-1253PLU-CIMI-CR-23-JL"	"1253 PLU"	1253	"PLU"	2023-05-05	"10:06"	"EM"	"PALMAS"
"014-1254PLU-CIMI-CR-23-JL"	"1254 PLU"	1254	"PLU"	2023-05-08	"10:12"	"EM"	"PALMAS"
"015-1355PLU-CIMI-CR-23-JL"	"1355 PLU"	1355	"PLU"	2023-05-29	"14:47"	"JL"	"PALMAS"
"016-1011PRA-CIMI-CR-23-JL"	"1011 PRA"	1011	"PRA"	2023-03-21	"12:52"	"AW"	"PALMAS"
"017-1046PRA-CIMI-CR-23-JL"	"1046 PRA"	1046	"PRA"	2023-03-28	"7:23"	"JCO"	"PALMAS"
"018-1215PRA-CIMI-CR-23-JL"	"1215 PRA"	1215	"PRA"	2023-04-25	"14:05"	"EM"	"PALMAS"
"019-1450PRA-CIMI-CR-23-JL"	"1450 PRA"	1450	"PRA"	2023-06-22	"9:40"	"JL"	"PALMAS"
"020-1477PRA-CIMI-CR-23-JL"	"1477 PRA"	1477	"PRA"	2023-07-04	"8:11"	"CIW"	"PALMAS"
"022-377PRI-CIMI-CR-23-JL"	"377 PRI"	377	"PRI"	2022-11-17	"10:28"	"JL"	"PALMAS"
"023-432PRI-CIMI-CR-23-JL"	"432 PRI"	432	"PRI"	2022-12-05	"11:51"	"JL"	"PALMAS"
"024-543PRI-CIMI-CR-23-JL"	"543 PRI"	543	"PRI"	2022-12-19	"10:26"	"AQ"	"PALMAS"
"026-850PRI-CIMI-CR-23-JL"	"850 PRI"	850	"PRI"	2023-02-24	"8:45"	"JL"	"PALMAS"
"027-933PRI-CIMI-CR-23-JL"	"933 PRI"	933	"PRI"	2023-03-09	"9:00"	"JL"	"PALMAS"
"028-1171PRI-CIMI-CR-23-JL"	"1171 PRI"	1171	"PRI"	2023-04-18	"10:37"	"AW"	"PALMAS"
"029-1423PRI-CIMI-CR-23-JL"	"1423 PRI"	1423	"PRI"	2023-06-19	"15:55"	"JL"	"PALMAS"
"030-1478PRI-CIMI-CR-23-JL"	"1478 PRI"	1478	"PRI"	2023-07-04	"9:42"	"CIW"	"PALMAS"
"031-147PRU-CIMI-CR-23-JL"	"147 PRU"	147	"PRU"	2022-09-28	"9:59"	"JCO"	"PALMAS"
"032-376PRU-CIMI-CR-23-JL"	"376 PRU"	376	"PRU"	2022-11-17	"10:57"	"JL"	"PALMAS"
"033-541PRU-CIMI-CR-23-JL"	"541 PRU"	541	"PRU"	2022-12-19	"11:15"	"JL"	"PALMAS"
"034-848PRU-CIMI-CR-23-JL"	"848 PRU"	848	"PRU"	2023-02-24	"10:31"	"JL"	"PALMAS"
"035-931PRU-CIMI-CR-23-JL"	"931 PRU"	931	"PRU"	2023-03-09	"9:06"	"JL"	"PALMAS"
"036-1211PRU-CIMI-CR-23-JL"	"1211 PRU"	1211	"PRU"	2023-04-25	"7:10"	"MC"	"PALMAS"
"037-1437PRU-CIMI-CR-23-JL"	"1437 PRU"	1437	"PRU"	2023-06-20	"13:12"	"JL"	"PALMAS"
"038-441PUR-CIMI-CR-23-JL"	"441 PUR"	441	"PUR"	2022-12-06	"11:40"	"AW"	"PALMAS"
"039-666PUR-CIMI-CR-23-JL"	"666 PUR"	666	"PUR"	2023-01-13	"10:30"	"JL"	"PALMAS"
"040-1000PUR-CIMI-CR-23-JL"	"1000 PUR"	1000	"PUR"	2023-03-20	"16:00"	"JL"	"PALMAS"
"183-1235TAB-CIMI-CR-23-JL"	"1235 TAB"	1235	"TAB"	2023-04-28	"10:49"	"JL"	"TENORI"
"185-1266TAB-CIMI-CR-23-JL"	"1266 TAB"	1266	"TAB"	2023-05-09	"11:01"	"EM"	"TENORI"
"186-1337TAB-CIMI-CR-23-JL"	"1337 TAB"	1337	"TAB"	2023-05-29	"9:50"	"AW"	"TENORI"
"187-1410TAB-CIMI-CR-23-JL"	"1410 TAB"	1410	"TAB"	2023-06-13	"11:23"	"AW"	"TENORI"
"188-120TAM-CIMI-CR-23-JL"	"120 TAM"	120	"TAM"	2022-09-15	"12:41"	"AW"	"TENORI"
"193-168TAM-CIMI-CR-23-JL"	"168 TAM"	168	"TAM"	2022-10-04	"8:40"	"AW"	"TENORI"
"194-249TAM-CIMI-CR-23-JL"	"249 TAM"	249	"TAM"	2022-10-19	"14:36"	"AW"	"TENORI"
"195-371TAM-CIMI-CR-23-JL"	"371 TAM"	371	"TAM"	2022-11-17	"6:03"	"AM"	"TENORI"
"196-435TAM-CIMI-CR-23-JL"	"435 TAM"	435	"TAM"	2022-12-05	"12:35"	"CB"	"TENORI"
"197-504TAM-CIMI-CR-23-JL"	"504 TAM"	504	"TAM"	2022-12-14	"11:48"	"CIW"	"TENORI"
"198-661TAM-CIMI-CR-23-JL"	"661 TAM"	661	"TAM"	2023-01-12	"8:45"	"JL"	"TENORI"
"200-733TAM-CIMI-CR-23-JL"	"733 TAM"	733	"TAM"	2023-02-01	"14:48"	"JL"	"TENORI"
"201-814TAM-CIMI-CR-23-JL"	"814 TAM"	814	"TAM"	2023-02-20	"13:55"	"JL"	"TENORI"
"202-892TAM-CIMI-CR-23-JL"	"892 TAM"	892	"TAM"	2023-03-02	"10:26"	"JL"	"TENORI"
"203-1038TAM-CIMI-CR-23-JL"	"1038 TAM"	1038	"TAM"	2023-03-24	"10:57"	"JL"	"TENORI"
"204-1092TAM-CIMI-CR-23-JL"	"1092 TAM"	1092	"TAM"	2023-04-06	"10:10"	"VM"	"TENORI"
"206-1202TAM-CIMI-CR-23-JL"	"1202 TAM"	1202	"TAM"	2023-04-24	"10:57"	"AW"	"TENORI"
"207-1265TAM-CIMI-CR-23-JL"	"1265 TAM"	1265	"TAM"	2023-05-09	"10:17"	"EM"	"TENORI"
"208-1331TAM-CIMI-CR-23-JL"	"1331 TAM"	1331	"TAM"	2023-05-23	"14:43"	"JL"	"TENORI"
"210-1407TAM-CIMI-CR-23-JL"	"1407 TAM"	1407	"TAM"	2023-06-13	"7:29"	"AW"	"TENORI"
"211-1493TAM-CIMI-CR-23-JL"	"1493 TAM"	1493	"TAM"	2023-07-10	"15:50"	"VM"	"TENORI"
"212-271TAN-CIMI-CR-23-JL"	"271 TAN"	271	"TAN"	2022-10-26	"9:04"	NA	"TENORI"
"213-345TAN-CIMI-CR-23-JL"	"345 TAN"	345	"TAN"	2022-11-11	"9:07"	"AW"	"TENORI"
"214-403TAN-CIMI-CR-23-JL"	"403 TAN"	403	"TAN"	2022-11-22	"9:57"	"VM"	"TENORI"
"215-485TAN-CIMI-CR-23-JL"	"485 TAN"	485	"TAN"	2022-12-12	"11:47"	"LW"	"TENORI"
"216-578TAN-CIMI-CR-23-JL"	"578 TAN"	578	"TAN"	2022-12-29	"10:39"	"JL"	"TENORI"
"217-660TAN-CIMI-CR-23-JL"	"660 TAN"	660	"TAN"	2023-01-12	"9:42"	"JL"	"TENORI"
"218-718TAN-CIMI-CR-23-JL"	"718 TAN"	718	"TAN"	2023-01-31	"7:38"	"CB"	"TENORI"
"219-829TAN-CIMI-CR-23-JL"	"829 TAN"	829	"TAN"	2023-02-22	"9:53"	"AW"	"TENORI"
"220-902TAN-CIMI-CR-23-JL"	"902 TAN"	902	"TAN"	2023-03-03	"8:19"	"JL"	"TENORI"
"221-1121TAN-CIMI-CR-23-JL"	"1121 TAN"	1121	"TAN"	2023-04-11	"9:25"	"VM"	"TENORI"
"222-1198TAN-CIMI-CR-23-JL"	"1198 TAN"	1198	"TAN"	2023-04-24	"12:16"	"AW"	"TENORI"
"223-1257TAN-CIMI-CR-23-JL"	"1257 TAN"	1257	"TAN"	2023-05-08	"11:17"	"JL"	"TENORI"
"224-1334TAN-CIMI-CR-23-JL"	"1334 TAN"	1334	"TAN"	2023-05-24	"14:45"	"CB"	"TENORI"
"226-1378TAN-CIMI-CR-23-JL"	"1378 TAN"	1378	"TAN"	2023-06-06	"8:42"	"JL"	"TENORI"
"227-1490TAN-CIMI-CR-23-JL"	"1490 TAN"	1490	"TAN"	2023-07-10	"11:59"	"AW"	"TENORI"
"228-1538TAN-CIMI-CR-23-JL"	"1538 TAN"	1538	"TAN"	2023-07-20	"9:58"	"AW"	"TENORI"
"229-678TAN-CIMI-CR-23-JL"	"678 TAN"	678	"TAN"	2023-01-18	"9:18"	"EM"	"TENORI"
"231-466TEM-CIMI-CR-23-JL"	"466 TEM"	466	"TEM"	2022-12-09	"11:14"	"AW"	"TENORI"
"232-726TEM-CIMI-CR-23-JL"	"726 TEM"	726	"TEM"	2023-02-01	"12:25"	"AW"	"TENORI"
"233-1109TEM-CIMI-CR-23-JL"	"1109 TEM"	1109	"TEM"	2023-04-07	"13:14"	"JL"	"TENORI"
"234-1175TEM-CIMI-CR-23-JL"	"1175 TEM"	1175	"TEM"	2023-04-18	"10:19"	"JL"	"TENORI"
"235-1262TEM-CIMI-CR-23-JL"	"1262 TEM"	1262	"TEM"	2023-05-08	"10:46"	"JL"	"TENORI"
"236-1339TEM-CIMI-CR-23-JL"	"1339 TEM"	1339	"TEM"	2023-05-29	"11:40"	"AW"	"TENORI"
"237-1408TEM-CIMI-CR-23-JL"	"1408 TEM"	1408	"TEM"	2023-06-13	"8:38"	"AW"	"TENORI"
"238-1470TEM-CIMI-CR-23-JL"	"1470 TEM"	1470	"TEM"	2023-06-29	"7:52"	"AW"	"TENORI"
"239-1522TEM-CIMI-CR-23-JL"	"1522 TEM"	1522	"TEM"	2023-07-18	"7:49"	"AW"	"TENORI"
"242-139TER-CIMI-CR-23-JL"	"139 TER"	139	"TER"	2022-09-23	"9:55"	"JL"	"TENORI"
"243-245TER-CIMI-CR-23-JL"	"245 TER"	245	"TER"	2022-10-19	"10:34"	"EM"	"TENORI"
"244-328TER-CIMI-CR-23-JL"	"328 TER"	328	"TER"	2022-11-08	"16:45"	"AW"	"TENORI"
"245-445TER-CIMI-CR-23-JL"	"445 TER"	445	"TER"	2022-12-06	"17:13"	"JL"	"TENORI"
"246-508TER-CIMI-CR-23-JL"	"508 TER"	508	"TER"	2022-12-14	"14:28"	"AW"	"TENORI"
"247-721TER-CIMI-CR-23-JL"	"721 TER"	721	"TER"	2023-01-31	"14:01"	"JL"	"TENORI"
"248-813TER-CIMI-CR-23-JL"	"813 TER"	813	"TER"	2023-02-20	"13:55"	"JL"	"TENORI"
"249-910TER-CIMI-CR-23-JL"	"910 TER"	910	"TER"	2023-03-06	"16:29"	"AW"	"TENORI"
"250-1469TES-CIMI-CR-23-JL"	"1469 TES"	1469	"TES"	2023-06-29	"6:51"	"AW"	"TENORI"
"251-1537TES-CIMI-CR-23-JL"	"1537 TES"	1537	"TES"	2023-07-20	"10:10"	"AW"	"TENORI"
"252-872TEM-CIMI-CR-23-JL"	"872 TEM"	872	"TEM"	2023-02-28	"8:13"	"EM"	"TENORI"
"253-1173TER-CIMI-CR-23-JL"	"1173 TER"	1173	"TER"	2023-04-18	"8:45"	"JL"	"TENORI"
"254-1268TER-CIMI-CR-23-JL"	"1268 TER"	1268	"TER"	2023-05-09	"15:40"	"LS"	"TENORI"
"255-1379TER-CIMI-CR-23-JL"	"1379 TER"	1379	"TER"	2023-06-06	"10:30"	"JL"	"TENORI"
"256-1507TER-CIMI-CR-23-JL"	"1507 TER"	1507	"TER"	2023-07-12	"10:12"	"AW"	"TENORI"
"257-126TES-CIMI-CR-23-JL"	"126 TES"	126	"TES"	2022-09-20	"12:56"	"JL"	"TENORI"
"258-243TES-CIMI-CR-23-JL"	"243 TES"	243	"TES"	2022-10-19	"11:57"	"EM"	"TENORI"
"259-326TES-CIMI-CR-23-JL"	"326 TES"	326	"TES"	2022-11-08	"14:19"	"AW"	"TENORI"
"260-401TES-CIMI-CR-23-JL"	"401 TES"	401	"TES"	2022-11-22	"6:37"	"VM"	"TENORI"
"261-670TES-CIMI-CR-23-JL"	"670 TES"	670	"TES"	2023-01-17	"11:22"	"AW"	"TENORI"
"262-720TES-CIMI-CR-23-JL"	"720 TES"	720	"TES"	2023-01-31	"12:34"	"JL"	"TENORI"
"263-816TES-CIMI-CR-23-JL"	"816 TES"	816	"TES"	2023-02-20	"15:20"	"JL"	"TENORI"
"264-919TES-CIMI-CR-23-JL"	"919 TES"	919	"TES"	2023-03-07	"12:37"	"AW"	"TENORI"
"265-1043TES-CIMI-CR-23-JL"	"1043 TES"	1043	"TES"	2023-03-28	"8:49"	"AW"	"TENORI"
"266-1087TES-CIMI-CR-23-JL"	"1087 TES"	1087	"TES"	2023-04-05	"12:38"	"EM"	"TENORI"
"267-1157TES-CIMI-CR-23-JL"	"1157 TES"	1157	"TES"	2023-04-14	"7:49"	"AW"	"TENORI"
"268-1269TES-CIMI-CR-23-JL"	"1269 TES"	1269	"TES"	2023-05-09	"15:35"	"LS"	"TENORI"
"269-1324TES-CIMI-CR-23-JL"	"1324 TES"	1324	"TES"	2023-05-22	"12:43"	"EM"	"TENORI"
"271-1387TES-CIMI-CR-23-JL"	"1387 TES"	1387	"TES"	2023-06-08	"14:41"	"JL"	"TENORI"
"274-103TET-CIMI-CR-23-JL"	"103 TET"	103	"TET"	2022-09-07	"16:58"	"JL"	"TENORI"
"275-142TET-CIMI-CR-23-JL"	"142 TET"	142	"TET"	2022-09-23	"11:02"	"JL"	"TENORI"
"276-385TET-CIMI-CR-23-JL"	"385 TET"	385	"TET"	2022-11-18	"13:19"	"LS"	"TENORI"
"277-484TET-CIMI-CR-23-JL"	"484 TET"	484	"TET"	2022-12-12	"10:58"	"AG"	"TENORI"
"278-588TET-CIMI-CR-23-JL"	"588 TET"	588	"TET"	2023-01-02	"12:30"	"JL"	"TENORI"
"279-669TET-CIMI-CR-23-JL"	"669 TET"	669	"TET"	2023-01-17	"11:47"	"AW"	"TENORI"
"280-732TET-CIMI-CR-23-JL"	"732 TET"	732	"TET"	2023-02-01	"13:14"	"JL"	"TENORI"
"281-842TET-CIMI-CR-23-JL"	"842 TET"	842	"TET"	2023-02-22	"14:31"	"JL"	"TENORI"
"282-952TET-CIMI-CR-23-JL"	"952 TET"	952	"TET"	2023-03-13	"9:38"	"AW"	"TENORI"
"283-1073TET-CIMI-CR-23-JL"	"1073 TET"	1073	"TET"	2023-04-04	"15:40"	"VM"	"TENORI"
"284-1204TET-CIMI-CR-23-JL"	"1204 TET"	1204	"TET"	2023-04-24	"10:51"	"AW"	"TENORI"
"285-1404TET-CIMI-CR-23-JL"	"1404 TET"	1404	"TET"	2023-06-13	"10:06"	"AW"	"TENORI"
"286-123THO-CIMI-CR-23-JL"	"123 THO"	123	"THO"	2022-09-20	"11:43"	"JL"	"TENORI"
"289-267THO-CIMI-CR-23-JL"	"267 THO"	267	"THO"	2022-10-26	"7:50"	NA	"TENORI"
"290-375THO-CIMI-CR-23-JL"	"375 THO"	375	"THO"	2022-11-17	"10:04"	"AM"	"TENORI"
"291-192TIL-CIMI-CR-23-JL"	"192 TIL"	192	"TIL"	2022-10-07	"12:14"	"AW"	"TENORI"
"292-533TIL-CIMI-CR-23-JL"	"533 TIL"	533	"TIL"	2022-12-16	"9:05"	"EM"	"TENORI"
"293-611TIL-CIMI-CR-23-JL"	"611 TIL"	611	"TIL"	2023-01-06	"8:46"	"JL"	"TENORI"
"294-722TIL-CIMI-CR-23-JL"	"722 TIL"	722	"TIL"	2023-01-31	"13:20"	"JL"	"TENORI"
"295-817TIL-CIMI-CR-23-JL"	"817 TIL"	817	"TIL"	2023-02-20	"14:56"	"JL"	"TENORI"
"296-904TIL-CIMI-CR-23-JL"	"904 TIL"	904	"TIL"	2023-03-03	"10:42"	"JL"	"TENORI"
"297-1131TIL-CIMI-CR-23-JL"	"1131 TIL"	1131	"TIL"	2023-04-12	"8:50"	"AW"	"TENORI"
"298-1282TIL-CIMI-CR-23-JL"	"1282 TIL"	1282	"TIL"	2023-05-10	"8:30"	"LS"	"TENORI"
"299-1462TIL-CIMI-CR-23-JL"	"1462 TIL"	1462	"TIL"	2023-06-28	"13:33"	"AW"	"TENORI"
"300-128TIN-CIMI-CR-23-JL"	"128 TIN"	128	"TIN"	2022-09-21	"10:45"	"AW"	"TENORI"
"301-382TIN-CIMI-CR-23-JL"	"382 TIN"	382	"TIN"	2022-11-17	"13:27"	"VM"	"TENORI"
"302-450TIN-CIMI-CR-23-JL"	"450 TIN"	450	"TIN"	2022-12-06	"15:57"	"JL"	"TENORI"
"303-486TIN-CIMI-CR-23-JL"	"486 TIN"	486	"TIN"	2022-12-12	"11:55"	"AG"	"TENORI"
"304-633TIN-CIMI-CR-23-JL"	"633 TIN"	633	"TIN"	2023-01-10	"10:22"	"JL"	"TENORI"
"305-719TIN-CIMI-CR-23-JL"	"719 TIN"	719	"TIN"	2023-01-31	"14:22"	"JL"	"TENORI"
"351-891TIN-CIMI-CR-23-JL"	"891 TIN"	891	"TIN"	2023-03-02	"8:52"	"JL"	"TENORI"
"352-981TIN-CIMI-CR-23-JL"	"981 TIN"	981	"TIN"	2023-03-16	"7:51"	"AW"	"TENORI"
"353-1048TIN-CIMI-CR-23-JL"	"1048 TIN"	1048	"TIN"	2023-03-28	"16:02"	"JL"	"TENORI"
"354-1086TIN-CIMI-CR-23-JL"	"1086 TIN"	1086	"TIN"	2023-04-05	"9:12"	"JL"	"TENORI"
"355-1176TIN-CIMI-CR-23-JL"	"1176 TIN"	1176	"TIN"	2023-04-18	"9:11"	"JL"	"TENORI"
"356-1260TIN-CIMI-CR-23-JL"	"1260 TIN"	1260	"TIN"	2023-05-08	"12:20"	"JL"	"TENORI"
"357-1338TIN-CIMI-CR-23-JL"	"1338 TIN"	1338	"TIN"	2023-05-29	"12:10"	"AW"	"TENORI"
"358-1400TIN-CIMI-CR-23-JL"	"1400 TIN"	1400	"TIN"	2023-06-12	"16:38"	"AW"	"TENORI"
"359-1461TIN-CIMI-CR-23-JL"	"1461 TIN"	1461	"TIN"	2023-06-28	"8:20"	"MC"	"TENORI"
"360-331TIQ-CIMI-CR-23-JL"	"331 TIQ"	331	"TIQ"	2022-11-08	"12:36"	"AW"	"TENORI"
"361-369TIQ-CIMI-CR-23-JL"	"369 TIQ"	369	"TIQ"	2022-11-17	"11:29"	"AM"	"TENORI"
"362-579TIQ-CIMI-CR-23-JL"	"579 TIQ"	579	"TIQ"	2022-12-29	"10:50"	"JL"	"TENORI"
"363-634TIQ-CIMI-CR-23-JL"	"634 TIQ"	634	"TIQ"	2023-01-10	"10:46"	"JL"	"TENORI"
"364-707TIQ-CIMI-CR-23-JL"	"707 TIQ"	707	"TIQ"	2023-01-27	"8:29"	"JL"	"TENORI"
"365-854TIQ-CIMI-CR-23-JL"	"854 TIQ"	854	"TIQ"	2023-02-24	"8:40"	"CB"	"TENORI"
"366-970TIQ-CIMI-CR-23-JL"	"970 TIQ"	970	"TIQ"	2023-03-15	"5:59"	"JL"	"TENORI"
"367-1358TIZ-CIMI-CR-23-JL"	"1358 TIZ"	1358	"TIZ"	2023-05-29	"13:24"	"NG"	"TENORI"
"370-1138TIQ-CIMI-CR-23-JL"	"1138 TIQ"	1138	"TIQ"	2023-04-12	"10:28"	"AW"	"TENORI"
"371-1332TIQ-CIMI-CR-23-JL"	"1332 TIQ"	1332	"TIQ"	2023-05-23	"14:40"	"JL"	"TENORI"
"372-1402TIQ-CIMI-CR-23-JL"	"1402 TIQ"	1402	"TIQ"	2023-06-13	"9:46"	"AW"	"TENORI"
"373-1536TIQ-CIMI-CR-23-JL"	"1536 TIQ"	1536	"TIQ"	2023-07-20	"9:58"	"AW"	"TENORI"
"374-575TIZ-CIMI-CR-23-JL"	"575 TIZ"	575	"TIZ"	2022-12-29	"9:58"	"JL"	"TENORI"
"375-765TIZ-CIMI-CR-23-JL"	"765 TIZ"	765	"TIZ"	2023-02-08	"12:00"	"JL"	"TENORI"
"376-832TIZ-CIMI-CR-23-JL"	"832 TIZ"	832	"TIZ"	2023-02-22	"6:29"	"AW"	"TENORI"
"377-973TIZ-CIMI-CR-23-JL"	"973 TIZ"	973	"TIZ"	2023-03-15	"10:46"	"JL"	"TENORI"
"378-1054TIZ-CIMI-CR-23-JL"	"1054 TIZ"	1054	"TIZ"	2023-03-30	"13:15"	"CB"	"TENORI"
"379-1155TIZ-CIMI-CR-23-JL"	"1155 TIZ"	1155	"TIZ"	2023-04-14	"9:11"	"AW"	"TENORI"
"380-831TIN-CIMI-CR-23-JL"	"831 TIN"	831	"TIN"	2023-02-22	"10:59"	"AW"	"TENORI"
"381-1403TIZ-CIMI-CR-23-JL"	"1403 TIZ"	1403	"TIZ"	2023-06-13	"7:17"	"AW"	"TENORI"
"382-1466TIZ-CIMI-CR-23-JL"	"1466 TIZ"	1466	"TIZ"	2023-06-28	"15:34"	"AW"	"TENORI"
"001-1491TIZ-CIMI-CR-23-JL"	"1491 TIZ"	1491	"TIZ"	2023-07-10	"13:38"	"VM"	"TENORI"
"002-1542TIZ-CIMI-CR-23-JL"	"1542 TIZ"	1542	"TIZ"	2023-07-21	"8:50"	"AW"	"TENORI"
"003-934TOB-CIMI-CR-23-JL"	"934 TOB"	934	"TOB"	2023-03-09	"10:51"	"AW"	"TENORI"
"004-953TOB-CIMI-CR-23-JL"	"953 TOB"	953	"TOB"	2023-03-13	"8:55"	"AW"	"TENORI"
"005-127TOT-CIMI-CR-23-JL"	"127 TOT"	127	"TOT"	2022-09-20	"12:59"	"JL"	"TENORI"
"006-165TOT-CIMI-CR-23-JL"	"165 TOT"	165	"TOT"	2022-10-03	"15:38"	"JL"	"TENORI"
"007-244TOT-CIMI-CR-23-JL"	"244 TOT"	244	"TOT"	2022-10-19	"11:00"	"EM"	"TENORI"
"008-332TOT-CIMI-CR-23-JL"	"332 TOT"	332	"TOT"	2022-11-09	"5:58"	"JCO"	"TENORI"
"009-402TOT-CIMI-CR-23-JL"	"402 TOT"	402	"TOT"	2022-11-22	"8:50"	"VM"	"TENORI"
"010-507TOT-CIMI-CR-23-JL"	"507 TOT"	507	"TOT"	2022-12-14	"13:00"	"AW"	"TENORI"
"011-640TOT-CIMI-CR-23-JL"	"640 TOT"	640	"TOT"	2023-01-10	"11:15"	"JL"	"TENORI"
"012-785TOT-CIMI-CR-23-JL"	"785 TOT"	785	"TOT"	2023-02-10	"10:58"	"JCO"	"TENORI"
"013-894TOT-CIMI-CR-23-JL"	"894 TOT"	894	"TOT"	2023-03-02	"15:05"	"EM"	"TENORI"
"014-971TOT-CIMI-CR-23-JL"	"971 TOT"	971	"TOT"	2023-03-15	"9:35"	"JL"	"TENORI"
"015-1083TOT-CIMI-CR-23-JL"	"1083 TOT"	1083	"TOT"	2023-04-05	"9:20"	"JL"	"TENORI"
"016-1110TOT-CIMI-CR-23-JL"	"1110 TOT"	1110	"TOT"	2023-04-10	"8:51"	"AW"	"TENORI"
"017-1232TOT-CIMI-CR-23-JL"	"1232 TOT"	1232	"TOT"	2023-04-28	"8:50"	"VM"	"TENORI"
"019-1347TOT-CIMI-CR-23-JL"	"1347 TOT"	1347	"TOT"	2023-05-29	"11:51"	"AW"	"TENORI"
"020-1386TOT-CIMI-CR-23-JL"	"1386 TOT"	1386	"TOT"	2023-06-08	"12:33"	"JL"	"TENORI"
"021-1464TOT-CIMI-CR-23-JL"	"1464 TOT"	1464	"TOT"	2023-06-28	"13:22"	"CIW"	"TENORI"
"022-1523TOT-CIMI-CR-23-JL"	"1523 TOT"	1523	"TOT"	2023-07-18	"8:44"	"AW"	"TENORI"
"023-527TRO-CIMI-CR-23-JL"	"527 TRO"	527	"TRO"	2022-12-15	"12:22"	"VM"	"TENORI"
"024-638TRO-CIMI-CR-23-JL"	"638 TRO"	638	"TRO"	2023-01-10	"10:31"	"JL"	"TENORI"
"025-741TRO-CIMI-CR-23-JL"	"741 TRO"	741	"TRO"	2023-02-03	"12:05"	"AW"	"TENORI"
"026-868TRO-CIMI-CR-23-JL"	"868 TRO"	868	"TRO"	2023-02-27	"15:54"	"JL"	"TENORI"
"027-893TRO-CIMI-CR-23-JL"	"893 TRO"	893	"TRO"	2023-03-02	"7:19"	"JL"	"TENORI"
"028-974TRO-CIMI-CR-23-JL"	"974 TRO"	974	"TRO"	2023-03-15	"10:02"	"JL"	"TENORI"
"029-1081TRO-CIMI-CR-23-JL"	"1081 TRO"	1081	"TRO"	2023-04-05	"9:54"	"JL"	"TENORI"
"030-1158TRO-CIMI-CR-23-JL"	"1158 TRO"	1158	"TRO"	2023-04-14	"9:19"	"JCO"	"TENORI"
"031-1279TRO-CIMI-CR-23-JL"	"1279 TRO"	1279	"TRO"	2023-05-10	"12:43"	"JL"	"TENORI"
"032-1361TRO-CIMI-CR-23-JL"	"1361 TRO"	1361	"TRO"	2023-05-30	"14:08"	"JL"	"TENORI"
"033-1505TRO-CIMI-CR-23-JL"	"1505 TRO"	1505	"TRO"	2023-07-12	"9:00"	"AW"	"TENORI"
"034-1543TRO-CIMI-CR-23-JL"	"1543 TRO"	1543	"TRO"	2023-07-21	"10:03"	"AW"	"TENORI"
"035-106TRU-CIMI-CR-23-JL"	"106 TRU"	106	"TRU"	2022-09-09	"13:46"	"JL"	"TENORI"
"036-143TRU-CIMI-CR-23-JL"	"143 TRU"	143	"TRU"	2022-09-23	"15:36"	"JL"	"TENORI"
"037-173TRU-CIMI-CR-23-JL"	"173 TRU"	173	"TRU"	2022-10-05	"6:05"	"AW"	"TENORI"
"038-258TRU-CIMI-CR-23-JL"	"258 TRU"	258	"TRU"	2022-10-20	"14:01"	"EM"	"TENORI"
"039-321TRU-CIMI-CR-23-JL"	"321 TRU"	321	"TRU"	2022-11-08	"11:56"	"UN"	"TENORI"
"040-353TRU-CIMI-CR-23-JL"	"353 TRU"	353	"TRU"	2022-11-15	"10:00"	"AW"	"TENORI"
"041-453TRU-CIMI-CR-23-JL"	"453 TRU"	453	"TRU"	2022-12-08	"10:45"	"AG"	"TENORI"
"042-574TRU-CIMI-CR-23-JL"	"574 TRU"	574	"TRU"	2022-12-27	"8:30"	"JL"	"TENORI"
"043-751TRU-CIMI-CR-23-JL"	"751 TRU"	751	"TRU"	2023-02-06	"16:45"	"MC"	"TENORI"
"044-830TRU-CIMI-CR-23-JL"	"830 TRU"	830	"TRU"	2023-02-22	"9:10"	"AW"	"TENORI"
"045-946TRU-CIMI-CR-23-JL"	"946 TRU"	946	"TRU"	2023-03-10	"12:03"	"JL"	"TENORI"
"046-1047TRU-CIMI-CR-23-JL"	"1047 TRU"	1047	"TRU"	2023-03-28	"12:07"	"JL"	"TENORI"
"047-1118TRU-CIMI-CR-23-JL"	"1118 TRU"	1118	"TRU"	2023-04-10	"11:47"	"AW"	"TENORI"
"050-1201TRU-CIMI-CR-23-JL"	"1201 TRU"	1201	"TRU"	2023-04-24	"12:58"	"AW"	"TENORI"
"051-1278TRU-CIMI-CR-23-JL"	"1278 TRU"	1278	"TRU"	2023-05-10	"14:29"	"AW"	"TENORI"
"052-1333TRU-CIMI-CR-23-JL"	"1333 TRU"	1333	"TRU"	2023-05-23	"14:44"	"JL"	"TENORI"
"053-1365TRU-CIMI-CR-23-JL"	"1365 TRU"	1365	"TRU"	2023-06-01	"10:15"	"AW"	"TENORI"
"054-1411TRU-CIMI-CR-23-JL"	"1411 TRU"	1411	"TRU"	2023-06-13	"9:03"	"AW"	"TENORI"
"055-1459TRU-CIMI-CR-23-JL"	"1459 TRU"	1459	"TRU"	2023-06-26	"12:35"	"Other"	"TENORI"
"056-193TSU-CIMI-CR-23-JL"	"193 TSU"	193	"TSU"	2022-10-07	"12:53"	"AW"	"TENORI"
"057-250TSU-CIMI-CR-23-JL"	"250 TSU"	250	"TSU"	2022-10-19	"16:55"	"AW"	"TENORI"
"058-338TSU-CIMI-CR-23-JL"	"338 TSU"	338	"TSU"	2022-11-10	"9:29"	"AW"	"TENORI"
"059-503TSU-CIMI-CR-23-JL"	"503 TSU"	503	"TSU"	2022-12-14	"11:27"	"CIW"	"TENORI"
"060-609TSU-CIMI-CR-23-JL"	"609 TSU"	609	"TSU"	2023-01-06	"7:42"	"JL"	"TENORI"
"061-683TSU-CIMI-CR-23-JL"	"683 TSU"	683	"TSU"	2023-01-20	"10:25"	"AW"	"TENORI"
"062-810TSU-CIMI-CR-23-JL"	"810 TSU"	810	"TSU"	2023-02-20	"16:53"	"JL"	"TENORI"
"063-890TSU-CIMI-CR-23-JL"	"890 TSU"	890	"TSU"	2023-03-02	"9:50"	"JL"	"TENORI"
"064-977TSU-CIMI-CR-23-JL"	"977 TSU"	977	"TSU"	2023-03-15	"12:01"	"EM"	"MESAS"
"065-1122TSU-CIMI-CR-23-JL"	"1122 TSU"	1122	"TSU"	2023-04-11	"11:50"	"VM"	"TENORI"
"066-1259TSU-CIMI-CR-23-JL"	"1259 TSU"	1259	"TSU"	2023-05-08	"12:05"	"JL"	"TENORI"
"067-1508TSU-CIMI-CR-23-JL"	"1508 TSU"	1508	"TSU"	2023-07-12	"7:44"	"AW"	"TENORI"
"068-1545TSU-CIMI-CR-23-JL"	"1545 TSU"	1545	"TSU"	2023-07-21	"9:28"	"AW"	"TENORI"
"069-330TUA-CIMI-CR-23-JL"	"330 TUA"	330	"TUA"	2022-11-08	"14:07"	"AW"	"TENORI"
"070-384TUA-CIMI-CR-23-JL"	"384 TUA"	384	"TUA"	2022-11-18	"11:49"	"AW"	"TENORI"
"071-509TUA-CIMI-CR-23-JL"	"509 TUA"	509	"TUA"	2022-12-14	"13:50"	"AW"	"TENORI"
"072-616TUA-CIMI-CR-23-JL"	"616 TUA"	616	"TUA"	2023-01-09	"11:45"	"AG"	"TENORI"
"074-119TSU-CIMI-CR-23-JL"	"119 TSU"	119	"TSU"	2022-09-15	"11:00"	"JL"	"TENORI"
"075-672TUA-CIMI-CR-23-JL"	"672 TUA"	672	"TUA"	2023-01-17	"14:34"	"VM"	"TENORI"
"076-725TUA-CIMI-CR-23-JL"	"725 TUA"	725	"TUA"	2023-02-01	"15:05"	"AW"	"TENORI"
"077-841TUA-CIMI-CR-23-JL"	"841 TUA"	841	"TUA"	2023-02-22	"13:15"	"JL"	"TENORI"
"078-903TUA-CIMI-CR-23-JL"	"903 TUA"	903	"TUA"	2023-03-03	"9:36"	"JL"	"TENORI"
"079-972TUA-CIMI-CR-23-JL"	"972 TUA"	972	"TUA"	2023-03-15	"9:32"	"JL"	"TENORI"
"082-985TUA-CIMI-CR-23-JL"	"985 TUA"	985	"TUA"	2023-03-16	"12:43"	"CB"	"TENORI"
"083-1089TUA-CIMI-CR-23-JL"	"1089 TUA"	1089	"TUA"	2023-04-05	"12:51"	"EM"	"TENORI"
"084-1135TUA-CIMI-CR-23-JL"	"1135 TUA"	1135	"TUA"	2023-04-12	"7:44"	"AW"	"TENORI"
"085-1267TUA-CIMI-CR-23-JL"	"1267 TUA"	1267	"TUA"	2023-05-09	"14:27"	"LS"	"TENORI"
"086-1375TUA-CIMI-CR-23-JL"	"1375 TUA"	1375	"TUA"	2023-06-06	"9:26"	"JL"	"TENORI"
"087-1399TUA-CIMI-CR-23-JL"	"1399 TUA"	1399	"TUA"	2023-06-12	"14:27"	"AW"	"TENORI"
"088-204MAN-CIMI-CR-23-JL"	"204 MAN"	204	"MAN"	2022-10-11	"6:03"	"JL"	"MESAS"
"089-414MAN-CIMI-CR-23-JL"	"414 MAN"	414	"MAN"	2022-11-25	"6:16"	"EM"	"MESAS"
"090-487MAN-CIMI-CR-23-JL"	"487 MAN"	487	"MAN"	2022-12-12	"15:26"	"AW"	"MESAS"
"091-558MAN-CIMI-CR-23-JL"	"558 MAN"	558	"MAN"	2022-12-20	"16:14"	"CB"	"MESAS"
"092-806MAN-CIMI-CR-23-JL"	"806 MAN"	806	"MAN"	2023-02-16	"8:49"	"AW"	"MESAS"
"093-978MAN-CIMI-CR-23-JL"	"978 MAN"	978	"MAN"	2023-03-16	"8:41"	"JL"	"MESAS"
"094-1017MAN-CIMI-CR-23-JL"	"1017 MAN"	1017	"MAN"	2023-03-21	"17:45"	"CB"	"MESAS"
"097-391MAU-CIMI-CR-23-JL"	"391 MAU"	391	"MAU"	2022-11-21	"16:03"	"AW"	"MESAS"
"098-481MAU-CIMI-CR-23-JL"	"481 MAU"	481	"MAU"	2022-12-12	"12:44"	"JL"	"MESAS"
"099-495MAU-CIMI-CR-23-JL"	"495 MAU"	495	"MAU"	2022-12-13	"13:33"	"AG"	"MESAS"
"100-406MAY-CIMI-CR-23-JL"	"406 MAY"	406	"MAY"	2022-11-23	"8:50"	"MC"	"MESAS"
"101-515MAY-CIMI-CR-23-JL"	"515 MAY"	515	"MAY"	2022-12-14	"16:54"	"JL"	"MESAS"
"102-696MAY-CIMI-CR-23-JL"	"696 MAY"	696	"MAY"	2023-01-26	"10:59"	"AW"	"MESAS"
"103-776MAY-CIMI-CR-23-JL"	"776 MAY"	776	"MAY"	2023-02-09	"15:46"	"AW"	"MESAS"
"104-1016MAY-CIMI-CR-23-JL"	"1016 MAY"	1016	"MAY"	2023-03-21	"15:45"	"CB"	"MESAS"
"105-1094MAY-CIMI-CR-23-JL"	"1094 MAY"	1094	"MAY"	2023-04-06	"7:33"	"AW"	"MESAS"
"106-1265MAY-CIMI-CR-23-JL"	"1265 MAY"	1265	"MAY"	2023-05-09	"10:17"	"EM"	"TENORI"
"107-1271MAY-CIMI-CR-23-JL"	"1271 MAY"	1271	"MAY"	2023-05-09	"16:23"	"CB"	"MESAS"
"108-1320MAY-CIMI-CR-23-JL"	"1320 MAY"	1320	"MAY"	2023-05-17	"16:22"	"JCO"	"MESAS"
"109-155MEZ-CIMI-CR-23-JL"	"155 MEZ"	155	"MEZ"	2022-09-29	"12:33"	"JL"	"MESAS"
"110-302MEZ-CIMI-CR-23-JL"	"302 MEZ"	302	"MEZ"	2022-11-02	"10:23"	"AW"	"MESAS"
"112-426MEZ-CIMI-CR-23-JL"	"426 MEZ"	426	"MEZ"	2022-12-01	"13:18"	"AG"	"MESAS"
"113-492MEZ-CIMI-CR-23-JL"	"492 MEZ"	492	"MEZ"	2022-12-13	"10:54"	"AW"	"MESAS"
"114-652MEZ-CIMI-CR-23-JL"	"652 MEZ"	652	"MEZ"	2023-01-12	"9:02"	"MC"	"MESAS"
"115-757MEZ-CIMI-CR-23-JL"	"757 MEZ"	757	"MEZ"	2023-02-07	"9:15"	"JL"	"MESAS"
"116-1019MEZ-CIMI-CR-23-JL"	"1019 MEZ"	1019	"MEZ"	2023-03-22	"7:10"	"AW"	"MESAS"
"117-1190MEZ-CIMI-CR-23-JL"	"1190 MEZ"	1190	"MEZ"	2023-04-20	"15:40"	"AW"	"MESAS"
"118-405MEZ-CIMI-CR-23-JL"	"405 MEZ"	405	"MEZ"	2022-11-23	"8:44"	"ER"	"MESAS"
"119-484MEZ-CIMI-CR-23-JL"	"484 MEZ"	484	"MEZ"	2022-12-12	"10:58"	"AG"	"TENORI"
"120-804MIL-CIMI-CR-23-JL"	"804 MIL"	804	"MIL"	2023-02-16	"9:43"	"AW"	"MESAS"
"121-964MIL-CIMI-CR-23-JL"	"964 MIL"	964	"MIL"	2023-03-14	"13:08"	"EM"	"MESAS"
"122-999MIL-CIMI-CR-23-JL"	"999 MIL"	999	"MIL"	2023-03-20	"10:55"	"MC"	"MESAS"
"123-1070MIL-CIMI-CR-23-JL"	"1070 MIL"	1070	"MIL"	2023-04-04	"10:43"	"JL"	"MESAS"
"124-1327MIL-CIMI-CR-23-JL"	"1327 MIL"	1327	"MIL"	2023-05-23	"6:45"	"MC"	"MESAS"
"125-211MIS-CIMI-CR-23-JL"	"211 MIS"	211	"MIS"	2022-10-12	"10:44"	"JL"	"MESAS"
"126-689MIS-CIMI-CR-23-JL"	"689 MIS"	689	"MIS"	2023-01-25	"17:14"	"AW"	"MESAS"
"127-899MIS-CIMI-CR-23-JL"	"899 MIS"	899	"MIS"	2023-03-03	"10:00"	"CB"	"MESAS"
"128-1022MIS-CIMI-CR-23-JL"	"1022 MIS"	1022	"MIS"	2023-03-22	"8:16"	"AW"	"MESAS"
"129-1179MIS-CIMI-CR-23-JL"	"1179 MIS"	1179	"MIS"	2023-04-18	"7:38"	"EM"	"MESAS"
"130-1285MIS-CIMI-CR-23-JL"	"1285 MIS"	1285	"MIS"	2023-05-11	"9:59"	"JL"	"MESAS"
"131-1310MIS-CIMI-CR-23-JL"	"1310 MIS"	1310	"MIS"	2023-05-16	"16:50"	"AW"	"MESAS"
"132-512MON-CIMI-CR-23-JL"	"512 MON"	512	"MON"	2022-12-14	"12:58"	"JL"	"MESAS"
"133-1187MON-CIMI-CR-23-JL"	"1187 MON"	1187	"MON"	2023-04-20	"14:07"	"AW"	"MESAS"
"134-1325MON-CIMI-CR-23-JL"	"1325 MON"	1325	"MON"	2023-05-22	"11:18"	"LS"	"MESAS"
"135-801MOS-CIMI-CR-23-JL"	"801 MOS"	801	"MOS"	2023-02-15	"13:35"	"AW"	"MESAS"
"136-1192MOS-CIMI-CR-23-JL"	"1192 MOS"	1192	"MOS"	2023-04-21	"10:51"	"AW"	"MESAS"
"137-1303MOS-CIMI-CR-23-JL"	"1303 MOS"	1303	"MOS"	2023-05-15	"11:33"	"MC"	"MESAS"
"138-1447MOS-CIMI-CR-23-JL"	"1447 MOS"	1447	"MOS"	2023-06-22	"7:15"	"AW"	"MESAS"
"139-200MOZ-CIMI-CR-23-JL"	"200 MOZ"	200	"MOZ"	2022-10-10	"16:44"	"JL"	"MESAS"
"140-224MOZ-CIMI-CR-23-JL"	"224 MOZ"	224	"MOZ"	2022-10-13	"9:10"	"AW"	"MESAS"
"141-359MOZ-CIMI-CR-23-JL"	"359 MOZ"	359	"MOZ"	2022-11-15	"10:12"	"JL"	"MESAS"
"144-482MOZ-CIMI-CR-23-JL"	"482 MOZ"	482	"MOZ"	2022-12-12	"12:25"	"JL"	"MESAS"
"145-560MIL-CIMI-CR-23-JL"	"560 MIL"	560	"MIL"	2022-12-21	"7:44"	"JL"	"MESAS"
"146-802MOZ-CIMI-CR-23-JL"	"802 MOZ"	802	"MOZ"	2023-02-15	"14:30"	"AW"	"MESAS"
"147-993MOZ-CIMI-CR-23-JL"	"993 MOZ"	993	"MOZ"	2023-03-17	"11:21"	"JL"	"MESAS"
"148-1066MOZ-CIMI-CR-23-JL"	"1066 MOZ"	1066	"MOZ"	2023-04-04	"11:44"	"JL"	"MESAS"
"149-116MUL-CIMI-CR-23-JL"	"116 MUL"	116	"MUL"	2022-09-14	"13:17"	"JL"	"MESAS"
"150-513MUL-CIMI-CR-23-JL"	"513 MUL"	513	"MUL"	2022-12-14	"14:59"	"JL"	"MESAS"
"151-552MUL-CIMI-CR-23-JL"	"552 MUL"	552	"MUL"	2022-12-20	"7:49"	"EM"	"MESAS"
"152-1015MUL-CIMI-CR-23-JL"	"1015 MUL"	1015	"MUL"	2023-03-21	"15:00"	"CB"	"MESAS"
"153-1067MUL-CIMI-CR-23-JL"	"1067 MUL"	1067	"MUL"	2023-04-04	"15:11"	"JL"	"MESAS"
"154-1306MUL-CIMI-CR-23-JL"	"1306 MUL"	1306	"MUL"	2023-05-16	"6:35"	"CB"	"MESAS"
"155-1321MUL-CIMI-CR-23-JL"	"1321 MUL"	1321	"MUL"	2023-05-18	"14:11"	"CB"	"MESAS"
"156-477MUL-CIMI-CR-23-JL"	"477 MUL"	477	"MUL"	2022-12-12	"12:38"	"JL"	"MESAS"
"157-865MUL-CIMI-CR-23-JL"	"865 MUL"	865	"MUL"	2023-02-27	"11:04"	"AW"	"MESAS"
"158-967MUL-CIMI-CR-23-JL"	"967 MUL"	967	"MUL"	2023-03-15	"10:27"	"AW"	"MESAS"
"159-990MUS-CIMI-CR-23-JL"	"990 MUS"	990	"MUS"	2023-03-17	"14:09"	"JL"	"MESAS"
"160-1014MUS-CIMI-CR-23-JL"	"1014 MUS"	1014	"MUS"	2023-03-21	"13:35"	"CB"	"MESAS"
"161-1068MUS-CIMI-CR-23-JL"	"1068 MUS"	1068	"MUS"	2023-04-04	"12:26"	"JL"	"MESAS"
"162-1077MUS-CIMI-CR-23-JL"	"1077 MUS"	1077	"MUS"	2023-04-05	"6:43"	"AW"	"MESAS"
"163-1314MUS-CIMI-CR-23-JL"	"1314 MUS"	1314	"MUS"	2023-05-17	"9:56"	"VM"	"MESAS"
"164-1510MUS-CIMI-CR-23-JL"	"1510 MUS"	1510	"MUS"	2023-07-12	"13:26"	"JCO"	"MESAS"
"165-153MYK-CIMI-CR-23-JL"	"153 MYK"	153	"MYK"	2022-09-28	"13:11"	"JL"	"MESAS"
"166-408MYK-CIMI-CR-23-JL"	"408 MYK"	408	"MYK"	2022-11-23	"9:34"	"VM"	"MESAS"
"167-510MYK-CIMI-CR-23-JL"	"510 MYK"	510	"MYK"	2022-12-14	"12:32"	"JL"	"MESAS"
"169-797MYK-CIMI-CR-23-JL"	"797 MYK"	797	"MYK"	2023-02-15	"9:30"	"LS"	"MESAS"
"170-1023MYK-CIMI-CR-23-JL"	"1023 MYK"	1023	"MYK"	2023-03-22	"8:47"	"AW"	"MESAS"
"171-1315MYK-CIMI-CR-23-JL"	"1315 MYK"	1315	"MYK"	2023-05-17	"10:20"	"MC"	"MESAS"
"174-1319MYK-CIMI-CR-23-JL"	"1319 MYK"	1319	"MYK"	2023-05-17	"15:29"	"CB"	"MESAS"
"175-334PAP-CIMI-CR-23-JL"	"334 PAP"	334	"PAP"	2022-11-10	"9:33"	"JL"	"PALMAS"
"176-131PED-CIMI-CR-23-JL"	"131 PED"	131	"PED"	2022-09-22	"7:45"	"JL"	"TENORI"
"177-166PED-CIMI-CR-23-JL"	"166 PED"	166	"PED"	2022-10-03	"16:18"	"JL"	"TENORI"
"178-248PED-CIMI-CR-23-JL"	"248 PED"	248	"PED"	2022-10-19	"14:23"	"AW"	"TENORI"
"179-254PED-CIMI-CR-23-JL"	"254 PED"	254	"PED"	2022-10-20	"5:34"	"AW"	"TENORI"
"180-263PED-CIMI-CR-23-JL"	"263 PED"	263	"PED"	2022-10-21	"8:29"	"AW"	"TENORI"
"181-322PED-CIMI-CR-23-JL"	"322 PED"	322	"PED"	2022-11-08	"9:19"	"UN"	"TENORI"
"182-465PED-CIMI-CR-23-JL"	"465 PED"	465	"PED"	2022-12-09	"8:17"	"AW"	"TENORI"
"183-714PED-CIMI-CR-23-JL"	"714 PED"	714	"PED"	2023-01-30	"13:20"	"AW"	"TENORI"
"184-825PED-CIMI-CR-23-JL"	"825 PED"	825	"PED"	2023-02-21	"15:45"	"AW"	"TENORI"
"185-873PED-CIMI-CR-23-JL"	"873 PED"	873	"PED"	2023-02-28	"8:47"	"EM"	"TENORI"
"186-1082PED-CIMI-CR-23-JL"	"1082 PED"	1082	"PED"	2023-04-05	"9:39"	"JL"	"TENORI"
"187-1149PED-CIMI-CR-23-JL"	"1149 PED"	1149	"PED"	2023-04-13	"13:30"	"VM"	"TENORI"
"188-1182PED-CIMI-CR-23-JL"	"1182 PED"	1182	"PED"	2023-04-20	"7:32"	"EM"	"TENORI"
"189-1369PED-CIMI-CR-23-JL"	"1369 PED"	1369	"PED"	2023-06-05	"13:16"	"JL"	"TENORI"
"190-1416PED-CIMI-CR-23-JL"	"1416 PED"	1416	"PED"	2023-06-15	"13:30"	"MP"	"TENORI"
"193-1494PED-CIMI-CR-23-JL"	"1494 PED"	1494	"PED"	2023-07-11	"9:46"	"AW"	"TENORI"
"194-1220PRU-CIMI-CR-23-JL"	"1220 PRU"	1220	"PRU"	2023-04-26	"7:55"	"PRU"	"PALMAS"
"195-610TAB-CIMI-CR-23-JL"	"610 TAB"	610	"TAB"	2023-01-06	"9:01"	"JL"	"TENORI"
"196-827TAB-CIMI-CR-23-JL"	"827 TAB"	827	"TAB"	2023-02-21	"15:34"	"AW"	"TENORI"
"197-986TAB-CIMI-CR-23-JL"	"986 TAB"	986	"TAB"	2023-03-16	"13:57"	"EM"	"TENORI"
"198-141TAC-CIMI-CR-23-JL"	"141 TAC"	141	"TAC"	2022-09-23	"9:20"	"AW"	"TENORI"
"199-171TAC-CIMI-CR-23-JL"	"171 TAC"	171	"TAC"	2022-10-04	"13:47"	"JCO"	"TENORI"
"200-383TAC-CIMI-CR-23-JL"	"383 TAC"	383	"TAC"	2022-11-18	"12:23"	"LS"	"TENORI"
"201-538TAC-CIMI-CR-23-JL"	"538 TAC"	538	"TAC"	2022-12-16	"10:38"	"AW"	"TENORI"
"202-584TAC-CIMI-CR-23-JL"	"584 TAC"	584	"TAC"	2023-01-02	"11:47"	"JL"	"TENORI"
"203-735TAC-CIMI-CR-23-JL"	"735 TAC"	735	"TAC"	2023-02-01	"17:23"	"JL"	"TENORI"
"204-877TAC-CIMI-CR-23-JL"	"877 TAC"	877	"TAC"	2023-03-01	"10:37"	"JCO"	"TENORI"
"206-984TAC-CIMI-CR-23-JL"	"984 TAC"	984	"TAC"	2023-03-16	"9:37"	"AW"	"TENORI"
"207-1139TAC-CIMI-CR-23-JL"	"1139 TAC"	1139	"TAC"	2023-04-12	"7:28"	"AW"	"TENORI"
"208-1385TAC-CIMI-CR-23-JL"	"1385 TAC"	1385	"TAC"	2023-06-08	"15:27"	"JL"	"TENORI"
"209-1465TAC-CIMI-CR-23-JL"	"1465 TAC"	1465	"TAC"	2023-06-28	"14:29"	"AW"	"TENORI"
"210-1541TAC-CIMI-CR-23-JL"	"1541 TAC"	1541	"TAC"	2023-07-21	"7:00"	"AW"	"TENORI"
"211-132TAM-CIMI-CR-23-JL"	"132 TAM"	132	"TAM"	2022-09-22	"11:17"	"AW"	"TENORI"
"212-1360TAM-CIMI-CR-23-JL"	"1360 TAM"	1360	"TAM"	2023-05-30	"13:59"	"JL"	"TENORI"
"213-273TAM-CIMI-CR-23-JL"	"273 TAM"	273	"TAM"	2022-10-26	"11:27"	"AW"	"TENORI"
"214-381TAN-CIMI-CR-23-JL"	"381 TAN"	381	"TAN"	2022-11-17	"13:08"	"VM"	"TENORI"
"215-572TAM-CIMI-CR-23-JL"	"572 TAM"	572	"TAM"	2022-12-27	"9:18"	"JL"	"TENORI"
"216-705TAM-CIMI-CR-23-JL"	"705 TAM"	705	"TAM"	2023-01-27	"10:03"	"JL"	"TENORI"
"217-752TAM-CIMI-CR-23-JL"	"752 TAM"	752	"TAM"	2023-02-07	"10:40"	"AW"	"TENORI"
"218-936TAM-CIMI-CR-23-JL"	"936 TAM"	936	"TAM"	2023-03-09	"8:25"	"AW"	"TENORI"
"219-857TAN-CIMI-CR-23-JL"	"857 TAN"	857	"TAN"	2023-02-27	"10:50"	"MC"	"TENORI"
"220-874TAN-CIMI-CR-23-JL"	"874 TAN"	874	"TAN"	2023-02-28	"8:54"	"EM"	"TENORI"
"221-1168TAN-CIMI-CR-23-JL"	"1168 TAN"	1168	"TAN"	2023-04-18	"8:55"	"AW"	"TENORI"
"222-1362TAN-CIMI-CR-23-JL"	"1362 TAN"	1362	"TAN"	2023-05-31	"11:00"	"VM"	"TENORI"
"223-1074TEM-CIMI-CR-23-JL"	"1074 TEM"	1074	"TEM"	2023-04-04	"17:00"	"VM"	"TENORI"
"224-1364TEM-CIMI-CR-23-JL"	"1364 TEM"	1364	"TEM"	2023-06-01	"9:00"	"AW"	"TENORI"
"225-272TER-CIMI-CR-23-JL"	"272 TER"	272	"TER"	2022-10-26	"16:34"	"JL"	"TENORI"
"226-676TER-CIMI-CR-23-JL"	"676 TER"	676	"TER"	2023-01-18	"9:00"	"AW"	"TENORI"
"227-727TER-CIMI-CR-23-JL"	"727 TER"	727	"TER"	2023-02-01	"12:42"	"JL"	"TENORI"
"228-764TER-CIMI-CR-23-JL"	"764 TER"	764	"TER"	2023-02-08	"9:55"	"AW"	"TENORI"
"229-876TER-CIMI-CR-23-JL"	"876 TER"	876	"TER"	2023-02-28	"13:50"	"CB"	"TENORI"
"230-982TER-CIMI-CR-23-JL"	"982 TER"	982	"TER"	2023-03-16	"8:59"	"AW"	"TENORI"
"231-1062TER-CIMI-CR-23-JL"	"1062 TER"	1062	"TER"	2023-04-03	"16:06"	"CB"	"TENORI"
"232-1064TER-CIMI-CR-23-JL"	"1064 TER"	1064	"TER"	2023-04-04	"11:00"	"AW"	"TENORI"
"233-1090TER-CIMI-CR-23-JL"	"1090 TER"	1090	"TER"	2023-04-06	"9:10"	"VM"	"TENORI"
"234-1256TER-CIMI-CR-23-JL"	"1256 TER"	1256	"TER"	2023-05-08	"12:31"	"JL"	"TENORI"
"235-107TES-CIMI-CR-23-JL"	"107 TES"	107	"TES"	2022-09-12	"11:09"	"JL"	"TENORI"
"238-352TES-CIMI-CR-23-JL"	"352 TES"	352	"TES"	2022-11-14	"16:18"	"LS"	"TENORI"
"239-490TES-CIMI-CR-23-JL"	"490 TES"	490	"TES"	2022-12-13	"6:13"	"VM"	"TENORI"
"240-760TES-CIMI-CR-23-JL"	"760 TES"	760	"TES"	2023-02-07	"16:35"	"MC"	"TENORI"
"241-855TES-CIMI-CR-23-JL"	"855 TES"	855	"TES"	2023-02-24	"8:00"	"CB"	"TENORI"
"242-1072TES-CIMI-CR-23-JL"	"1072 TES"	1072	"TES"	2023-04-04	"14:25"	"VM"	"TENORI"
"243-1363TES-CIMI-CR-23-JL"	"1363 TES"	1363	"TES"	2023-05-31	"11:30"	"VM"	"TENORI"
"244-351TET-CIMI-CR-23-JL"	"351 TET"	351	"TET"	2022-11-14	"15:34"	"LS"	"TENORI"
"245-354TET-CIMI-CR-23-JL"	"354 TET"	354	"TET"	2022-11-15	"9:50"	"AW"	"TENORI"
"246-461TET-CIMI-CR-23-JL"	"461 TET"	461	"TET"	2022-12-08	"14:35"	"AW"	"TENORI"
"247-500TET-CIMI-CR-23-JL"	"500 TET"	500	"TET"	2022-12-13	"12:57"	"MC"	"TENORI"
"248-789TET-CIMI-CR-23-JL"	"789 TET"	789	"TET"	2023-02-10	"11:22"	"AW"	"TENORI"
"249-869TET-CIMI-CR-23-JL"	"869 TET"	869	"TET"	2023-02-27	"14:47"	"JL"	"TENORI"
"250-920TET-CIMI-CR-23-JL"	"920 TET"	920	"TET"	2023-03-07	"15:39"	"AW"	"TENORI"
"251-162THO-CIMI-CR-23-JL"	"162 THO"	162	"THO"	2022-10-03	"11:34"	"WEA"	"TENORI"
"252-172THO-CIMI-CR-23-JL"	"172 THO"	172	"THO"	2022-10-04	"14:22"	"JCO"	"TENORI"
"253-927TIL-CIMI-CR-23-JL"	"927 TIL"	927	"TIL"	2023-03-08	"17:04"	"LS"	"TENORI"
"254-268TIN-CIMI-CR-23-JL"	"268 TIN"	268	"TIN"	2022-10-26	"8:24"	NA	"TENORI"
"255-368TIN-CIMI-CR-23-JL"	"368 TIN"	368	"TIN"	2022-11-16	"12:02"	"WEA"	"TENORI"
"256-387TIN-CIMI-CR-23-JL"	"387 TIN"	387	"TIN"	2022-11-18	"12:20"	"AW"	"TENORI"
"257-679TIN-CIMI-CR-23-JL"	"679 TIN"	679	"TIN"	2023-01-18	"14:18"	"VM"	"TENORI"
"258-1137TIN-CIMI-CR-23-JL"	"1137 TIN"	1137	"TIN"	2023-04-12	"11:42"	"AW"	"TENORI"
"259-685TIQ-CIMI-CR-23-JL"	"685 TIQ"	685	"TIQ"	2023-01-20	"8:40"	"AW"	"TENORI"
"260-913TIQ-CIMI-CR-23-JL"	"913 TIQ"	913	"TIQ"	2023-03-07	"8:40"	"CB"	"TENORI"
"261-1088TIQ-CIMI-CR-23-JL"	"1088 TIQ"	1088	"TIQ"	2023-04-05	"15:04"	"EM"	"TENORI"
"262-1216TIQ-CIMI-CR-23-JL"	"1216 TIQ"	1216	"TIQ"	2023-04-26	"7:17"	"TIQ"	"TENORI"
"263-1341TIQ-CIMI-CR-23-JL"	"1341 TIQ"	1341	"TIQ"	2023-05-29	"11:20"	"AW"	"TENORI"
"264-870TIZ-CIMI-CR-23-JL"	"870 TIZ"	870	"TIZ"	2023-02-27	"13:41"	"JL"	"TENORI"
"265-1108TIZ-CIMI-CR-23-JL"	"1108 TIZ"	1108	"TIZ"	2023-04-07	"13:01"	"JL"	"TENORI"
"266-270TOT-CIMI-CR-23-JL"	"270 TOT"	270	"TOT"	2022-10-26	"8:58"	NA	"TENORI"
"270-319TOT-CIMI-CR-23-JL"	"319 TOT"	319	"TOT"	2022-11-08	"8:25"	"UN"	"TENORI"
"271-350TOT-CIMI-CR-23-JL"	"350 TOT"	350	"TOT"	2022-11-14	"10:23"	"JL"	"TENORI"
"272-446TOT-CIMI-CR-23-JL"	"446 TOT"	446	"TOT"	2022-12-06	"14:59"	"JL"	"TENORI"
"273-587TOT-CIMI-CR-23-JL"	"587 TOT"	587	"TOT"	2023-01-02	"11:39"	"JL"	"TENORI"
"274-778TOT-CIMI-CR-23-JL"	"778 TOT"	778	"TOT"	2023-02-09	"13:55"	"JL"	"TENORI"
"275-840TOT-CIMI-CR-23-JL"	"840 TOT"	840	"TOT"	2023-02-22	"13:30"	"JL"	"TENORI"
"276-945TOT-CIMI-CR-23-JL"	"945 TOT"	945	"TOT"	2023-03-10	"13:14"	"JL"	"TENORI"
"277-1044TOT-CIMI-CR-23-JL"	"1044 TOT"	1044	"TOT"	2023-03-28	"7:12"	"AW"	"TENORI"
"278-1395TOT-CIMI-CR-23-JL"	"1395 TOT"	1395	"TOT"	2023-06-09	"11:15"	"CIW"	"TENORI"
"279-709TRO-CIMI-CR-23-JL"	"709 TRO"	709	"TRO"	2023-01-27	"8:49"	"JL"	"TENORI"
"280-905TRO-CIMI-CR-23-JL"	"905 TRO"	905	"TRO"	2023-03-03	"8:41"	"JL"	"TENORI"
"281-1234TRO-CIMI-CR-23-JL"	"1234 TRO"	1234	"TRO"	2023-04-28	"12:29"	"AW"	"TENORI"
"282-133TRU-CIMI-CR-23-JL"	"133 TRU"	133	"TRU"	2022-09-22	"9:44"	"AW"	"TENORI"
"283-246TRU-CIMI-CR-23-JL"	"246 TRU"	246	"TRU"	2022-10-19	"9:54"	"EM"	"TENORI"
"284-269TRU-CIMI-CR-23-JL"	"269 TRU"	269	"TRU"	2022-10-26	"8:40"	NA	"TENORI"
"285-349TRU-CIMI-CR-23-JL"	"349 TRU"	349	"TRU"	2022-11-14	"10:36"	"JL"	"TENORI"
"286-444TRU-CIMI-CR-23-JL"	"444 TRU"	444	"TRU"	2022-12-06	"12:21"	"JL"	"TENORI"
"289-526TRU-CIMI-CR-23-JL"	"526 TRU"	526	"TRU"	2022-12-15	"14:55"	"VM"	"TENORI"
"290-715TRU-CIMI-CR-23-JL"	"715 TRU"	715	"TRU"	2023-01-30	"17:08"	"AW"	"TENORI"
"291-856TRU-CIMI-CR-23-JL"	"856 TRU"	856	"TRU"	2023-02-27	"9:40"	"MC"	"TENORI"
"292-975TRU-CIMI-CR-23-JL"	"975 TRU"	975	"TRU"	2023-03-15	"11:33"	"JL"	"TENORI"
"293-1174TRU-CIMI-CR-23-JL"	"1174 TRU"	1174	"TRU"	2023-04-18	"10:10"	"JL"	"TENORI"
"294-1383TRU-CIMI-CR-23-JL"	"1383 TRU"	1383	"TRU"	2023-06-07	"8:36"	"AW"	"TENORI"
"295-460TSU-CIMI-CR-23-JL"	"460 TSU"	460	"TSU"	2022-12-08	"13:28"	"AW"	"TENORI"
"296-736TSU-CIMI-CR-23-JL"	"736 TSU"	736	"TSU"	2023-02-02	"7:08"	"AW"	"TENORI"
"297-858TSU-CIMI-CR-23-JL"	"858 TSU"	858	"TSU"	2023-02-27	"12:30"	"JCO"	"TENORI"
"298-704TUA-CIMI-CR-23-JL"	"704 TUA"	704	"TUA"	2023-01-27	"8:25"	"JL"	"TENORI"
"299-875TUA-CIMI-CR-23-JL"	"875 TUA"	875	"TUA"	2023-02-28	"11:15"	"EM"	"TENORI"
"300-1225TUA-CIMI-CR-23-JL"	"1225 TUA"	1225	"TUA"	2023-04-27	"11:40"	"JL"	"TENORI"
"301-1345TUA-CIMI-CR-23-JL"	"1345 TUA"	1345	"TUA"	2023-05-29	"10:45"	"AW"	"TENORI"
"303-TAC677-CIMI-CR-23-JL"	"TAC 677"	677	"TAC"	2023-01-18	"11:10"	"AW"	"TENORI"
"304-843TAC-CIMI-CR-23-JL"	"843 TAC"	843	"TAC"	2023-02-22	"12:50"	"JL"	"TENORI"
"305-536TEM-CIMI-CR-23-JL"	"536 TEM"	536	"TEM"	2022-12-16	"10:56"	"AW"	"TENORI"
"306-948TEM-CIMI-CR-23-JL"	"948 TEM"	948	"TEM"	2023-03-10	"12:33"	"JL"	"TENORI"
"307-883TAB-CIMI-CR-23-JL"	"883 TAB"	883	"TAB"	2023-03-01	"14:26"	"VM"	"TENORI"
"308-983TAN-CIMI-CR-23-JL"	"983 TAN"	983	"TAN"	2023-03-16	"8:48"	"AW"	"TENORI"
"309-343TIN-CIMI-CR-23-JL"	"343 TIN"	343	"TIN"	2022-11-11	"10:31"	"AW"	"TENORI"
"310-589TER-CIMI-CR-23-JL"	"589 TER"	589	"TER"	2023-01-02	"10:41"	"JL"	"TENORI"
"311-1520TIL-CIMI-CR-23-JL"	"1520 TIL"	1520	"TIL"	2023-07-17	"14:52"	"AW"	"TENORI"
"312-657TIL-CIMI-CR-23-JL"	"657 TIL"	657	"TIL"	2023-01-12	"8:15"	"MC"	"MESAS"
"313-577TIL-CIMI-CR-23-JL"	"577 TIL"	577	"TIL"	2022-12-29	"10:27"	"JL"	"TENORI"
"314-674TRO-CIMI-CR-23-JL"	"674 TRO"	674	"TRO"	2023-01-18	"11:30"	"AW"	"TENORI"
"315-812TRO-CIMI-CR-23-JL"	"812 TRO"	812	"TRO"	2023-02-20	"15:44"	"JL"	"TENORI"
"316-1035TRO-CIMI-CR-23-JL"	"1035 TRO"	1035	"TRO"	2023-03-24	"6:56"	"AW"	"TENORI"
"317-673TIZ-CIMI-CR-23-JL"	"673 TIZ"	673	"TIZ"	2023-01-18	"10:58"	"AW"	"TENORI"
"318-941TER-CIMI-CR-23-JL"	"941 TER"	941	"TER"	2023-03-10	"9:10"	"JCO"	"TENORI"
