Sample Number,Sample name,Sample weight (g),Extraction volume(mL),PA (ug/g),BA (ug/g),iVA (ug/g),AA (ug/g)
S84,655MAN_CIMI_CR_23_JL,1,5,0.10,ND,0.31,2.16
S85,1078MAY_CIMI_CR_23_JL,1,5,0.77,ND,0.18,5.68
S86,1309MAY_CIMI_CR_23_JL,1,5,0.13,ND,0.20,2.91
S87,906MEZ_CIMI_CR_23_JL,1,5,0.13,ND,1.22,3.92
S88,1449MIL_CIMI_CR_23_JL,1,5,0.92,0.20,0.18,7.08
S89,1498MIL_CIMI_CR_23_JL,1,5,0.60,ND,1.00,5.66
S90,988MIS_CIMI_CR_23_JL,1,5,0.30,ND,0.73,2.37
S91,1275MIS_CIMI_CR_23_JL,1,5,1.81,ND,0.10,8.87
S92,110MOZ_CIMI_CR_23_JL,1,5,1.90,0.24,0.98,13.4
S93,424MOZ_CIMI_CR_23_JL,1,5,0.19,ND,0.27,2.77
S94,231MUL_CIMI_CR_23_JL,1,5,3.90,0.36,0.31,17.8
S95,480MUL_CIMI_CR_23_JL,1,5,6.48,0.23,2.20,20.5
S96,642MUL_CIMI_CR_23_JL,1,5,1.16,0.13,0.59,18.8
S97,957MUL_CIMI_CR_23_JL,1,5,2.13,0.16,0.82,11.2
S98,1316MUL_CIMI_CR_23_JL,1,5,1.50,ND,0.16,8.18
S99,1018MUS_CIMI_CR_23_JL,1,5,1.44,0.08,0.41,7.72
S100,363MYK_CIMI_CR_23_JL,1,5,4.07,0.22,1.15,15.4
S101,997MYK_CIMI_CR_23_JL,1,5,3.81,ND,1.68,8.48
S102,1445MYK_CIMI_CR_23_JL,1,5,5.90,ND,0.29,23.3
S103,239PED_CIMI_CR_23_JL,1,5,2.68,0.07,0.30,20.9
S104,339PED_CIMI_CR_23_JL,1,5,12.6,0.48,0.20,26.7
S105,671TAB_CIMI_CR_23_JL,1,5,0.96,0.24,0.81,7.32
S106,340TAM_CIMI_CR_23_JL,1,5,1.84,ND,0.45,16.1
S107,902TAN_CIMI_CR_23_JL,1,5,6.25,0.32,0.53,16.5
S108,1490TAN_CIMI_CR_23_JL,1,5,14.4,5.63,0.45,50.0
S109,325TEM_CIMI_CR_23_JL,1,5,7.25,1.24,0.19,24.0
S110,1109TEM_CIMI_CR_23_JL,1,5,2.19,0.09,0.09,9.74
S111,328TER_CIMI_CR_23_JL,1,5,3.38,0.24,0.27,12.5
S112,443TES_CIMI_CR_23_JL,1,5,14.5,1.82,1.22,31.8
S113,712TES_CIMI_CR_23_JL,1,5,27.6,2.41,1.07,58.1
S114,329TET_CIMI_CR_23_JL,1,5,21.9,2.12,0.49,53.1
S115,320TIL_CIMI_CR_23_JL,1,5,6.55,0.57,0.33,20.2
S116,382TIN_CIMI_CR_23_JL,1,5,3.31,0.35,0.21,7.44
S117,486TIN_CIMI_CR_23_JL,1,5,2.15,0.11,0.44,9.62
S118,462TIZ_CIMI_CR_23_JL,1,5,19.3,0.49,0.76,37.9
S119,708TIZ_CIMI_CR_23_JL,1,5,0.31,0.52,0.23,4.74
S120,127TOT_CIMI_CR_23_JL,1,5,13.2,2.02,0.40,40.0
S121,1110TOT_CIMI_CR_23_JL,1,5,0.83,ND,0.10,3.73
S122,1386TOT_CIMI_CR_23_JL,1,5,3.01,0.14,0.26,12.2
S123,893TRO_CIMI_CR_23_JL,1,5,3.21,2.13,0.25,25.9
S124,143TRU_CIMI_CR_23_JL,1,5,18.5,1.70,0.61,55.7
S125,702MIS_CIMI_CR_23_JL,1,5,71.5,2.96,1.37,199
S126,1181MIS_CIMI_CR_23_JL,1,5,24.5,3.13,1.49,179
S127,1328MON_CIMI_CR_23_JL,1,5,5.61,0.32,2.24,39.6
S128,1455MOS_CIMI_CR_23_JL,1,5,33.1,3.71,2.02,148
S129,688MOW_CIMI_CR_23_JL,1,5,6.98,0.37,2.23,72.0
S130,1076MOZ_CIMI_CR_23_JL,1,5,4.12,0.47,2.80,34.8
S131,566MUL_CIMI_CR_23_JL,1,5,20.8,3.44,2.29,112
S132,1079MUL_CIMI_CR_23_JL,1,5,39.0,16.3,2.26,228
S133,332TOT_CIMI_CR_23_JL,1,5,107,19.5,4.49,332
S134,785TOT_CIMI_CR_23_JL,1,5,100,5.57,3.69,483
S135,258TRU_CIMI_CR_23_JL,1,5,35.0,2.10,2.14,95.0
S136,431MAY_CIMI_CR_23_JL,1,5,39.4,2.08,2.06,154
S137,167TAN_CIMI_CR_23_JL,1,5,224,18.4,6.67,767
S138,635TER_CIMI_CR_23_JL,1,5,25.1,1.87,2.33,105
S139,1058TER_CIMI_CR_23_JL,1,5,175,59.0,10.5,671
S140,946TRU_CIMI_CR_23_JL,1,5,4.41,0.15,0.80,12.7
S141,1536TIQ_CIMI_CR_23_JL,1,5,2.09,0.39,1.28,11.8
S142,479MIS_CIMI_CR_23_JL,1,5,10.2,0.54,0.36,31.0
S143,974TRO_CIMI_CR_23_JL,1,5,3.87,ND,0.18,10.1