Sample,raw pair1,raw pair2,trimmed pair1,trimmed pair2,trimmed orphan1,trimmed orphan2,decontaminated hg37dec_v0.1 pair1,decontaminated hg37dec_v0.1 pair2,decontaminated hg37dec_v0.1 orphan1,decontaminated hg37dec_v0.1 orphan2,final pair1,final pair2,final orphan1,final orphan2,,,,
096-Neg-CIMI-CR-23-JL-GMCF2017b_S96_L001_R1_kneaddata,1891,1891,9,9,NA,1503,4,4,0,1,4,4,0,1,,931326495,total cleaned reads,
069-1400TIN-CIMI-CR-23-JL-GMCF2017b_S69_L001_R1_kneaddata,531829,531829,424136,424136,9563,79707,212409,212409,5920,5713,212409,212409,5920,5713,,9803436.789,avg read per sample,
087-974TRO-CIMI-CR-23-JL-GMCF2017b_S87_L001_R1_kneaddata,701688,701688,587695,587695,12777,77093,178711,178711,6354,6933,178711,178711,6354,6933,,,,
008-906MEZ-CIMI-CR-23-JL-GMCF2017b_S8_L001_R1_kneaddata,1106377,1106377,1021317,1021317,27412,31457,437813,437813,16562,13405,437813,437813,16562,13405,,,,
045-912TAB-CIMI-CR-23-JL-GMCF2017b_S45_L001_R1_kneaddata,1676717,1676717,1549310,1549310,30323,63432,1496614,1496614,33151,31397,1496614,1496614,33151,31397,,,,
034-1316MUL-CIMI-CR-23-JL-GMCF2017b_S34_L001_R1_kneaddata,2955347,2955347,2795238,2795238,45423,69172,2532746,2532746,46368,53514,2532746,2532746,46368,53514,,,,
051-1121TAN-CIMI-CR-23-JL-GMCF2017b_S51_L001_R1_kneaddata,3425914,3425914,3209319,3209319,41401,112359,3122948,3122948,44121,67378,3122948,3122948,44121,67378,,1426010370,2852020740,total unclean reads
006-1078MAY-CIMI-CR-23-JL-GMCF2017b_S6_L001_R1_kneaddata,3930091,3930091,3699365,3699365,82507,83399,2993452,2993452,76554,67154,2993452,2993452,76554,67154,,15010635.47,avg uncleaned reads,
067-486TIN-CIMI-CR-23-JL-GMCF2017b_S67_L001_R1_kneaddata,4630529,4630529,4286446,4286446,94224,155731,2415249,2415249,67619,66957,2415249,2415249,67619,66957,,,,
024-424MOZ-CIMI-CR-23-JL-GMCF2017b_S24_L001_R1_kneaddata,5060370,5060370,4747649,4747649,109005,125252,3153311,3153311,89692,81302,3153311,3153311,89692,81302,,,,
007-1309MAY-CIMI-CR-23-JL-GMCF2017b_S7_L001_R1_kneaddata,5244441,5244441,4907235,4907235,112251,140985,3955547,3955547,108265,109619,3955547,3955547,108265,109619,,,,
039-493MYK-CIMI-CR-23-JL-GMCF2017b_S39_L001_R1_kneaddata,5952745,5952745,5616591,5616591,90845,150387,4225716,4225716,77280,102985,4225716,4225716,77280,102985,,,,
047-504TAM-CIMI-CR-23-JL-GMCF2017b_S47_L001_R1_kneaddata,6389325,6389325,6047587,6047587,108120,135225,5502919,5502919,108351,111151,5502919,5502919,108351,111151,,,,
002-655MAN-CIMI-CR-23-JL-GMCF2017b_S2_L001_R1_kneaddata,7029142,7029142,6608433,6608433,156667,157267,3019359,3019359,105763,101565,3019359,3019359,105763,101565,,,,
055-1109TEM-CIMI-CR-23-JL-GMCF2017b_S55_L001_R1_kneaddata,7151661,7151661,6651097,6651097,122500,229542,5712582,5712582,126745,142846,5712582,5712582,126745,142846,,,,
016-1181MIS-CIMI-CR-23-JL-GMCF2017b_S16_L001_R1_kneaddata,7615420,7615420,7223347,7223347,124056,151722,6592409,6592409,136707,152139,6592409,6592409,136707,152139,,,,
037-1193MUS-CIMI-CR-23-JL-GMCF2017b_S37_L001_R1_kneaddata,8294561,8294561,7803223,7803223,151062,215432,3079890,3079890,78940,100451,3079890,3079890,78940,100451,,,,
001-494MAN-CIMI-CR-23-JL-GMCF2017b_S1_L001_R1_kneaddata,8493792,8493792,8009065,8009065,161610,194940,5146917,5146917,126174,131334,5146917,5146917,126174,131334,,,,
041-1445MYK-CIMI-CR-23-JL-GMCF2017b_S41_L001_R1_kneaddata,8678597,8678597,8226831,8226831,129472,192223,7507086,7507086,144084,172710,7507086,7507086,144084,172710,,,,
038-363MYK-CIMI-CR-23-JL-GMCF2017b_S38_L001_R1_kneaddata,9056387,9056387,8574245,8574245,154938,191981,7066839,7066839,145671,156794,7066839,7066839,145671,156794,,,,
035-498MUS-CIMI-CR-23-JL-GMCF2017b_S35_L001_R1_kneaddata,9772606,9772606,9197866,9197866,191053,232774,3984534,3984534,123707,133640,3984534,3984534,123707,133640,,,,
018-1328MON-CIMI-CR-23-JL-GMCF2017b_S18_L001_R1_kneaddata,9865625,9865625,9278531,9278531,179253,249734,6936360,6936360,149681,163693,6936360,6936360,149681,163693,,,,
040-997MYK-CIMI-CR-23-JL-GMCF2017b_S40_L001_R1_kneaddata,9982442,9982442,9504268,9504268,130548,201952,8582539,8582539,144483,191433,8582539,8582539,144483,191433,,,,
048-167TAN-CIMI-CR-23-JL-GMCF2017b_S48_L001_R1_kneaddata,10064223,10064223,9559341,9559341,134758,216326,9194508,9194508,146457,197050,9194508,9194508,146457,197050,,,,
042-239PED-CIMI-CR-23-JL-GMCF2017b_S42_L001_R1_kneaddata,10269308,10269308,9760349,9760349,147647,225295,9197732,9197732,177475,207218,9197732,9197732,177475,207218,,,,
054-678TEM-CIMI-CR-23-JL-GMCF2017b_S54_L001_R1_kneaddata,10436677,10436677,9721356,9721356,204839,325922,2868571,2868571,101947,106055,2868571,2868571,101947,106055,,,,
043-339PED-CIMI-CR-23-JL-GMCF2017b_S43_L001_R1_kneaddata,10780043,10780043,10174231,10174231,181468,247770,9752420,9752420,195053,213968,9752420,9752420,195053,213968,,,,
046-340TAM-CIMI-CR-23-JL-GMCF2017b_S46_L001_R1_kneaddata,10857415,10857415,10110683,10110683,262556,299988,1717959,1717959,99390,92781,1717959,1717959,99390,92781,,,,
014-988MIS-CIMI-CR-23-JL-GMCF2017b_S14_L001_R1_kneaddata,11012444,11012444,10424790,10424790,186262,237925,9414501,9414501,237340,244061,9414501,9414501,237340,244061,,,,
036-1018MUS-CIMI-CR-23-JL-GMCF2017b_S36_L001_R1_kneaddata,11346320,11346320,10680127,10680127,220184,276909,3850273,3850273,111826,121880,3850273,3850273,111826,121880,,,,
030-566MUL-CIMI-CR-23-JL-GMCF2017b_S30_L001_R1_kneaddata,12738047,12738047,12019558,12019558,206347,314058,8921006,8921006,183088,224148,8921006,8921006,183088,224148,,,,
053-325TEM-CIMI-CR-23-JL-GMCF2017b_S53_L001_R1_kneaddata,13067461,13067461,12269114,12269114,182707,406939,10625117,10625117,175763,252353,10625117,10625117,175763,252353,,,,
052-1490TAN-CIMI-CR-23-JL-GMCF2017b_S52_L001_R1_kneaddata,13396104,13396104,12655598,12655598,196554,315921,12323011,12323011,213144,262649,12323011,12323011,213144,262649,,,,
050-902TAN-CIMI-CR-23-JL-GMCF2017b_S50_L001_R1_kneaddata,13469645,13469645,12578309,12578309,242459,413736,5621657,5621657,155404,172093,5621657,5621657,155404,172093,,,,
028-231MUL-CIMI-CR-23-JL-GMCF2017b_S28_L001_R1_kneaddata,13501546,13501546,12760324,12760324,220969,297194,11584726,11584726,220040,240705,11584726,11584726,220040,240705,,,,
004-563MAY-CIMI-CR-23-JL-GMCF2017b_S4_L001_R1_kneaddata,13882743,13882743,13110271,13110271,244575,326039,7867028,7867028,164179,193079,7867028,7867028,164179,193079,,,,
049-345TAN-CIMI-CR-23-JL-GMCF2017b_S49_L001_R1_kneaddata,14250858,14250858,13402953,13402953,246258,365589,11139736,11139736,225731,228481,11139736,11139736,225731,228481,,,,
003-431MAY-CIMI-CR-23-JL-GMCF2017b_S3_L001_R1_kneaddata,14299141,14299141,13550283,13550283,242070,297898,11817967,11817967,239016,264764,11817967,11817967,239016,264764,,,,
026-1076MOZ-CIMI-CR-23-JL-GMCF2017b_S26_L001_R1_kneaddata,14998638,14998638,14182844,14182844,268719,329976,10016748,10016748,238011,245687,10016748,10016748,238011,245687,,,,
044-671TAB-CIMI-CR-23-JL-GMCF2017b_S44_L001_R1_kneaddata,15040075,15040075,14010146,14010146,379502,366128,1616241,1616241,129328,110459,1616241,1616241,129328,110459,,,,
027-1301MOZ-CIMI-CR-23-JL-GMCF2017b_S27_L001_R1_kneaddata,15261585,15261585,14398439,14398439,271752,355171,10550186,10550186,293493,303357,10550186,10550186,293493,303357,,,,
072-1536TIQ-CIMI-CR-23-JL-GMCF2017b_S72_L001_R1_kneaddata,15444535,15444535,14409819,14409819,312105,450743,7723812,7723812,204659,201650,7723812,7723812,204659,201650,,,,
033-1079MUL-CIMI-CR-23-JL-GMCF2017b_S33_L001_R1_kneaddata,15637183,15637183,14666129,14666129,358724,398510,1848606,1848606,130633,119421,1848606,1848606,130633,119421,,,,
029-480MUL-CIMI-CR-23-JL-GMCF2017b_S29_L001_R1_kneaddata,15673688,15673688,14709599,14709599,357248,350711,6104684,6104684,196547,170122,6104684,6104684,196547,170122,,,,
010-1449MIL-CIMI-CR-23-JL-GMCF2017b_S10_L001_R1_kneaddata,15726142,15726142,14692936,14692936,361221,407509,3239820,3239820,150659,143721,3239820,3239820,150659,143721,,,,
011-1498MIL-CIMI-CR-23-JL-GMCF2017b_S11_L001_R1_kneaddata,16004056,16004056,15000642,15000642,364726,375319,8323797,8323797,265045,241716,8323797,8323797,265045,241716,,,,
019-1420MON-CIMI-CR-23-JL-GMCF2017b_S19_L001_R1_kneaddata,16172861,16172861,15188184,15188184,304107,399575,14031354,14031354,317183,332517,14031354,14031354,317183,332517,,,,
005-1002MAY-CIMI-CR-23-JL-GMCF2017b_S5_L001_R1_kneaddata,16209347,16209347,15326952,15326952,288777,351541,14009907,14009907,289170,316541,14009907,14009907,289170,316541,,,,
032-957MUL-CIMI-CR-23-JL-GMCF2017b_S32_L001_R1_kneaddata,16269358,16269358,15419840,15419840,238465,364885,14830843,14830843,272230,316175,14830843,14830843,272230,316175,,,,
023-110MOZ-CIMI-CR-23-JL-GMCF2017b_S23_L001_R1_kneaddata,16462581,16462581,15660828,15660828,236316,330517,13767685,13767685,226489,278116,13767685,13767685,226489,278116,,,,
017-1275MIS-CIMI-CR-23-JL-GMCF2017b_S17_L001_R1_kneaddata,16488322,16488322,15544373,15544373,261702,428761,14920181,14920181,277589,306518,14920181,14920181,277589,306518,,,,
062-712TES-CIMI-CR-23-JL-GMCF2017b_S62_L001_R1_kneaddata,16601358,16601358,15549563,15549563,321196,414736,9247050,9247050,255074,255767,9247050,9247050,255074,255767,,,,
022-688MOW-CIMI-CR-23-JL-GMCF2017b_S22_L001_R1_kneaddata,17027545,17027545,16000631,16000631,361432,375950,8023269,8023269,247484,231718,8023269,8023269,247484,231718,,,,
061-613TES-CIMI-CR-23-JL-GMCF2017b_S61_L001_R1_kneaddata,17233711,17233711,16183620,16183620,293427,454005,12805839,12805839,279804,317482,12805839,12805839,279804,317482,,,,
068-831TIN-CIMI-CR-23-JL-GMCF2017b_S68_L001_R1_kneaddata,17354175,17354175,16335504,16335504,294536,455237,13117233,13117233,368893,376364,13117233,13117233,368893,376364,,,,
089-258TRU-CIMI-CR-23-JL-GMCF2017b_S89_L001_R1_kneaddata,17409657,17409657,16308560,16308560,291708,521043,15861582,15861582,311805,346541,15861582,15861582,311805,346541,,,,
020-1294MOS-CIMI-CR-23-JL-GMCF2017b_S20_L001_R1_kneaddata,17667083,17667083,16635829,16635829,338004,395635,13208083,13208083,348778,350035,13208083,13208083,348778,350035,,,,
065-320TIL-CIMI-CR-23-JL-GMCF2017b_S65_L001_R1_kneaddata,17744338,17744338,16605450,16605450,354662,461698,5275891,5275891,194819,190078,5275891,5275891,194819,190078,,,,
009-496MIL-CIMI-CR-23-JL-GMCF2017b_S9_L001_R1_kneaddata,17970965,17970965,17048350,17048350,299435,372744,12769862,12769862,256952,279870,12769862,12769862,256952,279870,,,,
070-854TIQ-CIMI-CR-23-JL-GMCF2017b_S70_L001_R1_kneaddata,18249217,18249217,17059490,17059490,372424,529697,6423832,6423832,232225,231737,6423832,6423832,232225,231737,,,,
084-1110TOT-CIMI-CR-23-JL-GMCF2017b_S84_L001_R1_kneaddata,18466480,18466480,17326998,17326998,358292,481116,12558351,12558351,308508,293281,12558351,12558351,308508,293281,,,,
021-1455MOS-CIMI-CR-23-JL-GMCF2017b_S21_L001_R1_kneaddata,18924379,18924379,17884479,17884479,336001,406013,14010189,14010189,310112,327436,14010189,14010189,310112,327436,,,,
085-1386TOT-CIMI-CR-23-JL-GMCF2017b_S85_L001_R1_kneaddata,18994470,18994470,17864548,17864548,338782,487984,14626740,14626740,318945,318962,14626740,14626740,318945,318962,,,,
056-328TER-CIMI-CR-23-JL-GMCF2017b_S56_L001_R1_kneaddata,19102159,19102159,17862104,17862104,368375,549716,16531031,16531031,378072,335110,16531031,16531031,378072,335110,,,,
090-353TRU-CIMI-CR-23-JL-GMCF2017b_S90_L001_R1_kneaddata,19334461,19334461,18034235,18034235,358765,612337,10706935,10706935,252676,283738,10706935,10706935,252676,283738,,,,
015-996MIS-CIMI-CR-23-JL-GMCF2017b_S15_L001_R1_kneaddata,19415483,19415483,18333945,18333945,370694,385108,14899029,14899029,423677,413547,14899029,14899029,423677,413547,,,,
025-711MOZ-CIMI-CR-23-JL-GMCF2017b_S25_L001_R1_kneaddata,19521433,19521433,18413982,18413982,356009,453880,13181769,13181769,344897,371150,13181769,13181769,344897,371150,,,,
093-1118TRU-CIMI-CR-23-JL-GMCF2017b_S93_L001_R1_kneaddata,19655458,19655458,18379607,18379607,446495,513001,3178572,3178572,178243,166791,3178572,3178572,178243,166791,,,,
074-708TIZ-CIMI-CR-23-JL-GMCF2017b_S74_L001_R1_kneaddata,19995636,19995636,18630450,18630450,403325,592144,2922345,2922345,190470,187270,2922345,2922345,190470,187270,,,,
060-443TES-CIMI-CR-23-JL-GMCF2017b_S60_L001_R1_kneaddata,20026874,20026874,18982991,18982991,273542,497054,18176832,18176832,299702,384501,18176832,18176832,299702,384501,,,,
091-453TRU-CIMI-CR-23-JL-GMCF2017b_S91_L001_R1_kneaddata,20265632,20265632,19159659,19159659,359573,417873,16904500,16904500,363327,381497,16904500,16904500,363327,381497,,,,
013-702MIS-CIMI-CR-23-JL-GMCF2017b_S13_L001_R1_kneaddata,20777961,20777961,19513407,19513407,427084,505899,8597371,8597371,248168,254774,8597371,8597371,248168,254774,,,,
073-462TIZ-CIMI-CR-23-JL-GMCF2017b_S73_L001_R1_kneaddata,21142514,21142514,20001277,20001277,341193,480784,17816119,17816119,345570,369004,17816119,17816119,345570,369004,,,,
086-893TRO-CIMI-CR-23-JL-GMCF2017b_S86_L001_R1_kneaddata,21143482,21143482,19651257,19651257,503147,600638,2951592,2951592,197492,167982,2951592,2951592,197492,167982,,,,
083-785TOT-CIMI-CR-23-JL-GMCF2017b_S83_L001_R1_kneaddata,21183895,21183895,19861042,19861042,439751,468928,13596084,13596084,346806,311704,13596084,13596084,346806,311704,,,,
063-1469TES-CIMI-CR-23-JL-GMCF2017b_S63_L001_R1_kneaddata,21497181,21497181,20152596,20152596,443935,553999,10906088,10906088,296330,269608,10906088,10906088,296330,269608,,,,
078-934TOB-CIMI-CR-23-JL-GMCF2017b_S78_L001_R1_kneaddata,21623746,21623746,20239955,20239955,462147,543046,12905296,12905296,361932,317781,12905296,12905296,361932,317781,,,,
080-244TOT-CIMI-CR-23-JL-GMCF2017b_S80_L001_R1_kneaddata,21821350,21821350,20636134,20636134,375994,478175,16331426,16331426,350923,366591,16331426,16331426,350923,366591,,,,
079-127TOT-CIMI-CR-23-JL-GMCF2017b_S79_L001_R1_kneaddata,21890228,21890228,20673129,20673129,330604,555953,20054333,20054333,357627,420629,20054333,20054333,357627,420629,,,,
081-332TOT-CIMI-CR-23-JL-GMCF2017b_S81_L001_R1_kneaddata,21911261,21911261,20455320,20455320,479682,618172,11905861,11905861,337463,280949,11905861,11905861,337463,280949,,,,
082-710TOT-CIMI-CR-23-JL-GMCF2017b_S82_L001_R1_kneaddata,21923905,21923905,20409244,20409244,490819,613032,4998907,4998907,233175,211485,4998907,4998907,233175,211485,,,,
076-1054TIZ-CIMI-CR-23-JL-GMCF2017b_S76_L001_R1_kneaddata,21957175,21957175,20598071,20598071,456077,519676,18984941,18984941,456030,367931,18984941,18984941,456030,367931,,,,
012-479MIS-CIMI-CR-23-JL-GMCF2017b_S12_L001_R1_kneaddata,22148296,22148296,20994085,20994085,403361,400679,19418704,19418704,416188,376061,19418704,19418704,416188,376061,,,,
059-1058TER-CIMI-CR-23-JL-GMCF2017b_S59_L001_R1_kneaddata,22196371,22196371,20754692,20754692,441310,643162,7567327,7567327,254974,246013,7567327,7567327,254974,246013,,,,
075-832TIZ-CIMI-CR-23-JL-GMCF2017b_S75_L001_R1_kneaddata,22504902,22504902,20923314,20923314,516350,652719,2702159,2702159,211705,191855,2702159,2702159,211705,191855,,,,
058-635TER-CIMI-CR-23-JL-GMCF2017b_S58_L001_R1_kneaddata,22740748,22740748,21399823,21399823,401501,567181,18342148,18342148,381542,391015,18342148,18342148,381542,391015,,,,
057-445TER-CIMI-CR-23-JL-GMCF2017b_S57_L001_R1_kneaddata,22764018,22764018,21234241,21234241,513252,639278,8415458,8415458,295289,274420,8415458,8415458,295289,274420,,,,
077-1466TIZ-CIMI-CR-23-JL-GMCF2017b_S77_L001_R1_kneaddata,22773089,22773089,21406546,21406546,383173,579440,21056732,21056732,439161,458537,21056732,21056732,439161,458537,,,,
088-143TRU-CIMI-CR-23-JL-GMCF2017b_S88_L001_R1_kneaddata,22807260,22807260,21590878,21590878,312771,552245,20276243,20276243,328939,424799,20276243,20276243,328939,424799,,,,
064-329TET-CIMI-CR-23-JL-GMCF2017b_S64_L001_R1_kneaddata,23031237,23031237,21590235,21590235,480849,474783,21304537,21304537,509660,383662,21304537,21304537,509660,383662,,,,
092-946TRU-CIMI-CR-23-JL-GMCF2017b_S92_L001_R1_kneaddata,23294790,23294790,22067463,22067463,391589,490358,19939727,19939727,398056,419627,19939727,19939727,398056,419627,,,,
071-1332TIQ-CIMI-CR-23-JL-GMCF2017b_S71_L001_R1_kneaddata,23638611,23638611,22138017,22138017,447580,665044,14382232,14382232,353624,358738,14382232,14382232,353624,358738,,,,
095-729TSU-CIMI-CR-23-JL-GMCF2017b_S95_L001_R1_kneaddata,23836202,23836202,22629498,22629498,344691,485424,22279514,22279514,374010,458008,22279514,22279514,374010,458008,,,,
066-382TIN-CIMI-CR-23-JL-GMCF2017b_S66_L001_R1_kneaddata,24969246,24969246,23539328,23539328,463262,565671,19909511,19909511,440899,428367,19909511,19909511,440899,428367,,,,
094-318TSU-CIMI-CR-23-JL-GMCF2017b_S94_L001_R1_kneaddata,25164545,25164545,23856477,23856477,398626,522028,22386906,22386906,507720,563865,22386906,22386906,507720,563865,,,,
031-642MUL-CIMI-CR-23-JL-GMCF2017b_S31_L001_R1_kneaddata,25348795,25348795,23665809,23665809,560451,694535,5132319,5132319,243254,226814,5132319,5132319,243254,226814,,,,