"Taxa","temp_coef","std_error","low_ci_95","high_ci_95","low_ci_50","high_ci_50","level","Phylum","mfull_model_weight","direction","sensitive"
"Prevotella",-0.017,0.182,-0.375,0.34,-0.14,0.106,"Genus","Bacteroidota",0.221,"negative","nuetral"
"Clostridium_P",-3.737,0.982,-5.66,-1.813,-4.399,-3.075,"Genus","Firmicutes_A",0.974,"negative","temp sensitive"
"Morganella",0.868,1.09,-1.268,3.004,0.133,1.603,"Genus","Proteobacteria",0.245,"positive","nuetral"
"Streptococcus",-0.482,0.295,-1.061,0.097,-0.682,-0.283,"Genus","Firmicutes_D",0.35,"negative","nuetral"
"Phascolarctobacterium_A",0.404,0.134,0.142,0.667,0.314,0.495,"Genus","Firmicutes_C",0.897,"positive","temp sensitive"
"Sutterella",-0.108,0.145,-0.392,0.176,-0.206,-0.011,"Genus","Proteobacteria",0.307,"negative","nuetral"
"Anaerobiospirillum_A",0.428,0.256,-0.074,0.93,0.255,0.6,"Genus","Proteobacteria",0.501,"positive","temp sensitive"
"JC017",-2.422,0.429,-3.262,-1.582,-2.711,-2.133,"Genus","Bacteroidota",0.994,"negative","temp sensitive"
"Phocaeicola_A_858004",-0.402,0.29,-0.971,0.167,-0.598,-0.206,"Genus","Bacteroidota",0.506,"negative","temp sensitive"
"Bifidobacterium_388775",0.56,0.176,0.216,0.904,0.442,0.679,"Genus","Actinobacteriota",0.994,"positive","temp sensitive"
"Rothia",-0.728,0.277,-1.271,-0.184,-0.915,-0.54,"Genus","Actinobacteriota",0.865,"negative","temp sensitive"
"Campylobacter_D",-0.351,0.374,-1.085,0.382,-0.604,-0.099,"Genus","Campylobacterota",0.293,"negative","nuetral"
"Klebsiella_724518",-0.84,1.551,-3.881,2.2,-1.887,0.206,"Genus","Proteobacteria",0.25,"negative","nuetral"
"Lactococcus_A_346120",-2.298,1.118,-4.49,-0.106,-3.052,-1.544,"Genus","Firmicutes_D",0.28,"negative","nuetral"
"Bacteroides_H",-2.369,0.312,-2.981,-1.757,-2.58,-2.159,"Genus","Bacteroidota",1,"negative","temp sensitive"
"Megasphaera_A_38685",-0.889,0.527,-1.923,0.145,-1.245,-0.534,"Genus","Firmicutes_C",0.694,"negative","temp sensitive"
"Clostridium_T",0.336,0.83,-1.29,1.963,-0.223,0.896,"Genus","Firmicutes_A",0.296,"positive","nuetral"
"CAG-267",-5.581,1.838,-9.184,-1.978,-6.821,-4.341,"Genus","Proteobacteria",0.993,"negative","temp sensitive"
"Lactococcus_A_343473",-7.05,2.316,-11.591,-2.51,-8.613,-5.488,"Genus","Firmicutes_D",0.998,"negative","temp sensitive"
"Parabacteroides_B_862066",-7.631,0.842,-9.282,-5.98,-8.199,-7.063,"Genus","Bacteroidota",1,"negative","temp sensitive"
"CAG-274",-1.087,0.456,-1.98,-0.195,-1.395,-0.78,"Genus","Firmicutes_A",0.738,"negative","temp sensitive"
"Stercorousia",-0.859,1.98,-4.74,3.023,-2.195,0.477,"Genus","Cyanobacteria",0.155,"negative","nuetral"
"Borkfalkia",-3.56,2.028,-7.535,0.416,-4.928,-2.192,"Genus","Firmicutes_A",0.001,"negative","nuetral"
"Paraprevotella",-4.443,0.555,-5.531,-3.355,-4.818,-4.069,"Genus","Bacteroidota",1,"negative","temp sensitive"
"Gemella",-1.1,0.492,-2.065,-0.135,-1.432,-0.768,"Genus","Firmicutes_D",0.495,"negative","nuetral"
"DTU089",-4.369,0.906,-6.144,-2.594,-4.98,-3.758,"Genus","Firmicutes_A",1,"negative","temp sensitive"
"Abiotrophia",-0.989,0.573,-2.112,0.134,-1.375,-0.603,"Genus","Firmicutes_D",0.907,"negative","temp sensitive"
"Terrisporobacter",0.994,18.981,-36.21,38.198,-11.809,13.797,"Genus","Firmicutes_A",0.015,"positive","nuetral"
"Blautia_A_141780",-5.223,0.771,-6.735,-3.712,-5.744,-4.703,"Genus","Firmicutes_A",1,"negative","temp sensitive"
"Ornithospirochaeta",-9.235,2.5,-14.135,-4.334,-10.921,-7.548,"Genus","Spirochaetota",1,"negative","temp sensitive"
"Bilifractor",-3.888,0.827,-5.508,-2.268,-4.446,-3.331,"Genus","Firmicutes_A",0.996,"negative","temp sensitive"
"Fusobacterium_C",-1.105,0.743,-2.562,0.351,-1.607,-0.604,"Genus","Fusobacteriota",0.246,"negative","nuetral"
"Weissella_A_338544",1.74,1.771,-1.732,5.211,0.545,2.934,"Genus","Firmicutes_D",0.261,"positive","nuetral"
"Anaeroglobus",-1.808,0.523,-2.834,-0.781,-2.161,-1.454,"Genus","Firmicutes_C",0.896,"negative","temp sensitive"
"Erysipelatoclostridium",-2.026,0.419,-2.847,-1.205,-2.308,-1.744,"Genus","Firmicutes_D",1,"negative","temp sensitive"
"Pantoea_A_680430",-0.666,2.014,-4.614,3.281,-2.025,0.692,"Genus","Proteobacteria",0.229,"negative","nuetral"
"Capnocytophaga_820688",-0.16,1.204,-2.52,2.199,-0.972,0.652,"Genus","Bacteroidota",0.239,"negative","nuetral"
"Stenotrophomonas_A_615274",0.307,1.881,-3.379,3.993,-0.961,1.576,"Genus","Proteobacteria",0.223,"positive","nuetral"
"Lactiplantibacillus",-1.138,1.55,-4.177,1.901,-2.184,-0.092,"Genus","Firmicutes_D",0.271,"negative","nuetral"
"Limisoma",-2.982,0.761,-4.473,-1.491,-3.495,-2.469,"Genus","Bacteroidota",0.987,"negative","temp sensitive"
"CAJLXD01",-7.999,2.377,-12.658,-3.339,-9.602,-6.395,"Genus","Proteobacteria",0.991,"negative","temp sensitive"
"Barnesiella",-7.075,2.333,-11.648,-2.503,-8.649,-5.502,"Genus","Bacteroidota",0.986,"negative","temp sensitive"
"CAG-269",-0.861,0.733,-2.297,0.575,-1.355,-0.367,"Genus","Firmicutes_A",0.003,"negative","nuetral"
"Blautia_A_141781",-4.356,1.052,-6.418,-2.294,-5.066,-3.647,"Genus","Firmicutes_A",0.999,"negative","temp sensitive"
"Turicibacter",-4.272,4.429,-12.954,4.409,-7.26,-1.285,"Genus","Firmicutes_D",0.213,"negative","nuetral"
"Pseudoleptotrichia",-0.638,0.99,-2.578,1.302,-1.305,0.03,"Genus","Fusobacteriota",0.271,"negative","nuetral"
"Limenecus",-6.677,1.543,-9.701,-3.652,-7.717,-5.636,"Genus","Cyanobacteria",1,"negative","temp sensitive"
"Rodentibacter_A_734545",0.136,0.426,-0.699,0.972,-0.151,0.424,"Genus","Proteobacteria",0.16,"positive","nuetral"
"CAG-1427",-5.902,1.164,-8.183,-3.622,-6.687,-5.118,"Genus","Actinobacteriota",1,"negative","temp sensitive"
"Porphyromonas_A_859423",0.413,1.356,-2.244,3.07,-0.501,1.328,"Genus","Bacteroidota",0.236,"positive","nuetral"
"Ventrimonas",-4.285,0.763,-5.781,-2.79,-4.8,-3.771,"Genus","Firmicutes_A",1,"negative","temp sensitive"
"Lautropia",-0.386,0.646,-1.653,0.881,-0.822,0.05,"Genus","Proteobacteria",0.153,"negative","nuetral"
"Merdisoma",-5.904,0.923,-7.713,-4.096,-6.527,-5.282,"Genus","Firmicutes_A",1,"negative","temp sensitive"
"Eubacterium_R",-8.138,1.888,-11.839,-4.438,-9.412,-6.865,"Genus","Firmicutes_A",1,"negative","temp sensitive"
"Neisseria_561456",-0.824,0.636,-2.07,0.422,-1.253,-0.395,"Genus","Proteobacteria",0.364,"negative","nuetral"
"Coprobacter",-4.296,0.626,-5.524,-3.068,-4.719,-3.874,"Genus","Bacteroidota",1,"negative","temp sensitive"
"Traorella",-4.686,0.709,-6.077,-3.296,-5.165,-4.208,"Genus","Firmicutes_D",1,"negative","temp sensitive"
"Fluviibacter",-1.908,1.983,-5.795,1.979,-3.246,-0.57,"Genus","Proteobacteria",0.458,"negative","nuetral"
"Zag111",27.29,25.023,-21.755,76.335,10.412,44.168,"Genus","Cyanobacteria",0.907,"positive","temp sensitive"
"Coprocola",-4.941,1.52,-7.92,-1.962,-5.966,-3.916,"Genus","Firmicutes_A",1,"negative","temp sensitive"
"Sellimonas",-4.594,1.098,-6.747,-2.441,-5.335,-3.853,"Genus","Firmicutes_A",1,"negative","temp sensitive"
"Parolsenella",-3.53,1.761,-6.981,-0.078,-4.718,-2.342,"Genus","Actinobacteriota",0.999,"negative","temp sensitive"
"WM01",-1.818,1.266,-4.3,0.664,-2.672,-0.964,"Genus","Firmicutes_D",0.377,"negative","nuetral"
"Fusobacterium_A",-0.517,2.216,-4.86,3.826,-2.011,0.978,"Genus","Fusobacteriota",0.144,"negative","nuetral"
"Pantoea_A_680069",2.252,2.551,-2.749,7.253,0.531,3.973,"Genus","Proteobacteria",0.211,"positive","nuetral"
"CAG-317_146760",-4.003,2.612,-9.123,1.117,-5.765,-2.241,"Genus","Firmicutes_A",0.968,"negative","temp sensitive"
"Pseudomonas_E_647464",-5.337,2.646,-10.522,-0.152,-7.121,-3.552,"Genus","Proteobacteria",0.389,"negative","nuetral"
"Pseudoflavonifractor_80958",-3.208,0.761,-4.7,-1.717,-3.721,-2.695,"Genus","Firmicutes_A",0.553,"negative","temp sensitive"
"Scatoplasma",12.31,3.746,4.968,19.652,9.783,14.836,"Genus","Firmicutes_D",0.534,"positive","temp sensitive"
"Proteus",-9.032,4.173,-17.21,-0.854,-11.846,-6.218,"Genus","Proteobacteria",0.356,"negative","nuetral"
"Pigmentiphaga",-0.555,2.341,-5.143,4.032,-2.134,1.023,"Genus","Proteobacteria",0.186,"negative","nuetral"
"Cardiobacterium",-0.429,0.825,-2.046,1.188,-0.985,0.127,"Genus","Proteobacteria",0.308,"negative","nuetral"
"Serratia_D_727363",-4.109,4.936,-13.783,5.565,-7.438,-0.78,"Genus","Proteobacteria",0.114,"negative","nuetral"
"Massilia",0.857,1.786,-2.643,4.358,-0.347,2.062,"Genus","Proteobacteria",0.225,"positive","nuetral"
"Eisenbergiella",-2.603,1.679,-5.895,0.688,-3.736,-1.47,"Genus","Firmicutes_A",0.373,"negative","nuetral"
"Phocea",-4.713,0.745,-6.172,-3.254,-5.215,-4.211,"Genus","Firmicutes_A",1,"negative","temp sensitive"
"Lawsonibacter",-2.419,0.686,-3.764,-1.074,-2.882,-1.956,"Genus","Firmicutes_A",0.97,"negative","temp sensitive"
"Ruminococcus_B",-2.738,1.221,-5.132,-0.344,-3.561,-1.914,"Genus","Firmicutes_A",0.965,"negative","temp sensitive"
"Kluyvera_724999",-38.014,32.096,-100.922,24.895,-59.662,-16.365,"Genus","Proteobacteria",0.583,"negative","temp sensitive"
"Ventrisoma",-6.215,2.301,-10.726,-1.705,-7.768,-4.663,"Genus","Firmicutes_A",0.986,"negative","temp sensitive"
"Collinsella",0.136,0.631,-1.101,1.373,-0.29,0.562,"Genus","Actinobacteriota",0.255,"positive","nuetral"
"UMGS1071",-2.635,0.577,-3.765,-1.505,-3.024,-2.246,"Genus","Firmicutes_A",1,"negative","temp sensitive"
"Actinomyces",-2.047,1.336,-4.666,0.572,-2.948,-1.145,"Genus","Actinobacteriota",0.342,"negative","nuetral"
"Moraxella_C_651924",-0.989,1.541,-4.01,2.031,-2.029,0.05,"Genus","Proteobacteria",0.253,"negative","nuetral"
"Butyricimonas",-8.003,2.422,-12.749,-3.256,-9.636,-6.369,"Genus","Bacteroidota",1,"negative","temp sensitive"
"Neisseria_563205",-1.273,0.872,-2.982,0.436,-1.861,-0.685,"Genus","Proteobacteria",0.953,"negative","temp sensitive"
"Eubacterium_I",-2.459,2.246,-6.862,1.944,-3.974,-0.944,"Genus","Firmicutes_A",0.901,"negative","temp sensitive"
"CAG-196",-6.449,2.399,-11.151,-1.747,-8.067,-4.831,"Genus","Cyanobacteria",0.957,"negative","temp sensitive"
"Alistipes_A_871400",-8.519,3.846,-16.057,-0.981,-11.113,-5.925,"Genus","Bacteroidota",0.763,"negative","temp sensitive"
"Anaerostipes",-1.789,0.66,-3.082,-0.496,-2.234,-1.344,"Genus","Firmicutes_A",0.968,"negative","temp sensitive"
"Desulfovibrio_R_446353",-3.825,1.739,-7.233,-0.416,-4.998,-2.652,"Genus","Desulfobacterota_I",0.847,"negative","temp sensitive"
"Fimiplasma",-8.071,1.804,-11.607,-4.535,-9.288,-6.855,"Genus","Firmicutes_D",1,"negative","temp sensitive"
"Bilophila",-3.211,1.355,-5.867,-0.555,-4.125,-2.297,"Genus","Desulfobacterota_I",0.375,"negative","nuetral"
"Oxalobacter_566322",-3.845,1.052,-5.906,-1.784,-4.554,-3.136,"Genus","Proteobacteria",0.999,"negative","temp sensitive"
"Methylobacterium",-3.202,1.314,-5.778,-0.627,-4.089,-2.316,"Genus","Proteobacteria",0.834,"negative","temp sensitive"
"Alistipes_A_871404",-4.055,1.415,-6.828,-1.281,-5.009,-3.1,"Genus","Bacteroidota",0.964,"negative","temp sensitive"
"Flavonifractor",-2.207,1.92,-5.969,1.555,-3.502,-0.912,"Genus","Firmicutes_A",0.236,"negative","nuetral"
"Lachnospiraceae",0.284,0.133,0.023,0.545,0.194,0.374,"Family","Firmicutes_A",0.828,"positive","temp sensitive"
"Helicobacteraceae",0.592,0.25,0.103,1.082,0.424,0.761,"Family","Campylobacterota",0.83,"positive","temp sensitive"
"Bacteroidaceae",-0.118,0.151,-0.415,0.178,-0.22,-0.016,"Family","Bacteroidota",0.32,"negative","nuetral"
"Enterobacteriaceae_A",-2.47,0.531,-3.51,-1.429,-2.828,-2.111,"Family","Proteobacteria",0.882,"negative","temp sensitive"
"Clostridiaceae_222000",-1.833,0.717,-3.238,-0.428,-2.317,-1.349,"Family","Firmicutes_A",0.614,"negative","temp sensitive"
"Streptococcaceae",-0.405,0.289,-0.971,0.161,-0.6,-0.21,"Family","Firmicutes_D",0.274,"negative","nuetral"
"Acidaminococcaceae",0.407,0.131,0.151,0.664,0.319,0.495,"Family","Firmicutes_C",0.967,"positive","temp sensitive"
"Burkholderiaceae_A_595427",-0.108,0.145,-0.392,0.176,-0.206,-0.011,"Family","Proteobacteria",0.307,"negative","nuetral"
"Succinivibrionaceae",0.417,0.255,-0.083,0.918,0.245,0.589,"Family","Proteobacteria",0.489,"positive","nuetral"
"Pasteurellaceae",-0.571,0.335,-1.227,0.084,-0.797,-0.346,"Family","Proteobacteria",0.383,"negative","nuetral"
"Marinilabiliaceae",-2.422,0.429,-3.262,-1.582,-2.711,-2.133,"Family","Bacteroidota",0.994,"negative","temp sensitive"
"Bifidobacteriaceae",0.56,0.176,0.216,0.904,0.442,0.679,"Family","Actinobacteriota",0.994,"positive","temp sensitive"
"Neisseriaceae_563222",-1.084,0.36,-1.791,-0.378,-1.328,-0.841,"Family","Proteobacteria",0.8,"negative","temp sensitive"
"Micrococcaceae",-0.728,0.277,-1.271,-0.184,-0.915,-0.54,"Family","Actinobacteriota",0.865,"negative","temp sensitive"
"Campylobacteraceae",-0.355,0.373,-1.087,0.377,-0.607,-0.103,"Family","Campylobacterota",0.295,"negative","nuetral"
"Enterococcaceae",-0.925,0.75,-2.396,0.545,-1.431,-0.419,"Family","Firmicutes_D",0.356,"negative","nuetral"
"Coprobacillaceae",-3.104,0.415,-3.917,-2.29,-3.384,-2.824,"Family","Firmicutes_D",1,"negative","temp sensitive"
"Dialisteraceae",-0.641,0.37,-1.366,0.084,-0.89,-0.391,"Family","Firmicutes_C",0.52,"negative","temp sensitive"
"Megasphaeraceae",-2.158,0.379,-2.902,-1.415,-2.414,-1.902,"Family","Firmicutes_C",1,"negative","temp sensitive"
"Weeksellaceae",-2.445,1.441,-5.27,0.38,-3.417,-1.473,"Family","Bacteroidota",0.23,"negative","nuetral"
"CAG-239",-4.517,1.016,-6.508,-2.527,-5.202,-3.832,"Family","Proteobacteria",0.999,"negative","temp sensitive"
"Peptostreptococcaceae_256921",-0.137,1.489,-3.055,2.781,-1.141,0.867,"Family","Firmicutes_A",0.662,"negative","temp sensitive"
"Tannerellaceae",-5.133,0.709,-6.523,-3.743,-5.612,-4.655,"Family","Bacteroidota",1,"negative","temp sensitive"
"Diplorickettsiaceae",-9.626,4.432,-18.312,-0.94,-12.615,-6.637,"Family","Proteobacteria",0.74,"negative","temp sensitive"
"Gastranaerophilaceae",-3.203,0.99,-5.143,-1.263,-3.871,-2.536,"Family","Cyanobacteria",0.98,"negative","temp sensitive"
"Borkfalkiaceae",-3.56,2.028,-7.535,0.416,-4.928,-2.192,"Family","Firmicutes_A",0.001,"negative","nuetral"
"Aerococcaceae",-0.986,0.566,-2.095,0.122,-1.368,-0.605,"Family","Firmicutes_D",0.839,"negative","temp sensitive"
"Gemellaceae",-1.1,0.492,-2.065,-0.135,-1.432,-0.768,"Family","Firmicutes_D",0.495,"negative","nuetral"
"Acutalibacteraceae",-3.831,0.491,-4.793,-2.87,-4.162,-3.5,"Family","Firmicutes_A",1,"negative","temp sensitive"
"Atopobiaceae",-0.588,0.24,-1.058,-0.118,-0.75,-0.426,"Family","Actinobacteriota",0.928,"negative","temp sensitive"
"Muribaculaceae",-2.132,0.712,-3.528,-0.737,-2.613,-1.652,"Family","Bacteroidota",0.957,"negative","temp sensitive"
"Coriobacteriaceae",-0.717,0.28,-1.266,-0.169,-0.906,-0.528,"Family","Actinobacteriota",0.972,"negative","temp sensitive"
"Burkholderiaceae_A_595422",-0.007,0.658,-1.296,1.282,-0.45,0.437,"Family","Proteobacteria",0.175,"negative","nuetral"
"Sphaerochaetaceae",-9.187,2.49,-14.068,-4.306,-10.867,-7.507,"Family","Spirochaetota",1,"negative","temp sensitive"
"Fusobacteriaceae_993521",-1.252,0.678,-2.581,0.076,-1.709,-0.795,"Family","Fusobacteriota",0.437,"negative","nuetral"
"Lactobacillaceae",-0.647,0.873,-2.357,1.063,-1.236,-0.059,"Family","Firmicutes_D",0.284,"negative","nuetral"
"Flavobacteriaceae",1.074,1.112,-1.105,3.253,0.324,1.824,"Family","Bacteroidota",0.276,"positive","nuetral"
"Xanthomonadaceae_616009",0.337,1.262,-2.136,2.811,-0.514,1.188,"Family","Proteobacteria",0.238,"positive","nuetral"
"Leptotrichiaceae",-0.358,0.88,-2.084,1.367,-0.952,0.235,"Family","Fusobacteriota",0.229,"negative","nuetral"
"CAG-508",-1.895,0.731,-3.327,-0.463,-2.387,-1.402,"Family","Firmicutes_A",0.339,"negative","nuetral"
"Barnesiellaceae",-7.075,2.333,-11.648,-2.503,-8.649,-5.502,"Family","Bacteroidota",0.986,"negative","temp sensitive"
"Turicibacteraceae",-4.272,4.429,-12.954,4.409,-7.26,-1.285,"Family","Firmicutes_D",0.213,"negative","nuetral"
"Pseudomonadaceae",-0.181,1.087,-2.312,1.95,-0.914,0.553,"Family","Proteobacteria",0.122,"negative","nuetral"
"Eggerthellaceae",-4.772,0.994,-6.72,-2.825,-5.443,-4.102,"Family","Actinobacteriota",1,"negative","temp sensitive"
"Porphyromonadaceae",0.413,1.356,-2.244,3.07,-0.501,1.328,"Family","Bacteroidota",0.236,"positive","nuetral"
"UBA660",15.959,5.46,5.257,26.66,12.276,19.641,"Family","Firmicutes_D",0.923,"positive","temp sensitive"
"Burkholderiaceae_A_595425",-0.386,0.646,-1.653,0.881,-0.822,0.05,"Family","Proteobacteria",0.153,"negative","nuetral"
"Anaerotignaceae",-4.406,0.805,-5.984,-2.829,-4.949,-3.863,"Family","Firmicutes_A",1,"negative","temp sensitive"
"Coprobacteraceae",-4.296,0.626,-5.524,-3.068,-4.719,-3.874,"Family","Bacteroidota",1,"negative","temp sensitive"
"Erysipelotrichaceae",-4.707,0.71,-6.098,-3.316,-5.186,-4.228,"Family","Firmicutes_D",1,"negative","temp sensitive"
"Oscillospiraceae_88309",-1.906,0.43,-2.75,-1.063,-2.197,-1.616,"Family","Firmicutes_A",0.999,"negative","temp sensitive"
"Rhodocyclaceae",-1.908,1.983,-5.795,1.979,-3.246,-0.57,"Family","Proteobacteria",0.458,"negative","nuetral"
"Acetobacteraceae",0.063,1.516,-2.908,3.033,-0.96,1.085,"Family","Proteobacteria",0.224,"positive","nuetral"
"CAG-288",12.31,3.746,4.968,19.652,9.783,14.836,"Family","Firmicutes_D",0.534,"positive","temp sensitive"
"Cardiobacteriaceae",-0.429,0.825,-2.046,1.188,-0.985,0.127,"Family","Proteobacteria",0.308,"negative","nuetral"
"Burkholderiaceae_A_574758",0.868,1.682,-2.427,4.164,-0.266,2.002,"Family","Proteobacteria",0.232,"positive","nuetral"
"Ruminococcaceae",-2.89,0.655,-4.175,-1.605,-3.332,-2.448,"Family","Firmicutes_A",1,"negative","temp sensitive"
"Rikenellaceae",-5.866,1.137,-8.094,-3.638,-6.633,-5.099,"Family","Bacteroidota",1,"negative","temp sensitive"
"Desulfovibrionaceae",-1.14,0.781,-2.671,0.391,-1.667,-0.613,"Family","Desulfobacterota_I",0.387,"negative","nuetral"
"Actinomycetaceae",-2.088,1.296,-4.628,0.451,-2.963,-1.214,"Family","Actinobacteriota",0.358,"negative","nuetral"
"Burkholderiaceae_A_592522",-0.694,1.563,-3.758,2.37,-1.748,0.36,"Family","Proteobacteria",0.243,"negative","nuetral"
"Moraxellaceae",-1.052,1.204,-3.412,1.309,-1.864,-0.239,"Family","Proteobacteria",0.811,"negative","temp sensitive"
"Marinifilaceae",-6.925,1.807,-10.466,-3.384,-8.144,-5.707,"Family","Bacteroidota",1,"negative","temp sensitive"
"Burkholderiaceae_A_574938",-3.845,1.052,-5.906,-1.784,-4.554,-3.136,"Family","Proteobacteria",0.999,"negative","temp sensitive"
"Butyricicoccaceae",-1.529,1.14,-3.764,0.706,-2.298,-0.76,"Family","Firmicutes_A",0.417,"negative","nuetral"
"Beijerinckiaceae",-3.202,1.314,-5.778,-0.627,-4.089,-2.316,"Family","Proteobacteria",0.834,"negative","temp sensitive"
