Taxa,Phylum,Class,Family,Oxygen_tolerance,Pathobiont
51-20,Proteobacteria,Alphaproteobacteria,CAG-239,,
Abiotrophia,Firmicutes_D,Bacilli,Aerococcaceae,facultative_anaerobe,
Acinetobacter,Proteobacteria,Gammaproteobacteria,Moraxellaceae,facultative_anaerobe,Pathobiont
Actinomyces,Actinobacteriota,Actinomycetia,Actinomycetaceae,facultative_anaerobe,
Alistipes_A_871400,Bacteroidota,Bacteroidia,Rikenellaceae,obligate_anaerobe,
Alistipes_A_871404,Bacteroidota,Bacteroidia,Rikenellaceae,obligate_anaerobe,
Alloprevotella,Bacteroidota,Bacteroidia,Bacteroidaceae,obligate_anaerobe,
Anaerobiospirillum_A,Proteobacteria,Gammaproteobacteria,Succinivibrionaceae,obligate_anaerobe,pathobiont
Anaeroglobus,Firmicutes_C,Negativicutes,Megasphaeraceae,obligate_anaerobe,
Anaerostipes,Firmicutes_A,Clostridia_258483,Lachnospiraceae,obligate_anaerobe,
Anaerovibrio,Firmicutes_C,Negativicutes,Selenomonadaceae_42771,obligate_anaerobe,
Aquirickettsiella,Proteobacteria,Gammaproteobacteria,Diplorickettsiaceae,,
Bacillus_AD,Firmicutes_D,Bacilli,DSM-1321_301386,,
Bacteroides_H,Bacteroidota,Bacteroidia,Bacteroidaceae,obligate_anaerobe,
Barnesiella,Bacteroidota,Bacteroidia,Barnesiellaceae,obligate_anaerobe,
Bifidobacterium_388775,Actinobacteriota,Actinomycetia,Bifidobacteriaceae,obligate_anaerobe,
Bilifractor,Firmicutes_A,Clostridia_258483,Lachnospiraceae,obligate_anaerobe,
Bilophila,Desulfobacterota_I,Desulfovibrionia,Desulfovibrionaceae,obligate_anaerobe,pathobiont
Blautia_A_141780,Firmicutes_A,Clostridia_258483,Lachnospiraceae,obligate_anaerobe,
Blautia_A_141781,Firmicutes_A,Clostridia_258483,Lachnospiraceae,obligate_anaerobe,
Butyricicoccus_A_77030,Firmicutes_A,Clostridia_258483,Butyricicoccaceae,obligate_anaerobe,
Butyricimonas,Bacteroidota,Bacteroidia,Marinifilaceae,obligate_anaerobe,
Caecibacter,Firmicutes_C,Negativicutes,Megasphaeraceae,obligate_anaerobe,
CAG-1427,Actinobacteriota,Coriobacteriia,Eggerthellaceae,,
CAG-196,Cyanobacteria,Vampirovibrionia,Gastranaerophilaceae,,
CAG-267,Proteobacteria,Alphaproteobacteria,CAG-239,,
CAG-269,Firmicutes_A,Clostridia_258483,CAG-508,,
CAG-273,Firmicutes_A,Clostridia_258483,CAG-508,,
CAG-274,Firmicutes_A,Clostridia_258483,CAG-274,,
CAG-317_146760,Firmicutes_A,Clostridia_258483,Lachnospiraceae,,
CAJLXD01,Proteobacteria,Alphaproteobacteria,CAG-239,,
Campylobacter_D,Campylobacterota,Campylobacteria,Campylobacteraceae,facultative_anaerobe,pathobiont
Capnocytophaga_820688,Bacteroidota,Bacteroidia,Flavobacteriaceae,facultative_anaerobe,
Cardiobacterium,Proteobacteria,Gammaproteobacteria,Cardiobacteriaceae,facultative_anaerobe,
Catenibacterium,Firmicutes_D,Bacilli,Coprobacillaceae,obligate_anaerobe,
Cellulosilyticum,Firmicutes_A,Clostridia_258483,Cellulosilyticaceae,obligate_anaerobe,
Cetobacterium_A,Fusobacteriota,Fusobacteriia,Fusobacteriaceae_993521,obligate_anaerobe,
Citrobacter_A_692098,Proteobacteria,Gammaproteobacteria,Enterobacteriaceae_A,facultative_anaerobe,pathobiont
Clostridium_P,Firmicutes_A,Clostridia_258483,Clostridiaceae_222000,obligate_anaerobe,
Clostridium_T,Firmicutes_A,Clostridia_258483,Clostridiaceae_222000,obligate_anaerobe,
Collinsella,Actinobacteriota,Coriobacteriia,Coriobacteriaceae,facultative_anaerobe,
Coprobacter,Bacteroidota,Bacteroidia,Coprobacteraceae,obligate_anaerobe,
Coprocola,Firmicutes_A,Clostridia_258483,Anaerotignaceae,obligate_anaerobe,
Copromonas,Firmicutes_A,Clostridia_258483,Lachnospiraceae,obligate_anaerobe,
Desulfovibrio_R_446353,Desulfobacterota_I,Desulfovibrionia,Desulfovibrionaceae,obligate_anaerobe,pathobiont
DTU089,Firmicutes_A,Clostridia_258483,Acutalibacteraceae,,
Eisenbergiella,Firmicutes_A,Clostridia_258483,Lachnospiraceae,obligate_anaerobe,
Enterocloster,Firmicutes_A,Clostridia_258483,Lachnospiraceae,obligate_anaerobe,
Erysipelatoclostridium,Firmicutes_D,Bacilli,Coprobacillaceae,obligate_anaerobe,pathobiont
Eubacterium_I,Firmicutes_A,Clostridia_258483,Lachnospiraceae,obligate_anaerobe,
Eubacterium_R,Firmicutes_A,Clostridia_258483,Acutalibacteraceae,obligate_anaerobe,
Faecalimonas,Firmicutes_A,Clostridia_258483,Lachnospiraceae,obligate_anaerobe,
Fimiplasma,Firmicutes_D,Bacilli,Coprobacillaceae,,
Fluviibacter,Proteobacteria,Gammaproteobacteria,Rhodocyclaceae,facultative_anaerobe,
Fusobacterium_A,Fusobacteriota,Fusobacteriia,Fusobacteriaceae_993521,obligate_anaerobe,pathobiont
Fusobacterium_C,Fusobacteriota,Fusobacteriia,Fusobacteriaceae_993521,obligate_anaerobe,pathobiont
Gemella,Firmicutes_D,Bacilli,Gemellaceae,facultative_anaerobe,
JC017,Bacteroidota,Bacteroidia,Marinilabiliaceae,obligate_anaerobe,
Johnsonella,Firmicutes_A,Clostridia_258483,Lachnospiraceae,obligate_anaerobe,
Klebsiella_724518,Proteobacteria,Gammaproteobacteria,Enterobacteriaceae_A,facultative_anaerobe,pathobiont
Kosakonia_684308,Proteobacteria,Gammaproteobacteria,Enterobacteriaceae_A,facultative_anaerobe,pathobiont
Lactiplantibacillus,Firmicutes_D,Bacilli,Lactobacillaceae,facultative_anaerobe,
Lactobacillus,Firmicutes_D,Bacilli,Lactobacillaceae,facultative_anaerobe,
Lactococcus_A_343473,Firmicutes_D,Bacilli,Streptococcaceae,facultative_anaerobe,
Lactococcus_A_346120,Firmicutes_D,Bacilli,Streptococcaceae,facultative_anaerobe,
Lautropia,Proteobacteria,Gammaproteobacteria,Burkholderiaceae_A_595425,facultative_anaerobe,
Lawsonibacter,Firmicutes_A,Clostridia_258483,Oscillospiraceae_88309,obligate_anaerobe,
Limenecus,Cyanobacteria,Vampirovibrionia,Gastranaerophilaceae,,
Limisoma,Bacteroidota,Bacteroidia,Muribaculaceae,,
Luxibacter,Firmicutes_A,Clostridia_258483,Lachnospiraceae,,
Massilia,Proteobacteria,Gammaproteobacteria,Burkholderiaceae_A_574758,facultative_anaerobe,
Megasphaera_A_38685,Firmicutes_C,Negativicutes,Megasphaeraceae,obligate_anaerobe,
Merdisoma,Firmicutes_A,Clostridia_258483,Lachnospiraceae,obligate_anaerobe,
Moraxella_C_651924,Proteobacteria,Gammaproteobacteria,Moraxellaceae,facultative_anaerobe,
Morganella,Proteobacteria,Gammaproteobacteria,Enterobacteriaceae_A,facultative_anaerobe,pathobiont
Mycoplasma_J_271639,Firmicutes_D,Bacilli,Metamycoplasmataceae,,
Neisseria_561456,Proteobacteria,Gammaproteobacteria,Neisseriaceae_563222,facultative_anaerobe,
Neisseria_563205,Proteobacteria,Gammaproteobacteria,Neisseriaceae_563222,facultative_anaerobe,
Odoribacter_865974,Bacteroidota,Bacteroidia,Marinifilaceae,obligate_anaerobe,
Onthovivens,Firmicutes_D,Bacilli,CAG-826,,
Oribacterium,Firmicutes_A,Clostridia_258483,Lachnospiraceae,obligate_anaerobe,
Ornithospirochaeta,Spirochaetota,Spirochaetia,Sphaerochaetaceae,,
Oxalobacter_566322,Proteobacteria,Gammaproteobacteria,Burkholderiaceae_A_574938,obligate_anaerobe,
Pantoea_A_680069,Proteobacteria,Gammaproteobacteria,Enterobacteriaceae_A,facultative_anaerobe,
Pantoea_A_680430,Proteobacteria,Gammaproteobacteria,Enterobacteriaceae_A,facultative_anaerobe,
Parabacteroides_B_862066,Bacteroidota,Bacteroidia,Tannerellaceae,obligate_anaerobe,
Paraclostridium,Firmicutes_A,Clostridia_258483,Peptostreptococcaceae_256921,obligate_anaerobe,
Paraprevotella,Bacteroidota,Bacteroidia,Bacteroidaceae,obligate_anaerobe,
Parolsenella,Actinobacteriota,Coriobacteriia,Atopobiaceae,,
Phascolarctobacterium_A,Firmicutes_C,Negativicutes,Acidaminococcaceae,obligate_anaerobe,
Phocaeicola_A_858004,Bacteroidota,Bacteroidia,Bacteroidaceae,obligate_anaerobe,
Phocea,Firmicutes_A,Clostridia_258483,Ruminococcaceae,obligate_anaerobe,
Pigmentiphaga,Proteobacteria,Gammaproteobacteria,Burkholderiaceae_A_595422,facultative_anaerobe,
Porphyromonas_A_859423,Bacteroidota,Bacteroidia,Porphyromonadaceae,obligate_anaerobe,pathobiont
Prevotella,Bacteroidota,Bacteroidia,Bacteroidaceae,obligate_anaerobe,
Pseudoflavonifractor_80958,Firmicutes_A,Clostridia_258483,Oscillospiraceae_88309,obligate_anaerobe,
Pseudoleptotrichia,Fusobacteriota,Fusobacteriia,Leptotrichiaceae,,
Pseudomonas_B_650451,Proteobacteria,Gammaproteobacteria,Pseudomonadaceae,facultative_anaerobe,pathobiont
Pseudomonas_E_647464,Proteobacteria,Gammaproteobacteria,Pseudomonadaceae,facultative_anaerobe,pathobiont
Rikenella,Bacteroidota,Bacteroidia,Rikenellaceae,,
Rodentibacter_A_734545,Proteobacteria,Gammaproteobacteria,Pasteurellaceae,facultative_anaerobe,
Romboutsia_D,Firmicutes_A,Clostridia_258483,Peptostreptococcaceae_256921,obligate_anaerobe,
Rosenbergiella,Proteobacteria,Gammaproteobacteria,Enterobacteriaceae_A,facultative_anaerobe,
Rothia,Actinobacteriota,Actinomycetia,Micrococcaceae,facultative_anaerobe,
Ruminococcus_B,Firmicutes_A,Clostridia_258483,Lachnospiraceae,obligate_anaerobe,pathobiont
Scatocola,Proteobacteria,Alphaproteobacteria,CAG-239,,
Sellimonas,Firmicutes_A,Clostridia_258483,Lachnospiraceae,obligate_anaerobe,
Serratia_D_727363,Proteobacteria,Gammaproteobacteria,Enterobacteriaceae_A,facultative_anaerobe,pathobiont
SIO2C1,Cyanobacteria,Cyanobacteriia,Coleofasciculaceae_23353,,
Stenotrophomonas_A_615274,Proteobacteria,Gammaproteobacteria,Xanthomonadaceae_616009,facultative_anaerobe,pathobiont
Stercorousia,Cyanobacteria,Vampirovibrionia,Gastranaerophilaceae,,
Streptococcus,Firmicutes_D,Bacilli,Streptococcaceae,facultative_anaerobe,
Succinatimonas,Proteobacteria,Gammaproteobacteria,Succinivibrionaceae,obligate_anaerobe,
Succinivibrio,Proteobacteria,Gammaproteobacteria,Succinivibrionaceae,facultative_anaerobe,
Sutterella,Proteobacteria,Gammaproteobacteria,Burkholderiaceae_A_595427,facultative_anaerobe,
Terrisporobacter,Firmicutes_A,Clostridia_258483,Peptostreptococcaceae_256921,obligate_anaerobe,
Traorella,Firmicutes_D,Bacilli,Erysipelotrichaceae,,
Turicibacter,Firmicutes_D,Bacilli,Turicibacteraceae,obligate_anaerobe,
UBA11471,Bacteroidota,Bacteroidia,UBA11471,,
UBA1436,Elusimicrobiota,Elusimicrobia_984208,Elusimicrobiaceae,,
UBA71,Thermoplasmatota,Thermoplasmata_1773,Methanomethylophilaceae,,
UMGS1071,Firmicutes_A,Clostridia_258483,Acutalibacteraceae,,
Veillonella_A,Firmicutes_C,Negativicutes,Veillonellaceae,obligate_anaerobe,
Ventrimonas,Firmicutes_A,Clostridia_258483,Lachnospiraceae,obligate_anaerobe,
Ventrisoma,Firmicutes_A,Clostridia_258483,Lachnospiraceae,obligate_anaerobe,
Weissella_A_338544,Firmicutes_D,Bacilli,Lactobacillaceae,facultative_anaerobe,
WM01,Firmicutes_D,Bacilli,Aerococcaceae,,
Zymobacter,Proteobacteria,Gammaproteobacteria,Halomonadaceae_639861,facultative_anaerobe,