path,carbon_metabolism_v_fermentation,pathobiont_commensal
PWY0-1586: peptidoglycan maturation (meso-diaminopimelate containing),,
VALSYN-PWY: L-valine biosynthesis,,
PWY-7111: pyruvate fermentation to isobutanol (engineered),,
PWY-1042: glycolysis IV,,
DTDPRHAMSYN-PWY: dTDP-&beta;-L-rhamnose biosynthesis,,
CALVIN-PWY: Calvin-Benson-Bassham cycle,,
PWY-3841: folate transformations II (plants),,
NONOXIPENT-PWY: pentose phosphate pathway (non-oxidative branch) I,,
PWY-5695: inosine 5-phosphate degradation,,
PWY-6700: queuosine biosynthesis I (de novo),,
PWY-7238: sucrose biosynthesis II,,
PWY-7221: guanosine ribonucleotides de novo biosynthesis,,
ANAGLYCOLYSIS-PWY: glycolysis III (from glucose),,
TRNA-CHARGING-PWY: tRNA charging,,
PWY0-1319: CDP-diacylglycerol biosynthesis II,,
PWY-5667: CDP-diacylglycerol biosynthesis I,,
ILEUSYN-PWY: L-isoleucine biosynthesis I (from threonine),,
PWY-8178: pentose phosphate pathway (non-oxidative branch) II,,
BRANCHED-CHAIN-AA-SYN-PWY: superpathway of branched chain amino acid biosynthesis,,
PWY-7229: superpathway of adenosine nucleotides de novo biosynthesis I,,
GLYCOLYSIS: glycolysis I (from glucose 6-phosphate),,
PWY-6163: chorismate biosynthesis from 3-dehydroquinate,,
PWY-5103: L-isoleucine biosynthesis III,,
PWY-6122: 5-aminoimidazole ribonucleotide biosynthesis II,,
PWY-6277: superpathway of 5-aminoimidazole ribonucleotide biosynthesis,,
PWY-6385: peptidoglycan biosynthesis III (mycobacteria),,
PWY-6608: guanosine nucleotides degradation III,,
PWY-6387: UDP-N-acetylmuramoyl-pentapeptide biosynthesis I (meso-diaminopimelate containing),,
PWY0-1296: purine ribonucleosides degradation,,
GLUCONEO-PWY: gluconeogenesis I,,
PWY-6151: S-adenosyl-L-methionine salvage I,,
1CMET2-PWY: folate transformations III (E. coli),,
SALVADEHYPOX-PWY: adenosine nucleotides degradation II,,
PEPTIDOGLYCANSYN-PWY: peptidoglycan biosynthesis I (meso-diaminopimelate containing),,
PWY-6126: superpathway of adenosine nucleotides de novo biosynthesis II,,
PWY-6386: UDP-N-acetylmuramoyl-pentapeptide biosynthesis II (lysine-containing),,
PWY-3001: superpathway of L-isoleucine biosynthesis I,,
PWY-6123: inosine-5-phosphate biosynthesis I,,
PWY-7663: gondoate biosynthesis (anaerobic),,
PWY-6609: adenine and adenosine salvage III,,
PYRIDNUCSYN-PWY: NAD de novo biosynthesis I (from aspartate),,
PWY-7953: UDP-N-acetylmuramoyl-pentapeptide biosynthesis III (meso-diaminopimelate containing),,
PWY-5484: glycolysis II (from fructose 6-phosphate),,
PWY-6121: 5-aminoimidazole ribonucleotide biosynthesis I,,
PWY-5941: glycogen degradation II,,
PWY66-429: fatty acid biosynthesis initiation (mitochondria),,
PWY0-1477: ethanolamine utilization,carbon_metabolism,antagonist
PWY-6124: inosine-5-phosphate biosynthesis II,,
NONMEVIPP-PWY: methylerythritol phosphate pathway I,,
COMPLETE-ARO-PWY: superpathway of aromatic amino acid biosynthesis,,
PWY-6703: preQ0 biosynthesis,,
PWY-5723: Rubisco shunt,,
PHOSLIPSYN-PWY: superpathway of phospholipid biosynthesis I (bacteria),,
THRESYN-PWY: superpathway of L-threonine biosynthesis,,
PWY-7228: superpathway of guanosine nucleotides de novo biosynthesis I,,
ARO-PWY: chorismate biosynthesis I,,
PWY-5686: UMP biosynthesis I,,
PWY-7790: UMP biosynthesis II,,
PWY-7791: UMP biosynthesis III,,
ARGSYN-PWY: L-arginine biosynthesis I (via L-ornithine),,
GLUTORN-PWY: L-ornithine biosynthesis I,,
ARGSYNBSUB-PWY: L-arginine biosynthesis II (acetyl cycle),,
RHAMCAT-PWY: L-rhamnose degradation I,carbon_metabolism,
GALACTARDEG-PWY: D-galactarate degradation I,,
GLUCARGALACTSUPER-PWY: superpathway of D-glucarate and D-galactarate degradation,carbon_metabolism,
METSYN-PWY: superpathway of L-homoserine and L-methionine biosynthesis,,
PWY-841: superpathway of purine nucleotides de novo biosynthesis I,,
TRPSYN-PWY: L-tryptophan biosynthesis,,
ANAEROFRUCAT-PWY: homolactic fermentation,fermentative_metabolism,
PWY-5347: superpathway of L-methionine biosynthesis (transsulfuration),,
PENTOSE-P-PWY: pentose phosphate pathway,,
PWY-6125: superpathway of guanosine nucleotides de novo biosynthesis II,,
MET-SAM-PWY: superpathway of S-adenosyl-L-methionine biosynthesis,,
PWY-7977: L-methionine biosynthesis IV,,
HISTSYN-PWY: L-histidine biosynthesis,,
PANTO-PWY: phosphopantothenate biosynthesis I,,
PWY4FS-7: phosphatidylglycerol biosynthesis I (plastidic),,
PWY4FS-8: phosphatidylglycerol biosynthesis II (non-plastidic),,
SER-GLYSYN-PWY: superpathway of L-serine and glycine biosynthesis I,,
PWY-7400: L-arginine biosynthesis IV (archaebacteria),,
PWY-5097: L-lysine biosynthesis VI,,
UDPNAGSYN-PWY: UDP-N-acetyl-D-glucosamine biosynthesis I,,
OANTIGEN-PWY: O-antigen building blocks biosynthesis (E. coli),,antagonist
"P461-PWY: hexitol fermentation to lactate, formate, ethanol and acetate",,commensal
PWY-6629: superpathway of L-tryptophan biosynthesis,,
COA-PWY-1: superpathway of coenzyme A biosynthesis III (mammals),,
HSERMETANA-PWY: L-methionine biosynthesis III,,
"PWY-724: superpathway of L-lysine, L-threonine and L-methionine biosynthesis II",,
RIBOSYN2-PWY: flavin biosynthesis I (bacteria and plants),,commensal
PWY-7345: superpathway of anaerobic sucrose degradation,fermentative_metabolism,
PWY-7220: adenosine deoxyribonucleotides de novo biosynthesis II,,
PWY-7222: guanosine deoxyribonucleotides de novo biosynthesis II,,
PWY-6901: superpathway of glucose and xylose degradation,carbon_metabolism,
PWY-6353: purine nucleotides degradation II (aerobic),,
PWY-6936: seleno-amino acid biosynthesis (plants),,
PWY-2942: L-lysine biosynthesis III,,
ASPASN-PWY: superpathway of L-aspartate and L-asparagine biosynthesis,,
PWY-7560: methylerythritol phosphate pathway II,,
PWY-I9: L-cysteine biosynthesis VI (from L-methionine),,
GLUCARDEG-PWY: D-glucarate degradation I,carbon_metabolism,
COA-PWY: coenzyme A biosynthesis I (prokaryotic),,
PWY-7851: coenzyme A biosynthesis II (eukaryotic),,
PWY-7208: superpathway of pyrimidine nucleobases salvage,,
PANTOSYN-PWY: superpathway of coenzyme A biosynthesis I (bacteria),,
"PWY0-301: L-ascorbate degradation I (bacterial, anaerobic)",carbon_metabolism,
HOMOSER-METSYN-PWY: L-methionine biosynthesis I,,
PWY-5154: L-arginine biosynthesis III (via N-acetyl-L-citrulline),,
DAPLYSINESYN-PWY: L-lysine biosynthesis I,,
PWY-702: L-methionine biosynthesis II,,
FASYN-ELONG-PWY: fatty acid elongation -- saturated,,
GLYCOGENSYNTH-PWY: glycogen biosynthesis I (from ADP-D-Glucose),,
PWY-5659: GDP-mannose biosynthesis,,
PWY-5913: partial TCA cycle (obligate autotrophs),,
ARG+POLYAMINE-SYN: superpathway of arginine and polyamine biosynthesis,,commensal
PWY-6270: isoprene biosynthesis I,,
PWY-1269: CMP-3-deoxy-D-manno-octulosonate biosynthesis,,antagonist
PWY-6628: superpathway of L-phenylalanine biosynthesis,,
PWY66-409: superpathway of purine nucleotide salvage,,
PWY-7199: pyrimidine deoxyribonucleosides salvage,,
ORNDEG-PWY: superpathway of ornithine degradation,,
PWY-7664: oleate biosynthesis IV (anaerobic),,
PWY-5971: palmitate biosynthesis (type II fatty acid synthase),,
PWY-5188: tetrapyrrole biosynthesis I (from glutamate),,
POLYAMSYN-PWY: superpathway of polyamine biosynthesis I,,commensal
PWY-7118: chitin deacetylation,,
PWY-5973: cis-vaccenate biosynthesis,,
"PWY-6961: L-ascorbate degradation II (bacterial, aerobic)",carbon_metabolism,
PWY-6317: D-galactose degradation I (Leloir pathway),carbon_metabolism,
PWY-6305: superpathway of putrescine biosynthesis,,commensal
PWY-6630: superpathway of L-tyrosine biosynthesis,,
PWY0-862: (5Z)-dodecenoate biosynthesis I,,
HEXITOLDEGSUPER-PWY: superpathway of hexitol degradation (bacteria),carbon_metabolism,
"P4-PWY: superpathway of L-lysine, L-threonine and L-methionine biosynthesis I",,
PWY-6282: palmitoleate biosynthesis I (from (5Z)-dodec-5-enoate),,
PWY-4041: &gamma;-glutamyl cycle,,
GLYCOLYSIS-E-D: superpathway of glycolysis and the Entner-Doudoroff pathway,carbon_metabolism,
"PWY-7117: C4 photosynthetic carbon assimilation cycle, PEPCK type",,
PWY-5345: superpathway of L-methionine biosynthesis (by sulfhydrylation),,
PWY-8187: L-arginine degradation XIII (reductive Stickland reaction),fermentative_metabolism,
PWY-6168: flavin biosynthesis III (fungi),,
GLUCOSE1PMETAB-PWY: glucose and glucose-1-phosphate degradation,carbon_metabolism,
PWY0-1298: superpathway of pyrimidine deoxyribonucleosides degradation,,
PWY0-162: superpathway of pyrimidine ribonucleotides de novo biosynthesis,,
PWY-7328: superpathway of UDP-glucose-derived O-antigen building blocks biosynthesis,,antagonist
FERMENTATION-PWY: mixed acid fermentation,fermentative_metabolism,commensal
PWY0-781: aspartate superpathway,,
PWY-5989: stearate biosynthesis II (bacteria and plants),,
P441-PWY: superpathway of N-acetylneuraminate degradation,carbon_metabolism,antagonist
CITRULBIO-PWY: L-citrulline biosynthesis,,
FAO-PWY: fatty acid &beta;-oxidation I (generic),,
P41-PWY: pyruvate fermentation to acetate and (S)-lactate I,fermentative_metabolism,commensal
PWY-5100: pyruvate fermentation to acetate and lactate II,fermentative_metabolism,commensal
THISYN-PWY: superpathway of thiamine diphosphate biosynthesis I,,commensal
HEMESYN2-PWY: heme b biosynthesis II (oxygen-independent),,
SULFATE-CYS-PWY: superpathway of sulfate assimilation and cysteine biosynthesis,,
PWY-6519: 8-amino-7-oxononanoate biosynthesis I,,
PWY0-1479: tRNA processing,,
NAGLIPASYN-PWY: lipid IVA biosynthesis (E. coli),,antagonist
PWY-8073: lipid IVA biosynthesis (P. putida),,antagonist
PWY-8004: Entner-Doudoroff pathway I,carbon_metabolism,
COLANSYN-PWY: colanic acid building blocks biosynthesis,,antagonist
PWY-6527: stachyose degradation,carbon_metabolism,
DENOVOPURINE2-PWY: superpathway of purine nucleotides de novo biosynthesis II,,
PWY-621: sucrose degradation III (sucrose invertase),carbon_metabolism,
PWY-5136: fatty acid &beta;-oxidation II (plant peroxisome),,
GLYCOCAT-PWY: glycogen degradation I,,
PWY-5384: sucrose degradation IV (sucrose phosphorylase),carbon_metabolism,
BIOTIN-BIOSYNTHESIS-PWY: biotin biosynthesis I,,commensal
"PWY-7013: (S)-propane-1,2-diol degradation",carbon_metabolism,antagonist
PWY-6895: superpathway of thiamine diphosphate biosynthesis II,,commensal
HEME-BIOSYNTHESIS-II-1: heme b biosynthesis V (aerobic),,
HEME-BIOSYNTHESIS-II: heme b biosynthesis I (aerobic),,
PWY-6969: TCA cycle V (2-oxoglutarate synthase),,
TCA: TCA cycle I (prokaryotic),,
PWY-561: superpathway of glyoxylate cycle and fatty acid degradation,,
PWY-6892: thiazole component of thiamine diphosphate biosynthesis I,,
PWY-7234: inosine-5-phosphate biosynthesis III,,
TCA-GLYOX-BYPASS: superpathway of glyoxylate bypass and TCA,,
GLYOXYLATE-BYPASS: glyoxylate cycle,,
"PRPP-PWY: superpathway of histidine, purine, and pyrimidine biosynthesis",,
PWY-5918: superpathway of heme b biosynthesis from glutamate,,
"PWY-7456: &beta;-(1,4)-mannan degradation",fermentative_metabolism,
"PWY-7237: myo-, chiro- and scyllo-inositol degradation",,
SO4ASSIM-PWY: assimilatory sulfate reduction I,,
PWY-6285: superpathway of fatty acids biosynthesis (E. coli),,
"GLYCOLYSIS-TCA-GLYOX-BYPASS: superpathway of glycolysis, pyruvate dehydrogenase, TCA, and glyoxylate bypass",,
PWY0-1297: superpathway of purine deoxyribonucleosides degradation,,
KETOGLUCONMET-PWY: ketogluconate metabolism,carbon_metabolism,
PWY0-1261: anhydromuropeptides recycling I,,
PWY-5022: 4-aminobutanoate degradation V,,
COBALSYN-PWY: superpathway of adenosylcobalamin salvage from cobinamide I,,commensal
PWY-7323: superpathway of GDP-mannose-derived O-antigen building blocks biosynthesis,,antagonist
PWY-5838: superpathway of menaquinol-8 biosynthesis I,,
PWY-5130: 2-oxobutanoate degradation I,,
GALACTITOLCAT-PWY: galactitol degradation,carbon_metabolism,
PWY-6897: thiamine diphosphate salvage II,,
PWY-6606: guanosine nucleotides degradation II,,
PWY-6147: 6-hydroxymethyl-dihydropterin diphosphate biosynthesis I,,
PWY-5897: superpathway of menaquinol-11 biosynthesis,,
PWY-5898: superpathway of menaquinol-12 biosynthesis,,
PWY-5899: superpathway of menaquinol-13 biosynthesis,,
"GLCMANNANAUT-PWY: superpathway of N-acetylglucosamine, N-acetylmannosamine and N-acetylneuraminate degradation",carbon_metabolism,antagonist
PYRIDOXSYN-PWY: pyridoxal 5-phosphate biosynthesis I,,commensal
PWY-821: superpathway of sulfur amino acid biosynthesis (Saccharomyces cerevisiae),,
"PWY-241: C4 photosynthetic carbon assimilation cycle, NADP-ME type",,
ARGININE-SYN4-PWY: L-ornithine biosynthesis II,,
PWY-1861: formaldehyde assimilation II (assimilatory RuMP Cycle),,
PWY0-1415: superpathway of heme b biosynthesis from uroporphyrinogen-III,,
FUC-RHAMCAT-PWY: superpathway of fucose and rhamnose degradation,carbon_metabolism,antagonist
PWY0-845: superpathway of pyridoxal 5-phosphate biosynthesis and salvage,,commensal
FUCCAT-PWY: fucose degradation,carbon_metabolism,antagonist
PWY-6284: superpathway of unsaturated fatty acids biosynthesis (E. coli),,
PWY-7282: 4-amino-2-methyl-5-diphosphomethylpyrimidine biosynthesis II,,
PWY-7197: pyrimidine deoxyribonucleotide phosphorylation,,
PWY0-1061: superpathway of L-alanine biosynthesis,,
P105-PWY: TCA cycle IV (2-oxoglutarate decarboxylase),,
PWY-2941: L-lysine biosynthesis II,,
PWY-5675: nitrate reduction V (assimilatory),,
PWY-5189: tetrapyrrole biosynthesis II (from glycine),,
PWY-5861: superpathway of demethylmenaquinol-8 biosynthesis I,,
PWY-7357: thiamine phosphate formation from pyrithiamine and oxythiamine (yeast),,
PWY-5676: acetyl-CoA fermentation to butanoate II,fermentative_metabolism,commensal
PWY1ZNC-1: assimilatory sulfate reduction IV,,
PWY-7204: pyridoxal 5-phosphate salvage II (plants),,
PWY-6803: phosphatidylcholine acyl editing,,
PWY66-389: phytol degradation,,
PWY-5981: CDP-diacylglycerol biosynthesis III,,
PWY-5030: L-histidine degradation III,,
POLYISOPRENSYN-PWY: polyisoprenoid biosynthesis (E. coli),,
P161-PWY: acetylene degradation (anaerobic),,
PWY-6823: molybdopterin biosynthesis,,
PWY-7184: pyrimidine deoxyribonucleotides de novo biosynthesis I,,
GALACT-GLUCUROCAT-PWY: superpathway of hexuronide and hexuronate degradation,carbon_metabolism,
PWY0-166: superpathway of pyrimidine deoxyribonucleotides de novo biosynthesis (E. coli),,
GLUCUROCAT-PWY: superpathway of &beta;-D-glucuronosides degradation,carbon_metabolism,
PWY-6545: pyrimidine deoxyribonucleotides de novo biosynthesis III,,
P122-PWY: heterolactic fermentation,fermentative_metabolism,commensal
PWY-7858: (5Z)-dodecenoate biosynthesis II,,
HISDEG-PWY: L-histidine degradation I,,
PWY-5690: TCA cycle II (plants and fungi),,
PWY0-1241: ADP-L-glycero-&beta;-D-manno-heptose biosynthesis,,antagonist
PWY-7211: superpathway of pyrimidine deoxyribonucleotides de novo biosynthesis,,
PWY-6902: chitin degradation II (Vibrio),,
FOLSYN-PWY: superpathway of tetrahydrofolate biosynthesis and salvage,,
PWY-7761: NAD salvage pathway II (PNC IV cycle),,
PPGPPMET-PWY: ppGpp metabolism,,
PWY-7210: pyrimidine deoxyribonucleotides biosynthesis from CTP,,
PWY4LZ-257: superpathway of fermentation (Chlamydomonas reinhardtii),,
PWY-7242: D-fructuronate degradation,,
PWY-7185: UTP and CTP dephosphorylation I,,
PWY-6549: L-glutamine biosynthesis III,,
P42-PWY: incomplete reductive TCA cycle,,
PWY-6507: 4-deoxy-L-threo-hex-4-enopyranuronate degradation,,
PWY-7254: TCA cycle VII (acetate-producers),,
GALACTUROCAT-PWY: D-galacturonate degradation I,carbon_metabolism,
PWY-7315: dTDP-N-acetylthomosamine biosynthesis,,
P23-PWY: reductive TCA cycle I,,
PWY-7198: pyrimidine deoxyribonucleotides de novo biosynthesis IV,,
PWY-6612: superpathway of tetrahydrofolate biosynthesis,,
PWY-622: starch biosynthesis,,
PWY-7187: pyrimidine deoxyribonucleotides de novo biosynthesis II,,
"PWY-7115: C4 photosynthetic carbon assimilation cycle, NAD-ME type",,
PWY-5367: petroselinate biosynthesis,,
PWY3O-4107: NAD salvage pathway V (PNC V cycle),,
"PWY-5464: superpathway of cytosolic glycolysis (plants), pyruvate dehydrogenase and TCA cycle",,
PWY-5121: superpathway of geranylgeranyl diphosphate biosynthesis II (via MEP),,
THISYNARA-PWY: superpathway of thiamine diphosphate biosynthesis III (eukaryotes),,
REDCITCYC: TCA cycle VI (Helicobacter),,
PWY-4984: urea cycle,,
PWY66-399: gluconeogenesis III,,
PWY-3781: aerobic respiration I (cytochrome c),,
PWY-7992: superpathway of menaquinol-8 biosynthesis III,,