Taxa,Phylum,Family,Class,Oxygen_tolerance,Pathobiont
51-20,Proteobacteria,CAG-239,Alphaproteobacteria,,
Abiotrophia,Firmicutes_D,Aerococcaceae,Bacilli,facultative_anaerobe,
Acinetobacter,Proteobacteria,Moraxellaceae,Gammaproteobacteria,facultative_anaerobe,Pathobiont
Actinomyces,Actinobacteriota,Actinomycetaceae,Actinomycetia,facultative_anaerobe,
Alistipes_A_871400,Bacteroidota,Rikenellaceae,Bacteroidia,obligate_anaerobe,
Alistipes_A_871404,Bacteroidota,Rikenellaceae,Bacteroidia,obligate_anaerobe,
Alloprevotella,Bacteroidota,Bacteroidaceae,Bacteroidia,obligate_anaerobe,
Anaerobiospirillum_A,Proteobacteria,Succinivibrionaceae,Gammaproteobacteria,obligate_anaerobe,pathobiont
Anaeroglobus,Firmicutes_C,Megasphaeraceae,Negativicutes,obligate_anaerobe,
Anaerostipes,Firmicutes_A,Lachnospiraceae,Clostridia_258483,obligate_anaerobe,
Anaerovibrio,Firmicutes_C,Selenomonadaceae_42771,Negativicutes,obligate_anaerobe,
Aquirickettsiella,Proteobacteria,Diplorickettsiaceae,Gammaproteobacteria,,
Bacillus_AD,Firmicutes_D,DSM-1321_301386,Bacilli,facultative_anaerobe,
Bacteroides_H,Bacteroidota,Bacteroidaceae,Bacteroidia,obligate_anaerobe,
Barnesiella,Bacteroidota,Barnesiellaceae,Bacteroidia,obligate_anaerobe,
Bifidobacterium_388775,Actinobacteriota,Bifidobacteriaceae,Actinomycetia,obligate_anaerobe,
Bilifractor,Firmicutes_A,Lachnospiraceae,Clostridia_258483,obligate_anaerobe,
Bilophila,Desulfobacterota_I,Desulfovibrionaceae,Desulfovibrionia,obligate_anaerobe,pathobiont
Blautia_A_141780,Firmicutes_A,Lachnospiraceae,Clostridia_258483,obligate_anaerobe,
Blautia_A_141781,Firmicutes_A,Lachnospiraceae,Clostridia_258483,obligate_anaerobe,
Butyricicoccus_A_77030,Firmicutes_A,Butyricicoccaceae,Clostridia_258483,obligate_anaerobe,
Butyricimonas,Bacteroidota,Marinifilaceae,Bacteroidia,obligate_anaerobe,
Caecibacter,Firmicutes_C,Megasphaeraceae,Negativicutes,,
CAG-1427,Actinobacteriota,Eggerthellaceae,Coriobacteriia,,
CAG-196,Cyanobacteria,Gastranaerophilaceae,Vampirovibrionia,,
CAG-267,Proteobacteria,CAG-239,Alphaproteobacteria,,
CAG-269,Firmicutes_A,CAG-508,Clostridia_258483,,
CAG-273,Firmicutes_A,CAG-508,Clostridia_258483,,
CAG-274,Firmicutes_A,CAG-274,Clostridia_258483,,
CAG-317_146760,Firmicutes_A,Lachnospiraceae,Clostridia_258483,,
CAJLXD01,Proteobacteria,CAG-239,Alphaproteobacteria,,
Campylobacter_D,Campylobacterota,Campylobacteraceae,Campylobacteria,facultative_anaerobe,pathobiont
Capnocytophaga_820688,Bacteroidota,Flavobacteriaceae,Bacteroidia,facultative_anaerobe,
Cardiobacterium,Proteobacteria,Cardiobacteriaceae,Gammaproteobacteria,facultative_anaerobe,
Catenibacterium,Firmicutes_D,Coprobacillaceae,Bacilli,obligate_anaerobe,
Cellulosilyticum,Firmicutes_A,Cellulosilyticaceae,Clostridia_258483,obligate_anaerobe,
Cetobacterium_A,Fusobacteriota,Fusobacteriaceae_993521,Fusobacteriia,obligate_anaerobe,
Citrobacter_A_692098,Proteobacteria,Enterobacteriaceae_A,Gammaproteobacteria,facultative_anaerobe,pathobiont
Clostridium_P,Firmicutes_A,Clostridiaceae_222000,Clostridia_258483,obligate_anaerobe,
Clostridium_T,Firmicutes_A,Clostridiaceae_222000,Clostridia_258483,obligate_anaerobe,
Collinsella,Actinobacteriota,Coriobacteriaceae,Coriobacteriia,obligate_anaerobe,
Coprobacter,Bacteroidota,Coprobacteraceae,Bacteroidia,obligate_anaerobe,
Coprocola,Firmicutes_A,Anaerotignaceae,Clostridia_258483,,
Copromonas,Firmicutes_A,Lachnospiraceae,Clostridia_258483,,
Desulfovibrio_R_446353,Desulfobacterota_I,Desulfovibrionaceae,Desulfovibrionia,obligate_anaerobe,pathobiont
DTU089,Firmicutes_A,Acutalibacteraceae,Clostridia_258483,,
Eisenbergiella,Firmicutes_A,Lachnospiraceae,Clostridia_258483,obligate_anaerobe,
Enterocloster,Firmicutes_A,Lachnospiraceae,Clostridia_258483,obligate_anaerobe,
Erysipelatoclostridium,Firmicutes_D,Coprobacillaceae,Bacilli,obligate_anaerobe,pathobiont
Eubacterium_I,Firmicutes_A,Lachnospiraceae,Clostridia_258483,obligate_anaerobe,
Eubacterium_R,Firmicutes_A,Acutalibacteraceae,Clostridia_258483,obligate_anaerobe,
Faecalimonas,Firmicutes_A,Lachnospiraceae,Clostridia_258483,obligate_anaerobe,
Fimiplasma,Firmicutes_D,Coprobacillaceae,Bacilli,,
Fluviibacter,Proteobacteria,Rhodocyclaceae,Gammaproteobacteria,,
Fusobacterium_A,Fusobacteriota,Fusobacteriaceae_993521,Fusobacteriia,obligate_anaerobe,pathobiont
Fusobacterium_C,Fusobacteriota,Fusobacteriaceae_993521,Fusobacteriia,obligate_anaerobe,pathobiont
Gemella,Firmicutes_D,Gemellaceae,Bacilli,facultative_anaerobe,
JC017,Bacteroidota,Marinilabiliaceae,Bacteroidia,,
Johnsonella,Firmicutes_A,Lachnospiraceae,Clostridia_258483,obligate_anaerobe,
Klebsiella_724518,Proteobacteria,Enterobacteriaceae_A,Gammaproteobacteria,facultative_anaerobe,pathobiont
Kosakonia_684308,Proteobacteria,Enterobacteriaceae_A,Gammaproteobacteria,facultative_anaerobe,pathobiont
Lactiplantibacillus,Firmicutes_D,Lactobacillaceae,Bacilli,facultative_anaerobe,
Lactobacillus,Firmicutes_D,Lactobacillaceae,Bacilli,facultative_anaerobe,
Lactococcus_A_343473,Firmicutes_D,Streptococcaceae,Bacilli,facultative_anaerobe,
Lactococcus_A_346120,Firmicutes_D,Streptococcaceae,Bacilli,facultative_anaerobe,
Lautropia,Proteobacteria,Burkholderiaceae_A_595425,Gammaproteobacteria,facultative_anaerobe,
Lawsonibacter,Firmicutes_A,Oscillospiraceae_88309,Clostridia_258483,obligate_anaerobe,
Limenecus,Cyanobacteria,Gastranaerophilaceae,Vampirovibrionia,,
Limisoma,Bacteroidota,Muribaculaceae,Bacteroidia,,
Luxibacter,Firmicutes_A,Lachnospiraceae,Clostridia_258483,,
Massilia,Proteobacteria,Burkholderiaceae_A_574758,Gammaproteobacteria,facultative_anaerobe,
Megasphaera_A_38685,Firmicutes_C,Megasphaeraceae,Negativicutes,obligate_anaerobe,
Merdisoma,Firmicutes_A,Lachnospiraceae,Clostridia_258483,,
Moraxella_C_651924,Proteobacteria,Moraxellaceae,Gammaproteobacteria,facultative_anaerobe,
Morganella,Proteobacteria,Enterobacteriaceae_A,Gammaproteobacteria,facultative_anaerobe,pathobiont
Mycoplasma_J_271639,Firmicutes_D,Metamycoplasmataceae,Bacilli,,
Neisseria_561456,Proteobacteria,Neisseriaceae_563222,Gammaproteobacteria,facultative_anaerobe,
Neisseria_563205,Proteobacteria,Neisseriaceae_563222,Gammaproteobacteria,facultative_anaerobe,
Odoribacter_865974,Bacteroidota,Marinifilaceae,Bacteroidia,obligate_anaerobe,
Onthovivens,Firmicutes_D,CAG-826,Bacilli,,
Oribacterium,Firmicutes_A,Lachnospiraceae,Clostridia_258483,obligate_anaerobe,
Ornithospirochaeta,Spirochaetota,Sphaerochaetaceae,Spirochaetia,,
Oxalobacter_566322,Proteobacteria,Burkholderiaceae_A_574938,Gammaproteobacteria,obligate_anaerobe,
Pantoea_A_680069,Proteobacteria,Enterobacteriaceae_A,Gammaproteobacteria,facultative_anaerobe,
Pantoea_A_680430,Proteobacteria,Enterobacteriaceae_A,Gammaproteobacteria,facultative_anaerobe,
Parabacteroides_B_862066,Bacteroidota,Tannerellaceae,Bacteroidia,obligate_anaerobe,
Paraclostridium,Firmicutes_A,Peptostreptococcaceae_256921,Clostridia_258483,obligate_anaerobe,
Paraprevotella,Bacteroidota,Bacteroidaceae,Bacteroidia,obligate_anaerobe,
Parolsenella,Actinobacteriota,Atopobiaceae,Coriobacteriia,,
Phascolarctobacterium_A,Firmicutes_C,Acidaminococcaceae,Negativicutes,obligate_anaerobe,
Phocaeicola_A_858004,Bacteroidota,Bacteroidaceae,Bacteroidia,obligate_anaerobe,
Phocea,Firmicutes_A,Ruminococcaceae,Clostridia_258483,,
Pigmentiphaga,Proteobacteria,Burkholderiaceae_A_595422,Gammaproteobacteria,facultative_anaerobe,
Porphyromonas_A_859423,Bacteroidota,Porphyromonadaceae,Bacteroidia,obligate_anaerobe,pathobiont
Prevotella,Bacteroidota,Bacteroidaceae,Bacteroidia,obligate_anaerobe,
Pseudoflavonifractor_80958,Firmicutes_A,Oscillospiraceae_88309,Clostridia_258483,obligate_anaerobe,
Pseudoleptotrichia,Fusobacteriota,Leptotrichiaceae,Fusobacteriia,,
Pseudomonas_B_650451,Proteobacteria,Pseudomonadaceae,Gammaproteobacteria,facultative_anaerobe,pathobiont
Pseudomonas_E_647464,Proteobacteria,Pseudomonadaceae,Gammaproteobacteria,facultative_anaerobe,pathobiont
Rikenella,Bacteroidota,Rikenellaceae,Bacteroidia,,
Rodentibacter_A_734545,Proteobacteria,Pasteurellaceae,Gammaproteobacteria,facultative_anaerobe,
Romboutsia_D,Firmicutes_A,Peptostreptococcaceae_256921,Clostridia_258483,facultative_anaerobe,
Rosenbergiella,Proteobacteria,Enterobacteriaceae_A,Gammaproteobacteria,,
Rothia,Actinobacteriota,Micrococcaceae,Actinomycetia,facultative_anaerobe,
Ruminococcus_B,Firmicutes_A,Lachnospiraceae,Clostridia_258483,obligate_anaerobe,pathobiont
Scatocola,Proteobacteria,CAG-239,Alphaproteobacteria,,
Sellimonas,Firmicutes_A,Lachnospiraceae,Clostridia_258483,obligate_anaerobe,
Serratia_D_727363,Proteobacteria,Enterobacteriaceae_A,Gammaproteobacteria,facultative_anaerobe,pathobiont
SIO2C1,Cyanobacteria,Coleofasciculaceae_23353,Cyanobacteriia,,
Stenotrophomonas_A_615274,Proteobacteria,Xanthomonadaceae_616009,Gammaproteobacteria,facultative_anaerobe,pathobiont
Stercorousia,Cyanobacteria,Gastranaerophilaceae,Vampirovibrionia,,
Streptococcus,Firmicutes_D,Streptococcaceae,Bacilli,facultative_anaerobe,
Succinatimonas,Proteobacteria,Succinivibrionaceae,Gammaproteobacteria,obligate_anaerobe,
Succinivibrio,Proteobacteria,Succinivibrionaceae,Gammaproteobacteria,facultative_anaerobe,
Sutterella,Proteobacteria,Burkholderiaceae_A_595427,Gammaproteobacteria,,
Terrisporobacter,Firmicutes_A,Peptostreptococcaceae_256921,Clostridia_258483,obligate_anaerobe,
Traorella,Firmicutes_D,Erysipelotrichaceae,Bacilli,,
Turicibacter,Firmicutes_D,Turicibacteraceae,Bacilli,obligate_anaerobe,
UBA11471,Bacteroidota,UBA11471,Bacteroidia,,
UBA1436,Elusimicrobiota,Elusimicrobiaceae,Elusimicrobia_984208,,
UBA71,Thermoplasmatota,Methanomethylophilaceae,Thermoplasmata_1773,,
UMGS1071,Firmicutes_A,Acutalibacteraceae,Clostridia_258483,,
Veillonella_A,Firmicutes_C,Veillonellaceae,Negativicutes,obligate_anaerobe,
Ventrimonas,Firmicutes_A,Lachnospiraceae,Clostridia_258483,,
Ventrisoma,Firmicutes_A,Lachnospiraceae,Clostridia_258483,,
Weissella_A_338544,Firmicutes_D,Lactobacillaceae,Bacilli,facultative_anaerobe,
WM01,Firmicutes_D,Aerococcaceae,Bacilli,,
Zymobacter,Proteobacteria,Halomonadaceae_639861,Gammaproteobacteria,facultative_anaerobe,