path_id,temp_coef,std_error,low_ci_95,high_ci_95,low_ci_50,high_ci_50,mfull_model_weight,direction,sensitive
1CMET2-PWY: folate transformations III (E. coli),-0.5569,0.2346,-1.016716,-0.097084,-0.7151377,-0.3986623,0.852,negative,temp sensitive
ANAEROFRUCAT-PWY: homolactic fermentation,0.0992,0.2276,-0.346896,0.545296,-0.0543162,0.2527162,0.248,positive,nuetral
ANAGLYCOLYSIS-PWY: glycolysis III (from glucose),0.0943,0.219,-0.33494,0.52354,-0.0534155,0.2420155,0.247,positive,nuetral
ARG+POLYAMINE-SYN: superpathway of arginine and polyamine biosynthesis,0.1781,0.365,-0.5373,0.8935,-0.0680925,0.4242925,0.253,positive,nuetral
ARGININE-SYN4-PWY: L-ornithine biosynthesis II,-1.297,0.5938,-2.460848,-0.133152,-1.6975181,-0.8964819,0.787,negative,temp sensitive
ARGSYN-PWY: L-arginine biosynthesis I (via L-ornithine),0.2176,0.1871,-0.149116,0.584316,0.09140105,0.34379895,0.381,positive,nuetral
ARGSYNBSUB-PWY: L-arginine biosynthesis II (acetyl cycle),0.3192,0.1981,-0.069076,0.707476,0.18558155,0.45281845,0.544,positive,temp sensitive
ARO-PWY: chorismate biosynthesis I,0.0844,0.1857,-0.279572,0.448372,-0.04085465,0.20965465,0.249,positive,nuetral
ASPASN-PWY: superpathway of L-aspartate and L-asparagine biosynthesis,-0.1777,0.1744,-0.519524,0.164124,-0.2953328,-0.0600672,0.342,negative,nuetral
BIOTIN-BIOSYNTHESIS-PWY: biotin biosynthesis I,-0.1573,0.5401,-1.215896,0.901296,-0.52159745,0.20699745,0.237,negative,nuetral
BRANCHED-CHAIN-AA-SYN-PWY: superpathway of branched chain amino acid biosynthesis,0.2841,0.1875,-0.0834,0.6516,0.15763125,0.41056875,0.504,positive,temp sensitive
CALVIN-PWY: Calvin-Benson-Bassham cycle,0.1149,0.195,-0.2673,0.4971,-0.0166275,0.2464275,0.264,positive,nuetral
CITRULBIO-PWY: L-citrulline biosynthesis,-0.4337,0.316,-1.05306,0.18566,-0.646842,-0.220558,0.45,negative,nuetral
COA-PWY-1: superpathway of coenzyme A biosynthesis III (mammals),0.0821,0.1872,-0.284812,0.449012,-0.0441664,0.2083664,0.248,positive,nuetral
COA-PWY: coenzyme A biosynthesis I (prokaryotic),0.0346,0.1835,-0.32506,0.39426,-0.08917075,0.15837075,0.232,positive,nuetral
COBALSYN-PWY: superpathway of adenosylcobalamin salvage from cobinamide I,-1.292,0.6156,-2.498576,-0.085424,-1.7072222,-0.8767778,0.754,negative,temp sensitive
COLANSYN-PWY: colanic acid building blocks biosynthesis,0.1173,0.3128,-0.495788,0.730388,-0.0936836,0.3282836,0.243,positive,nuetral
COMPLETE-ARO-PWY: superpathway of aromatic amino acid biosynthesis,0.1154,0.1943,-0.265428,0.496228,-0.01565535,0.24645535,0.265,positive,nuetral
DAPLYSINESYN-PWY: L-lysine biosynthesis I,0.2034,0.2021,-0.192716,0.599516,0.06708355,0.33971645,0.339,positive,nuetral
DENOVOPURINE2-PWY: superpathway of purine nucleotides de novo biosynthesis II,0.354,0.8231,-1.259276,1.967276,-0.20118095,0.90918095,0.247,positive,nuetral
DTDPRHAMSYN-PWY: dTDP-&beta;-L-rhamnose biosynthesis,0.1857,0.24,-0.2847,0.6561,0.02382,0.34758,0.291,positive,nuetral
FAO-PWY: fatty acid &beta;-oxidation I (generic),-0.692,0.8435,-2.34526,0.96126,-1.26094075,-0.12305925,0.299,negative,nuetral
FASYN-ELONG-PWY: fatty acid elongation -- saturated,0.1111,0.1587,-0.199952,0.422152,0.00405685,0.21814315,0.279,positive,nuetral
FERMENTATION-PWY: mixed acid fermentation,0.1027,0.3068,-0.498628,0.704028,-0.1042366,0.3096366,0.24,positive,nuetral
FOLSYN-PWY: superpathway of tetrahydrofolate biosynthesis and salvage,-0.3454,0.4687,-1.264052,0.573252,-0.66153815,-0.02926185,0.285,negative,nuetral
FUC-RHAMCAT-PWY: superpathway of fucose and rhamnose degradation,0.281,0.3325,-0.3707,0.9327,0.05672875,0.50527125,0.304,positive,nuetral
FUCCAT-PWY: fucose degradation,0.3664,0.3384,-0.296864,1.029664,0.1381492,0.5946508,0.359,positive,nuetral
GALACT-GLUCUROCAT-PWY: superpathway of hexuronide and hexuronate degradation,0.8835,0.4231,0.054224,1.712776,0.59811905,1.16888095,0.749,positive,temp sensitive
GALACTARDEG-PWY: D-galactarate degradation I,-1.617,0.5939,-2.781044,-0.452956,-2.01758555,-1.21641445,0.933,negative,temp sensitive
GALACTITOLCAT-PWY: galactitol degradation,0.8977,0.3328,0.245412,1.549988,0.6732264,1.1221736,0.929,positive,temp sensitive
GALACTUROCAT-PWY: D-galacturonate degradation I,0.6716,0.2859,0.111236,1.231964,0.47876045,0.86443955,0.844,positive,temp sensitive
"GLCMANNANAUT-PWY: superpathway of N-acetylglucosamine, N-acetylmannosamine and N-acetylneuraminate degradation",-0.3686,0.3977,-1.148092,0.410892,-0.63684865,-0.10035135,0.321,negative,nuetral
GLUCARDEG-PWY: D-glucarate degradation I,-1.6023,0.582,-2.74302,-0.46158,-1.994859,-1.209741,0.938,negative,temp sensitive
GLUCARGALACTSUPER-PWY: superpathway of D-glucarate and D-galactarate degradation,-1.617,0.5939,-2.781044,-0.452956,-2.01758555,-1.21641445,0.933,negative,temp sensitive
GLUCONEO-PWY: gluconeogenesis I,0.0924,0.1928,-0.285488,0.470288,-0.0376436,0.2224436,0.252,positive,nuetral
GLUCOSE1PMETAB-PWY: glucose and glucose-1-phosphate degradation,0.2472,0.5844,-0.898224,1.392624,-0.1469778,0.6413778,0.247,positive,nuetral
GLUCUROCAT-PWY: superpathway of &beta;-D-glucuronosides degradation,0.5808,0.317,-0.04052,1.20212,0.3669835,0.7946165,0.64,positive,temp sensitive
GLUTORN-PWY: L-ornithine biosynthesis I,0.2858,0.2029,-0.111884,0.683484,0.14894395,0.42265605,0.463,positive,nuetral
GLYCOCAT-PWY: glycogen degradation I,0.2198,0.5353,-0.829388,1.268988,-0.14125985,0.58085985,0.246,positive,nuetral
GLYCOGENSYNTH-PWY: glycogen biosynthesis I (from ADP-D-Glucose),-0.0065,0.1827,-0.364592,0.351592,-0.12973115,0.11673115,0.229,negative,nuetral
GLYCOLYSIS-E-D: superpathway of glycolysis and the Entner-Doudoroff pathway,-0.3767,0.2545,-0.87552,0.12212,-0.54836025,-0.20503975,0.49,negative,nuetral
"GLYCOLYSIS-TCA-GLYOX-BYPASS: superpathway of glycolysis, pyruvate dehydrogenase, TCA, and glyoxylate bypass",-1.0579,0.8251,-2.675096,0.559296,-1.61442995,-0.50137005,0.418,negative,nuetral
GLYCOLYSIS: glycolysis I (from glucose 6-phosphate),0.0583,0.2308,-0.394068,0.510668,-0.0973746,0.2139746,0.235,positive,nuetral
GLYOXYLATE-BYPASS: glyoxylate cycle,-0.538,0.5149,-1.547204,0.471204,-0.88530005,-0.19069995,0.349,negative,nuetral
HEME-BIOSYNTHESIS-II-1: heme b biosynthesis V (aerobic),0.0271,0.3414,-0.642044,0.696244,-0.2031743,0.2573743,0.23,positive,nuetral
HEME-BIOSYNTHESIS-II: heme b biosynthesis I (aerobic),-0.1723,0.2376,-0.637996,0.293396,-0.3325612,-0.0120388,0.283,negative,nuetral
HEMESYN2-PWY: heme b biosynthesis II (oxygen-independent),0.0771,0.205,-0.3247,0.4789,-0.0611725,0.2153725,0.243,positive,nuetral
HEXITOLDEGSUPER-PWY: superpathway of hexitol degradation (bacteria),0.9764,0.5195,-0.04182,1.99462,0.62599725,1.32680275,0.661,positive,temp sensitive
HISDEG-PWY: L-histidine degradation I,-0.7758,0.4441,-1.646236,0.094636,-1.07534545,-0.47625455,0.602,negative,temp sensitive
HISTSYN-PWY: L-histidine biosynthesis,0.0642,0.2507,-0.427172,0.555572,-0.10489715,0.23329715,0.235,positive,nuetral
HOMOSER-METSYN-PWY: L-methionine biosynthesis I,-0.3211,0.1906,-0.694676,0.052476,-0.4496597,-0.1925403,0.575,negative,temp sensitive
HSERMETANA-PWY: L-methionine biosynthesis III,0.2079,0.1927,-0.169792,0.585592,0.07792385,0.33787615,0.358,positive,nuetral
ILEUSYN-PWY: L-isoleucine biosynthesis I (from threonine),0.2599,0.1948,-0.121908,0.641708,0.1285074,0.3912926,0.436,positive,nuetral
KETOGLUCONMET-PWY: ketogluconate metabolism,-0.2762,0.716,-1.67956,1.12716,-0.759142,0.206742,0.244,negative,nuetral
MET-SAM-PWY: superpathway of S-adenosyl-L-methionine biosynthesis,-0.3141,0.1921,-0.690616,0.062416,-0.44367145,-0.18452855,0.554,negative,temp sensitive
METSYN-PWY: superpathway of L-homoserine and L-methionine biosynthesis,-0.2552,0.1821,-0.612116,0.101716,-0.37802645,-0.13237355,0.46,negative,nuetral
NAGLIPASYN-PWY: lipid IVA biosynthesis (E. coli),-0.0091,0.1932,-0.387772,0.369572,-0.1394134,0.1212134,0.229,negative,nuetral
NONMEVIPP-PWY: methylerythritol phosphate pathway I,0.0808,0.2009,-0.312964,0.474564,-0.05470705,0.21630705,0.245,positive,nuetral
NONOXIPENT-PWY: pentose phosphate pathway (non-oxidative branch) I,0.2255,0.1891,-0.145136,0.596136,0.09795205,0.35304795,0.39,positive,nuetral
OANTIGEN-PWY: O-antigen building blocks biosynthesis (E. coli),0.2553,0.1948,-0.126508,0.637108,0.1239074,0.3866926,0.428,positive,nuetral
ORNDEG-PWY: superpathway of ornithine degradation,-0.4842,0.7932,-2.038872,1.070472,-1.0192134,0.0508134,0.267,negative,nuetral
P105-PWY: TCA cycle IV (2-oxoglutarate decarboxylase),-0.3779,0.6083,-1.570168,0.814368,-0.78819835,0.03239835,0.268,negative,nuetral
P122-PWY: heterolactic fermentation,-0.5501,0.4347,-1.402112,0.301912,-0.84330515,-0.25689485,0.413,negative,nuetral
P161-PWY: acetylene degradation (anaerobic),0.0004,0.2478,-0.485288,0.486088,-0.1667411,0.1675411,0.229,positive,nuetral
P23-PWY: reductive TCA cycle I,0.445,0.3829,-0.305484,1.195484,0.18673395,0.70326605,0.381,positive,nuetral
"P4-PWY: superpathway of L-lysine, L-threonine and L-methionine biosynthesis I",0.9677,0.3644,0.253476,1.681924,0.7219122,1.2134878,0.921,positive,temp sensitive
P41-PWY: pyruvate fermentation to acetate and (S)-lactate I,-0.0527,0.215,-0.4741,0.3687,-0.1977175,0.0923175,0.235,negative,nuetral
P42-PWY: incomplete reductive TCA cycle,0.2879,0.2259,-0.154864,0.730664,0.13553045,0.44026955,0.416,positive,nuetral
P441-PWY: superpathway of N-acetylneuraminate degradation,-0.0366,0.4145,-0.84902,0.77582,-0.31618025,0.24298025,0.23,negative,nuetral
"P461-PWY: hexitol fermentation to lactate, formate, ethanol and acetate",0.1892,0.2162,-0.234552,0.612952,0.0433731,0.3350269,0.31,positive,nuetral
PANTO-PWY: phosphopantothenate biosynthesis I,-0.0919,0.2093,-0.502128,0.318328,-0.23307285,0.04927285,0.248,negative,nuetral
PANTOSYN-PWY: superpathway of coenzyme A biosynthesis I (bacteria),0.0271,0.2066,-0.377836,0.432036,-0.1122517,0.1664517,0.231,positive,nuetral
PENTOSE-P-PWY: pentose phosphate pathway,0.1974,0.2078,-0.209888,0.604688,0.0572389,0.3375611,0.326,positive,nuetral
PEPTIDOGLYCANSYN-PWY: peptidoglycan biosynthesis I (meso-diaminopimelate containing),0.0362,0.1939,-0.343844,0.416244,-0.09458555,0.16698555,0.232,positive,nuetral
PHOSLIPSYN-PWY: superpathway of phospholipid biosynthesis I (bacteria),-0.1096,0.1704,-0.443584,0.224384,-0.2245348,0.0053348,0.271,negative,nuetral
POLYAMSYN-PWY: superpathway of polyamine biosynthesis I,0.1154,0.3319,-0.535124,0.765924,-0.10846655,0.33926655,0.241,positive,nuetral
POLYISOPRENSYN-PWY: polyisoprenoid biosynthesis (E. coli),-0.248,0.3982,-1.028472,0.532472,-0.5165859,0.0205859,0.268,negative,nuetral
PPGPPMET-PWY: ppGpp metabolism,0.2907,0.2085,-0.11796,0.69936,0.15006675,0.43133325,0.458,positive,nuetral
"PRPP-PWY: superpathway of histidine, purine, and pyrimidine biosynthesis",0.4731,0.8185,-1.13116,2.07736,-0.07897825,1.02517825,0.263,positive,nuetral
PWY-1042: glycolysis IV,0.069,0.2126,-0.347696,0.485696,-0.0743987,0.2123987,0.239,positive,nuetral
PWY-1269: CMP-3-deoxy-D-manno-octulosonate biosynthesis,0.3378,0.1729,-0.001084,0.676684,0.22117895,0.45442105,0.693,positive,temp sensitive
PWY-1861: formaldehyde assimilation II (assimilatory RuMP Cycle),2.2957,0.5444,1.228676,3.362724,1.9285022,2.6628978,0.999,positive,temp sensitive
"PWY-241: C4 photosynthetic carbon assimilation cycle, NADP-ME type",0.2019,0.2899,-0.366304,0.770104,0.00636245,0.39743755,0.279,positive,nuetral
PWY-2941: L-lysine biosynthesis II,0.0228,0.2528,-0.472688,0.518288,-0.1477136,0.1933136,0.23,positive,nuetral
PWY-2942: L-lysine biosynthesis III,-0.4641,0.3688,-1.186948,0.258748,-0.7128556,-0.2153444,0.411,negative,nuetral
PWY-3001: superpathway of L-isoleucine biosynthesis I,0.2546,0.1884,-0.114664,0.623864,0.1275242,0.3816758,0.442,positive,nuetral
PWY-3781: aerobic respiration I (cytochrome c),-0.3159,0.5516,-1.397036,0.765236,-0.6879542,0.0561542,0.262,negative,nuetral
PWY-3841: folate transformations II (plants),0.1077,0.2057,-0.295472,0.510872,-0.03104465,0.24644465,0.256,positive,nuetral
PWY-4041: &gamma;-glutamyl cycle,0.0461,0.3306,-0.601876,0.694076,-0.1768897,0.2690897,0.231,positive,nuetral
PWY-4984: urea cycle,-0.2398,0.5134,-1.246064,0.766464,-0.5860883,0.1064883,0.251,negative,nuetral
PWY-5022: 4-aminobutanoate degradation V,-1.6684,0.9016,-3.435536,0.098736,-2.2765292,-1.0602708,0.648,negative,temp sensitive
PWY-5030: L-histidine degradation III,-0.335,0.5361,-1.385756,0.715756,-0.69659945,0.02659945,0.268,negative,nuetral
PWY-5097: L-lysine biosynthesis VI,0.1195,0.1902,-0.253292,0.492292,-0.0087899,0.2477899,0.269,positive,nuetral
PWY-5100: pyruvate fermentation to acetate and lactate II,0.0371,0.2158,-0.385868,0.460068,-0.1084571,0.1826571,0.232,positive,nuetral
PWY-5103: L-isoleucine biosynthesis III,0.2688,0.1937,-0.110852,0.648452,0.13814935,0.39945065,0.455,positive,nuetral
PWY-5121: superpathway of geranylgeranyl diphosphate biosynthesis II (via MEP),0.0497,0.5423,-1.013208,1.112608,-0.31608135,0.41548135,0.23,positive,nuetral
PWY-5130: 2-oxobutanoate degradation I,0.8791,0.5593,-0.217128,1.975328,0.50185215,1.25634785,0.527,positive,temp sensitive
PWY-5136: fatty acid &beta;-oxidation II (plant peroxisome),-0.8992,0.5359,-1.949564,0.151164,-1.26066455,-0.53773545,0.572,negative,temp sensitive
PWY-5154: L-arginine biosynthesis III (via N-acetyl-L-citrulline),0.167,0.315,-0.4504,0.7844,-0.0454675,0.3794675,0.257,positive,nuetral
PWY-5188: tetrapyrrole biosynthesis I (from glutamate),0.2081,0.1606,-0.106676,0.522876,0.0997753,0.3164247,0.423,positive,nuetral
PWY-5189: tetrapyrrole biosynthesis II (from glycine),-0.4304,0.5525,-1.5133,0.6525,-0.80306125,-0.05773875,0.292,negative,nuetral
PWY-5345: superpathway of L-methionine biosynthesis (by sulfhydrylation),-0.1445,0.3659,-0.861664,0.572664,-0.39129955,0.10229955,0.244,negative,nuetral
PWY-5347: superpathway of L-methionine biosynthesis (transsulfuration),-0.2138,0.1782,-0.563072,0.135472,-0.3339959,-0.0936041,0.392,negative,nuetral
PWY-5367: petroselinate biosynthesis,1.2452,0.4679,0.328116,2.162284,0.92960145,1.56079855,0.922,positive,temp sensitive
PWY-5384: sucrose degradation IV (sucrose phosphorylase),0.1768,0.1975,-0.2103,0.5639,0.04358625,0.31001375,0.314,positive,nuetral
"PWY-5464: superpathway of cytosolic glycolysis (plants), pyruvate dehydrogenase and TCA cycle",-0.3817,0.7631,-1.877376,1.113976,-0.89641095,0.13301095,0.254,negative,nuetral
PWY-5484: glycolysis II (from fructose 6-phosphate),-0.0269,0.224,-0.46594,0.41214,-0.177988,0.124188,0.23,negative,nuetral
PWY-561: superpathway of glyoxylate cycle and fatty acid degradation,-1.348,0.7564,-2.830544,0.134544,-1.8581918,-0.8378082,0.618,negative,temp sensitive
PWY-5659: GDP-mannose biosynthesis,0.0889,0.2011,-0.305256,0.483056,-0.04674195,0.22454195,0.248,positive,nuetral
PWY-5667: CDP-diacylglycerol biosynthesis I,0.0662,0.1689,-0.264844,0.397244,-0.04772305,0.18012305,0.244,positive,nuetral
PWY-5675: nitrate reduction V (assimilatory),-1.0951,0.5703,-2.212888,0.022688,-1.47976735,-0.71043265,0.678,negative,temp sensitive
PWY-5676: acetyl-CoA fermentation to butanoate II,-1.8245,0.7241,-3.243736,-0.405264,-2.31290545,-1.33609455,0.892,negative,temp sensitive
PWY-5686: UMP biosynthesis I,0.1206,0.2045,-0.28022,0.52142,-0.01733525,0.25853525,0.264,positive,nuetral
PWY-5690: TCA cycle II (plants and fungi),0.4673,0.3209,-0.161664,1.096264,0.25085295,0.68374705,0.481,positive,nuetral
PWY-5695: inosine 5-phosphate degradation,0.1549,0.1884,-0.214364,0.524164,0.0278242,0.2819758,0.3,positive,nuetral
PWY-5723: Rubisco shunt,-1.3925,0.5875,-2.544,-0.241,-1.78876875,-0.99623125,0.851,negative,temp sensitive
PWY-5838: superpathway of menaquinol-8 biosynthesis I,0.0847,0.7659,-1.416464,1.585864,-0.43189955,0.60129955,0.23,positive,nuetral
PWY-5861: superpathway of demethylmenaquinol-8 biosynthesis I,0.0466,0.7255,-1.37538,1.46858,-0.44274975,0.53594975,0.229,positive,nuetral
PWY-5897: superpathway of menaquinol-11 biosynthesis,0.0739,0.7556,-1.407076,1.554876,-0.4357522,0.5835522,0.23,positive,nuetral
PWY-5898: superpathway of menaquinol-12 biosynthesis,0.0739,0.7556,-1.407076,1.554876,-0.4357522,0.5835522,0.23,positive,nuetral
PWY-5899: superpathway of menaquinol-13 biosynthesis,0.0739,0.7556,-1.407076,1.554876,-0.4357522,0.5835522,0.23,positive,nuetral
PWY-5913: partial TCA cycle (obligate autotrophs),0.1237,0.2586,-0.383156,0.630556,-0.0507257,0.2981257,0.252,positive,nuetral
PWY-5918: superpathway of heme b biosynthesis from glutamate,-0.2168,0.3452,-0.893392,0.459792,-0.4496374,0.0160374,0.269,negative,nuetral
PWY-5941: glycogen degradation II,0.1576,0.2488,-0.330048,0.645248,-0.0102156,0.3254156,0.27,positive,nuetral
PWY-5971: palmitate biosynthesis (type II fatty acid synthase),1.2238,0.5106,0.223024,2.224576,0.8794003,1.5681997,0.858,positive,temp sensitive
PWY-5973: cis-vaccenate biosynthesis,0.2083,0.1884,-0.160964,0.577564,0.0812242,0.3353758,0.365,positive,nuetral
PWY-5981: CDP-diacylglycerol biosynthesis III,0.2206,0.2272,-0.224712,0.665912,0.0673536,0.3738464,0.331,positive,nuetral
PWY-5989: stearate biosynthesis II (bacteria and plants),0.0961,0.1682,-0.233572,0.425772,-0.0173509,0.2095509,0.262,positive,nuetral
PWY-6121: 5-aminoimidazole ribonucleotide biosynthesis I,0.2573,0.1991,-0.132936,0.647536,0.12300705,0.39159295,0.422,positive,nuetral
PWY-6122: 5-aminoimidazole ribonucleotide biosynthesis II,0.199,0.208,-0.20868,0.60668,0.058704,0.339296,0.328,positive,nuetral
PWY-6123: inosine-5-phosphate biosynthesis I,0.088,0.2146,-0.332616,0.508616,-0.0567477,0.2327477,0.245,positive,nuetral
PWY-6124: inosine-5-phosphate biosynthesis II,0.0794,0.2103,-0.332788,0.491588,-0.06244735,0.22124735,0.243,positive,nuetral
PWY-6125: superpathway of guanosine nucleotides de novo biosynthesis II,0.2256,0.2196,-0.204816,0.656016,0.0774798,0.3737202,0.344,positive,nuetral
PWY-6126: superpathway of adenosine nucleotides de novo biosynthesis II,0.2952,0.234,-0.16344,0.75384,0.137367,0.453033,0.412,positive,nuetral
PWY-6147: 6-hydroxymethyl-dihydropterin diphosphate biosynthesis I,-0.2511,0.3325,-0.9028,0.4006,-0.47537125,-0.02682875,0.288,negative,nuetral
PWY-6151: S-adenosyl-L-methionine salvage I,0.0746,0.2156,-0.347976,0.497176,-0.0708222,0.2200222,0.241,positive,nuetral
PWY-6163: chorismate biosynthesis from 3-dehydroquinate,0.0716,0.2074,-0.334904,0.478104,-0.0682913,0.2114913,0.241,positive,nuetral
PWY-6168: flavin biosynthesis III (fungi),-1.3788,0.8322,-3.009912,0.252312,-1.9401189,-0.8174811,0.563,negative,temp sensitive
PWY-621: sucrose degradation III (sucrose invertase),0.1714,0.3406,-0.496176,0.838976,-0.0583347,0.4011347,0.254,positive,nuetral
PWY-622: starch biosynthesis,1.3482,0.5778,0.215712,2.480688,0.9584739,1.7379261,0.839,positive,temp sensitive
PWY-6270: isoprene biosynthesis I,-0.3767,0.5928,-1.538588,0.785188,-0.7765436,0.0231436,0.27,negative,nuetral
PWY-6277: superpathway of 5-aminoimidazole ribonucleotide biosynthesis,0.199,0.208,-0.20868,0.60668,0.058704,0.339296,0.328,positive,nuetral
PWY-6282: palmitoleate biosynthesis I (from (5Z)-dodec-5-enoate),0.2218,0.1624,-0.096504,0.540104,0.1122612,0.3313388,0.447,positive,nuetral
PWY-6284: superpathway of unsaturated fatty acids biosynthesis (E. coli),1.2438,0.4721,0.318484,2.169116,0.92536855,1.56223145,0.917,positive,temp sensitive
PWY-6285: superpathway of fatty acids biosynthesis (E. coli),1.0897,0.5907,-0.068072,2.247472,0.69127285,1.48812715,0.645,positive,temp sensitive
PWY-6305: superpathway of putrescine biosynthesis,0.1171,0.2483,-0.369568,0.603768,-0.05037835,0.28457835,0.251,positive,nuetral
PWY-6317: D-galactose degradation I (Leloir pathway),0.1823,0.1843,-0.178928,0.543528,0.05798965,0.30661035,0.335,positive,nuetral
PWY-6353: purine nucleotides degradation II (aerobic),0.3089,0.4922,-0.655812,1.273612,-0.0230889,0.6408889,0.269,positive,nuetral
PWY-6385: peptidoglycan biosynthesis III (mycobacteria),0.019,0.1894,-0.352224,0.390224,-0.1087503,0.1467503,0.23,positive,nuetral
PWY-6386: UDP-N-acetylmuramoyl-pentapeptide biosynthesis II (lysine-containing),0.0058,0.1834,-0.353664,0.365264,-0.1179033,0.1295033,0.229,positive,nuetral
PWY-6387: UDP-N-acetylmuramoyl-pentapeptide biosynthesis I (meso-diaminopimelate containing),0.0094,0.1904,-0.363784,0.382584,-0.1190248,0.1378248,0.229,positive,nuetral
PWY-6507: 4-deoxy-L-threo-hex-4-enopyranuronate degradation,0.4246,0.2457,-0.056972,0.906172,0.25887535,0.59032465,0.594,positive,temp sensitive
PWY-6519: 8-amino-7-oxononanoate biosynthesis I,-0.1301,0.5478,-1.203788,0.943588,-0.4995911,0.2393911,0.234,negative,nuetral
PWY-6527: stachyose degradation,0.1277,0.2312,-0.325452,0.580852,-0.0282444,0.2836444,0.26,positive,nuetral
PWY-6545: pyrimidine deoxyribonucleotides de novo biosynthesis III,0.0161,0.2569,-0.487424,0.519624,-0.15717905,0.18937905,0.229,positive,nuetral
PWY-6549: L-glutamine biosynthesis III,0.6413,0.2837,0.085248,1.197352,0.44994435,0.83265565,0.815,positive,temp sensitive
PWY-6606: guanosine nucleotides degradation II,-0.3726,0.5016,-1.355736,0.610536,-0.7109292,-0.0342708,0.286,negative,nuetral
PWY-6608: guanosine nucleotides degradation III,0.0519,0.2376,-0.413796,0.517596,-0.1083612,0.2121612,0.234,positive,nuetral
PWY-6609: adenine and adenosine salvage III,0.1702,0.2055,-0.23258,0.57298,0.03159025,0.30880975,0.301,positive,nuetral
PWY-6612: superpathway of tetrahydrofolate biosynthesis,-0.3182,0.4469,-1.194124,0.557724,-0.61963405,-0.01676595,0.281,negative,nuetral
PWY-6628: superpathway of L-phenylalanine biosynthesis,0.2939,0.1776,-0.054196,0.641996,0.1741088,0.4136912,0.562,positive,temp sensitive
PWY-6629: superpathway of L-tryptophan biosynthesis,0.2022,0.1905,-0.17118,0.57558,0.07370775,0.33069225,0.353,positive,nuetral
PWY-6630: superpathway of L-tyrosine biosynthesis,0.2841,0.1744,-0.057724,0.625924,0.1664672,0.4017328,0.551,positive,temp sensitive
PWY-6700: queuosine biosynthesis I (de novo),0.3701,0.2249,-0.070704,0.810904,0.21840495,0.52179505,0.558,positive,temp sensitive
PWY-6703: preQ0 biosynthesis,0.1598,0.2198,-0.271008,0.590608,0.0115449,0.3080551,0.283,positive,nuetral
PWY-6803: phosphatidylcholine acyl editing,-0.6828,0.421,-1.50796,0.14236,-0.9667645,-0.3988355,0.548,negative,temp sensitive
PWY-6823: molybdopterin biosynthesis,0.4113,0.1939,0.031256,0.791344,0.28051445,0.54208555,0.763,positive,temp sensitive
PWY-6892: thiazole component of thiamine diphosphate biosynthesis I,-0.6947,0.5201,-1.714096,0.324696,-1.04550745,-0.34389255,0.437,negative,nuetral
PWY-6895: superpathway of thiamine diphosphate biosynthesis II,0.2653,0.6421,-0.993216,1.523816,-0.16779645,0.69839645,0.246,positive,nuetral
PWY-6897: thiamine diphosphate salvage II,0.1913,0.2316,-0.262636,0.645236,0.0350858,0.3475142,0.301,positive,nuetral
PWY-6901: superpathway of glucose and xylose degradation,-0.5063,0.2734,-1.042164,0.029564,-0.6907083,-0.3218917,0.648,negative,temp sensitive
PWY-6902: chitin degradation II (Vibrio),-1.931,0.572,-3.05212,-0.80988,-2.316814,-1.545186,0.99,negative,temp sensitive
PWY-6936: seleno-amino acid biosynthesis (plants),0.246,0.1747,-0.096412,0.588412,0.12816485,0.36383515,0.463,positive,nuetral
"PWY-6961: L-ascorbate degradation II (bacterial, aerobic)",-0.6023,0.6707,-1.916872,0.712272,-1.05468715,-0.14991285,0.315,negative,nuetral
PWY-6969: TCA cycle V (2-oxoglutarate synthase),0.141,0.2352,-0.319992,0.601992,-0.0176424,0.2996424,0.265,positive,nuetral
"PWY-7013: (S)-propane-1,2-diol degradation",0.0238,0.7083,-1.364468,1.412068,-0.45394835,0.50154835,0.229,positive,nuetral
PWY-702: L-methionine biosynthesis II,0.3068,0.1796,-0.045216,0.658816,0.1856598,0.4279402,0.585,positive,temp sensitive
PWY-7111: pyruvate fermentation to isobutanol (engineered),0.0893,0.1893,-0.281728,0.460328,-0.03838285,0.21698285,0.251,positive,nuetral
"PWY-7115: C4 photosynthetic carbon assimilation cycle, NAD-ME type",0.3963,0.2166,-0.028236,0.820836,0.2502033,0.5423967,0.638,positive,temp sensitive
"PWY-7117: C4 photosynthetic carbon assimilation cycle, PEPCK type",0.1895,0.222,-0.24562,0.62462,0.039761,0.339239,0.306,positive,nuetral
PWY-7118: chitin deacetylation,-1.0997,0.6125,-2.3002,0.1008,-1.51283125,-0.68656875,0.623,negative,temp sensitive
PWY-7184: pyrimidine deoxyribonucleotides de novo biosynthesis I,-0.1666,0.221,-0.59976,0.26656,-0.3156645,-0.0175355,0.288,negative,nuetral
PWY-7185: UTP and CTP dephosphorylation I,-0.9348,0.4653,-1.846788,-0.022812,-1.24864485,-0.62095515,0.716,negative,temp sensitive
PWY-7187: pyrimidine deoxyribonucleotides de novo biosynthesis II,0.2781,0.7201,-1.133296,1.689496,-0.20760745,0.76380745,0.244,positive,nuetral
PWY-7197: pyrimidine deoxyribonucleotide phosphorylation,0.4803,0.2251,0.039104,0.921496,0.32847005,0.63212995,0.767,positive,temp sensitive
PWY-7198: pyrimidine deoxyribonucleotides de novo biosynthesis IV,0.3372,0.2995,-0.24982,0.92422,0.13518725,0.53921275,0.37,positive,nuetral
PWY-7199: pyrimidine deoxyribonucleosides salvage,-0.0218,0.2375,-0.4873,0.4437,-0.18199375,0.13839375,0.23,negative,nuetral
PWY-7204: pyridoxal 5-phosphate salvage II (plants),-0.8693,0.8235,-2.48336,0.74476,-1.42475075,-0.31384925,0.351,negative,nuetral
PWY-7208: superpathway of pyrimidine nucleobases salvage,0.3417,0.2327,-0.114392,0.797792,0.18474385,0.49865615,0.486,positive,nuetral
PWY-7210: pyrimidine deoxyribonucleotides biosynthesis from CTP,-0.7997,0.4538,-1.689148,0.089748,-1.1057881,-0.4936119,0.609,negative,temp sensitive
PWY-7211: superpathway of pyrimidine deoxyribonucleotides de novo biosynthesis,0.0752,0.2888,-0.490848,0.641248,-0.1195956,0.2699956,0.236,positive,nuetral
PWY-7220: adenosine deoxyribonucleotides de novo biosynthesis II,0.2871,0.2333,-0.170168,0.744368,0.12973915,0.44446085,0.402,positive,nuetral
PWY-7221: guanosine ribonucleotides de novo biosynthesis,0.1326,0.2108,-0.280568,0.545768,-0.0095846,0.2747846,0.269,positive,nuetral
PWY-7222: guanosine deoxyribonucleotides de novo biosynthesis II,0.2871,0.2333,-0.170168,0.744368,0.12973915,0.44446085,0.402,positive,nuetral
PWY-7228: superpathway of guanosine nucleotides de novo biosynthesis I,0.2785,0.2299,-0.172104,0.729104,0.12343245,0.43356755,0.396,positive,nuetral
PWY-7229: superpathway of adenosine nucleotides de novo biosynthesis I,0.2843,0.2337,-0.173752,0.742352,0.12666935,0.44193065,0.397,positive,nuetral
PWY-7234: inosine-5-phosphate biosynthesis III,0.1807,0.2275,-0.2652,0.6266,0.02725125,0.33414875,0.295,positive,nuetral
"PWY-7237: myo-, chiro- and scyllo-inositol degradation",1.7669,0.7858,0.226732,3.307068,1.2368779,2.2969221,0.81,positive,temp sensitive
PWY-7238: sucrose biosynthesis II,0.3772,0.225,-0.0638,0.8182,0.2254375,0.5289625,0.571,positive,temp sensitive
PWY-7242: D-fructuronate degradation,0.6216,0.3339,-0.032844,1.276044,0.39638445,0.84681555,0.653,positive,temp sensitive
"PWY-724: superpathway of L-lysine, L-threonine and L-methionine biosynthesis II",0.2272,0.1894,-0.144024,0.598424,0.0994497,0.3549503,0.392,positive,nuetral
PWY-7254: TCA cycle VII (acetate-producers),0.3274,0.2707,-0.203172,0.857972,0.14481285,0.50998715,0.395,positive,nuetral
PWY-7282: 4-amino-2-methyl-5-diphosphomethylpyrimidine biosynthesis II,0.0814,0.2682,-0.444272,0.607072,-0.0995009,0.2623009,0.238,positive,nuetral
PWY-7315: dTDP-N-acetylthomosamine biosynthesis,-1.6732,0.6487,-2.944652,-0.401748,-2.11074815,-1.23565185,0.906,negative,temp sensitive
PWY-7323: superpathway of GDP-mannose-derived O-antigen building blocks biosynthesis,0.3965,0.3362,-0.262452,1.055452,0.1697331,0.6232669,0.386,positive,nuetral
PWY-7328: superpathway of UDP-glucose-derived O-antigen building blocks biosynthesis,0.16,0.2468,-0.323728,0.643728,-0.0064666,0.3264666,0.272,positive,nuetral
PWY-7345: superpathway of anaerobic sucrose degradation,-0.2092,0.3885,-0.97066,0.55226,-0.47124325,0.05284325,0.258,negative,nuetral
PWY-7357: thiamine phosphate formation from pyrithiamine and oxythiamine (yeast),0.2703,0.2291,-0.178736,0.719336,0.11577205,0.42482795,0.386,positive,nuetral
PWY-7400: L-arginine biosynthesis IV (archaebacteria),0.2546,0.2904,-0.314584,0.823784,0.0587252,0.4504748,0.31,positive,nuetral
"PWY-7456: &beta;-(1,4)-mannan degradation",-0.5983,0.719,-2.00754,0.81094,-1.0832655,-0.1133345,0.302,negative,nuetral
PWY-7560: methylerythritol phosphate pathway II,0.0975,0.1923,-0.279408,0.474408,-0.03220635,0.22720635,0.254,positive,nuetral
PWY-7663: gondoate biosynthesis (anaerobic),0.169,0.1826,-0.188896,0.526896,0.0458363,0.2921637,0.321,positive,nuetral
PWY-7664: oleate biosynthesis IV (anaerobic),0.2105,0.1605,-0.10408,0.52508,0.10224275,0.31875725,0.428,positive,nuetral
PWY-7761: NAD salvage pathway II (PNC IV cycle),-0.4826,0.4723,-1.408308,0.443108,-0.80116635,-0.16403365,0.343,negative,nuetral
PWY-7790: UMP biosynthesis II,0.1874,0.2049,-0.214204,0.589004,0.04919495,0.32560505,0.318,positive,nuetral
PWY-7791: UMP biosynthesis III,0.182,0.2074,-0.224504,0.588504,0.0421087,0.3218913,0.311,positive,nuetral
PWY-7851: coenzyme A biosynthesis II (eukaryotic),0.0788,0.1882,-0.290072,0.447672,-0.0481409,0.2057409,0.246,positive,nuetral
PWY-7858: (5Z)-dodecenoate biosynthesis II,-0.0321,0.4643,-0.942128,0.877928,-0.34527035,0.28107035,0.229,negative,nuetral
PWY-7953: UDP-N-acetylmuramoyl-pentapeptide biosynthesis III (meso-diaminopimelate containing),-0.1369,0.1775,-0.4848,0.211,-0.25662375,-0.01717625,0.291,negative,nuetral
PWY-7977: L-methionine biosynthesis IV,-0.7734,0.2569,-1.276924,-0.269876,-0.94667905,-0.60012095,0.969,negative,temp sensitive
PWY-7992: superpathway of menaquinol-8 biosynthesis III,0.6829,0.6648,-0.620108,1.985908,0.2344924,1.1313076,0.344,positive,nuetral
PWY-8004: Entner-Doudoroff pathway I,-0.3449,0.2495,-0.83392,0.14412,-0.51318775,-0.17661225,0.453,negative,nuetral
PWY-8073: lipid IVA biosynthesis (P. putida),-0.0091,0.1932,-0.387772,0.369572,-0.1394134,0.1212134,0.229,negative,nuetral
PWY-8178: pentose phosphate pathway (non-oxidative branch) II,0.1814,0.1898,-0.190608,0.553408,0.0533799,0.3094201,0.327,positive,nuetral
PWY-8187: L-arginine degradation XIII (reductive Stickland reaction),-1.004,0.5331,-2.048876,0.040876,-1.36357595,-0.64442405,0.662,negative,temp sensitive
PWY-821: superpathway of sulfur amino acid biosynthesis (Saccharomyces cerevisiae),-1.457,0.6972,-2.823512,-0.090488,-1.9272614,-0.9867386,0.75,negative,temp sensitive
PWY-841: superpathway of purine nucleotides de novo biosynthesis I,0.1711,0.2088,-0.238148,0.580348,0.0302644,0.3119356,0.299,positive,nuetral
PWY-I9: L-cysteine biosynthesis VI (from L-methionine),0.1397,0.1987,-0.249752,0.529152,0.00567685,0.27372315,0.28,positive,nuetral
PWY0-1061: superpathway of L-alanine biosynthesis,0.3752,0.2489,-0.112644,0.863044,0.20731695,0.54308305,0.501,positive,temp sensitive
PWY0-1241: ADP-L-glycero-&beta;-D-manno-heptose biosynthesis,-0.1086,0.2935,-0.68386,0.46666,-0.30656575,0.08936575,0.242,negative,nuetral
PWY0-1261: anhydromuropeptides recycling I,-0.2192,0.5517,-1.300532,0.862132,-0.59132165,0.15292165,0.244,negative,nuetral
PWY0-1296: purine ribonucleosides degradation,0.2108,0.2052,-0.191392,0.612992,0.0723926,0.3492074,0.344,positive,nuetral
PWY0-1297: superpathway of purine deoxyribonucleosides degradation,0.167,0.2422,-0.307712,0.641712,0.0036361,0.3303639,0.278,positive,nuetral
PWY0-1298: superpathway of pyrimidine deoxyribonucleosides degradation,0.2537,0.2019,-0.142024,0.649424,0.11751845,0.38988155,0.41,positive,nuetral
PWY0-1319: CDP-diacylglycerol biosynthesis II,0.0663,0.1689,-0.264744,0.397344,-0.04762305,0.18022305,0.244,positive,nuetral
PWY0-1415: superpathway of heme b biosynthesis from uroporphyrinogen-III,0.0205,0.6034,-1.162164,1.203164,-0.3864933,0.4274933,0.229,positive,nuetral
PWY0-1477: ethanolamine utilization,-0.0716,0.2411,-0.544156,0.400956,-0.23422195,0.09102195,0.238,negative,nuetral
PWY0-1479: tRNA processing,0.1769,0.2165,-0.24744,0.60124,0.03087075,0.32292925,0.299,positive,nuetral
PWY0-1586: peptidoglycan maturation (meso-diaminopimelate containing),-0.3401,0.196,-0.72426,0.04406,-0.472302,-0.207898,0.597,negative,temp sensitive
PWY0-162: superpathway of pyrimidine ribonucleotides de novo biosynthesis,0.3578,0.2272,-0.087512,0.803112,0.2045536,0.5110464,0.528,positive,temp sensitive
PWY0-166: superpathway of pyrimidine deoxyribonucleotides de novo biosynthesis (E. coli),-0.4868,0.3508,-1.174368,0.200768,-0.7234146,-0.2501854,0.455,negative,nuetral
"PWY0-301: L-ascorbate degradation I (bacterial, anaerobic)",0.8147,0.4365,-0.04084,1.67024,0.52028075,1.10911925,0.655,positive,temp sensitive
PWY0-781: aspartate superpathway,0.9653,0.4031,0.175224,1.755376,0.69340905,1.23719095,0.858,positive,temp sensitive
PWY0-845: superpathway of pyridoxal 5-phosphate biosynthesis and salvage,-0.0544,0.2516,-0.547536,0.438736,-0.2241042,0.1153042,0.233,negative,nuetral
PWY0-862: (5Z)-dodecenoate biosynthesis I,0.2157,0.164,-0.10574,0.53714,0.105082,0.326318,0.43,positive,nuetral
PWY1ZNC-1: assimilatory sulfate reduction IV,-1.5557,0.6284,-2.787364,-0.324036,-1.9795558,-1.1318442,0.881,negative,temp sensitive
PWY3O-4107: NAD salvage pathway V (PNC V cycle),0.2985,0.4994,-0.680324,1.277324,-0.0383453,0.6353453,0.265,positive,nuetral
PWY4FS-7: phosphatidylglycerol biosynthesis I (plastidic),-0.174,0.1826,-0.531896,0.183896,-0.2971637,-0.0508363,0.327,negative,nuetral
PWY4FS-8: phosphatidylglycerol biosynthesis II (non-plastidic),-0.1741,0.1826,-0.531996,0.183796,-0.2972637,-0.0509363,0.327,negative,nuetral
PWY4LZ-257: superpathway of fermentation (Chlamydomonas reinhardtii),-0.5512,0.3143,-1.167228,0.064828,-0.76319535,-0.33920465,0.605,negative,temp sensitive
PWY66-389: phytol degradation,0.2992,0.2486,-0.188056,0.786456,0.1315193,0.4668807,0.393,positive,nuetral
PWY66-399: gluconeogenesis III,-0.4638,0.7783,-1.989268,1.061668,-0.98876335,0.06116335,0.265,negative,nuetral
PWY66-409: superpathway of purine nucleotide salvage,0.2746,0.2791,-0.272436,0.821636,0.08634705,0.46285295,0.334,positive,nuetral
PWY66-429: fatty acid biosynthesis initiation (mitochondria),0.2111,0.2159,-0.212064,0.634264,0.06547545,0.35672455,0.332,positive,nuetral
PYRIDNUCSYN-PWY: NAD de novo biosynthesis I (from aspartate),0.2405,0.3157,-0.378272,0.859272,0.02756035,0.45343965,0.289,positive,nuetral
PYRIDOXSYN-PWY: pyridoxal 5-phosphate biosynthesis I,-0.1024,0.2821,-0.655316,0.450516,-0.29267645,0.08787645,0.242,negative,nuetral
REDCITCYC: TCA cycle VI (Helicobacter),0.2058,0.3606,-0.500976,0.912576,-0.0374247,0.4490247,0.262,positive,nuetral
RHAMCAT-PWY: L-rhamnose degradation I,-0.0978,0.3297,-0.744012,0.548412,-0.32018265,0.12458265,0.238,negative,nuetral
RIBOSYN2-PWY: flavin biosynthesis I (bacteria and plants),0.2976,0.3114,-0.312744,0.907944,0.0875607,0.5076393,0.327,positive,nuetral
SALVADEHYPOX-PWY: adenosine nucleotides degradation II,0.28,0.4867,-0.673932,1.233932,-0.04827915,0.60827915,0.262,positive,nuetral
SER-GLYSYN-PWY: superpathway of L-serine and glycine biosynthesis I,0.4705,0.2046,0.069484,0.871516,0.3324973,0.6085027,0.828,positive,temp sensitive
SO4ASSIM-PWY: assimilatory sulfate reduction I,-0.3893,0.386,-1.14586,0.36726,-0.649657,-0.128943,0.34,negative,nuetral
SULFATE-CYS-PWY: superpathway of sulfate assimilation and cysteine biosynthesis,-0.0982,0.3553,-0.794588,0.598188,-0.33784985,0.14144985,0.236,negative,nuetral
TCA-GLYOX-BYPASS: superpathway of glyoxylate bypass and TCA,-0.968,0.7538,-2.445448,0.509448,-1.4764381,-0.4595619,0.419,negative,nuetral
TCA: TCA cycle I (prokaryotic),0.0754,0.317,-0.54592,0.69672,-0.1384165,0.2892165,0.234,positive,nuetral
THISYN-PWY: superpathway of thiamine diphosphate biosynthesis I,-0.1572,0.5631,-1.260876,0.946476,-0.53701095,0.22261095,0.237,negative,nuetral
THISYNARA-PWY: superpathway of thiamine diphosphate biosynthesis III (eukaryotes),0.6024,0.4336,-0.247456,1.452256,0.3099368,0.8948632,0.456,positive,nuetral
THRESYN-PWY: superpathway of L-threonine biosynthesis,0.2874,0.1998,-0.104208,0.679008,0.1526349,0.4221651,0.474,positive,nuetral
TRNA-CHARGING-PWY: tRNA charging,0.1549,0.1998,-0.236708,0.546508,0.0201349,0.2896651,0.291,positive,nuetral
TRPSYN-PWY: L-tryptophan biosynthesis,0.2432,0.2043,-0.157228,0.643628,0.10539965,0.38100035,0.389,positive,nuetral
UDPNAGSYN-PWY: UDP-N-acetyl-D-glucosamine biosynthesis I,0.2453,0.195,-0.1369,0.6275,0.1137725,0.3768275,0.41,positive,nuetral
VALSYN-PWY: L-valine biosynthesis,0.2565,0.1983,-0.132168,0.645168,0.12274665,0.39025335,0.422,positive,nuetral