path_id,coef,std,low_ci_95,high_ci_95,low_ci_50,high_ci_50,model,dAICc,weight,Warning,mention in text? ,put in figure?
1CMET2-PWY: folate transformations III (E. coli),-0.5569,0.2346,-1.016716,-0.097084,-0.7151377,-0.3986623,m_full,0,0.852,No Warning,,"possible, shows decrease in methionine synthesis could inidcate limited capacity to tolerate stress at high temperatures, or erosion of pathways that normally support stress repsonse and repair? "
ARGININE-SYN4-PWY: L-ornithine biosynthesis II,-1.297,0.5938,-2.460848,-0.133152,-1.6975181,-0.8964819,m_full,0,0.787,No Warning,,
ARGSYNBSUB-PWY: L-arginine biosynthesis II (acetyl cycle),0.3192,0.1981,-0.069076,0.707476,0.18558155,0.45281845,m_full,0,0.544,No Warning,,
BRANCHED-CHAIN-AA-SYN-PWY: superpathway of branched chain amino acid biosynthesis,0.2841,0.1875,-0.0834,0.6516,0.15763125,0.41056875,m_full,0,0.504,No Warning,,
COBALSYN-PWY: superpathway of adenosylcobalamin salvage from cobinamide I,-1.292,0.6156,-2.498576,-0.085424,-1.7072222,-0.8767778,m_full,0,0.754,No Warning,"yes, reduced B12 salvage, i.e. less health-supporting benefits",
GALACT-GLUCUROCAT-PWY: superpathway of hexuronide and hexuronate degradation,0.8835,0.4231,0.054224,1.712776,0.59811905,1.16888095,m_full,0,0.749,No Warning,"yes, increase in simple carb degradation or host-associated carbon degradation, i.e. increase in facultative bacteria",
GALACTARDEG-PWY: D-galactarate degradation I,-1.617,0.5939,-2.781044,-0.452956,-2.01758555,-1.21641445,m_full,0,0.933,No Warning,,
GALACTITOLCAT-PWY: galactitol degradation,0.8977,0.3328,0.245412,1.549988,0.6732264,1.1221736,m_full,0,0.929,No Warning,"yes, increase in simple carb degradation or host-associated carbon degradation, i.e. increase in facultative bacteria",
GALACTUROCAT-PWY: D-galacturonate degradation I,0.6716,0.2859,0.111236,1.231964,0.47876045,0.86443955,m_full,0,0.844,No Warning,"no, similar that it is likely due to faccultaitve bacteria but not as straightforward as others",
GLUCARDEG-PWY: D-glucarate degradation I,-1.6023,0.582,-2.74302,-0.46158,-1.994859,-1.209741,m_full,0,0.938,No Warning,"no, shows decrease in simple sugar degradation that doesn't support story",
GLUCARGALACTSUPER-PWY: superpathway of D-glucarate and D-galactarate degradation,-1.617,0.5939,-2.781044,-0.452956,-2.01758555,-1.21641445,m_full,0,0.933,No Warning,"no, shows decrease in simple sugar degradation that doesn't support story",
GLUCUROCAT-PWY: superpathway of &beta;-D-glucuronosides degradation,0.5808,0.317,-0.04052,1.20212,0.3669835,0.7946165,m_full,0,0.64,No Warning,"yes, increase in host-associated carbon metabolism, i.e. increase in facultaitve possibly pathogenic bacteria",
HEXITOLDEGSUPER-PWY: superpathway of hexitol degradation (bacteria),0.9764,0.5195,-0.04182,1.99462,0.62599725,1.32680275,m_full,0,0.661,No Warning,"yes, increase in simple sugar degradation, i.e. increase in facultative bacteria",
HISDEG-PWY: L-histidine degradation I,-0.7758,0.4441,-1.646236,0.094636,-1.07534545,-0.47625455,m_full,0,0.602,No Warning,,
HOMOSER-METSYN-PWY: L-methionine biosynthesis I,-0.3211,0.1906,-0.694676,0.052476,-0.4496597,-0.1925403,m_full,0,0.575,No Warning,,"possible, shows decrease in methionine synthesis could inidcate limited capacity to tolerate stress at high temperatures, or erosion of pathways that normally support stress repsonse and repair? "
MET-SAM-PWY: superpathway of S-adenosyl-L-methionine biosynthesis,-0.3141,0.1921,-0.690616,0.062416,-0.44367145,-0.18452855,m_full,0,0.554,No Warning,,"possible, shows decrease in methionine synthesis could inidcate limited capacity to tolerate stress at high temperatures, or erosion of pathways that normally support stress repsonse and repair? "
"P4-PWY: superpathway of L-lysine, L-threonine and L-methionine biosynthesis I",0.9677,0.3644,0.253476,1.681924,0.7219122,1.2134878,m_full,0,0.921,No Warning,,
PWY-1269: CMP-3-deoxy-D-manno-octulosonate biosynthesis,0.3378,0.1729,-0.001084,0.676684,0.22117895,0.45442105,m_full,0,0.693,No Warning,"yes, increased aundance of pathway involved in LPS synthesis, i.e. immune antagonist",
PWY-1861: formaldehyde assimilation II (assimilatory RuMP Cycle),2.2957,0.5444,1.228676,3.362724,1.9285022,2.6628978,m_full,0,0.999,No Warning,,
PWY-5022: 4-aminobutanoate degradation V,-1.6684,0.9016,-3.435536,0.098736,-2.2765292,-1.0602708,m_full,0,0.648,No Warning,,
PWY-5130: 2-oxobutanoate degradation I,0.8791,0.5593,-0.217128,1.975328,0.50185215,1.25634785,m_full,0,0.527,No Warning,,
PWY-5136: fatty acid &beta;-oxidation II (plant peroxisome),-0.8992,0.5359,-1.949564,0.151164,-1.26066455,-0.53773545,m_full,0,0.572,No Warning,,"yes, decrease in lipid degradation couples in increase in fatty acid synthesis supports membrane buikdling or remodeling at high temps"
PWY-5367: petroselinate biosynthesis,1.2452,0.4679,0.328116,2.162284,0.92960145,1.56079855,m_full,0,0.922,No Warning,,"yes, decrease in lipid degradation couples in increase in fatty acid synthesis supports membrane buikdling or remodeling at high temps"
PWY-561: superpathway of glyoxylate cycle and fatty acid degradation,-1.348,0.7564,-2.830544,0.134544,-1.8581918,-0.8378082,m_full,0,0.618,No Warning,,"yes, decrease in lipid degradation couples in increase in fatty acid synthesis supports membrane buikdling or remodeling at high temps"
PWY-5675: nitrate reduction V (assimilatory),-1.0951,0.5703,-2.212888,0.022688,-1.47976735,-0.71043265,m_full,0,0.678,No Warning,,
PWY-5676: acetyl-CoA fermentation to butanoate II,-1.8245,0.7241,-3.243736,-0.405264,-2.31290545,-1.33609455,m_full,0,0.892,No Warning,"yes, decrease butyrate synthesis, i.e. less health-supporting benefits ",
PWY-5723: Rubisco shunt,-1.3925,0.5875,-2.544,-0.241,-1.78876875,-0.99623125,m_full,0,0.851,No Warning,,
PWY-5971: palmitate biosynthesis (type II fatty acid synthase),1.2238,0.5106,0.223024,2.224576,0.8794003,1.5681997,m_full,0,0.858,No Warning,,"yes, decrease in lipid degradation couples in increase in fatty acid synthesis supports membrane buikdling or remodeling at high temps"
PWY-6168: flavin biosynthesis III (fungi),-1.3788,0.8322,-3.009912,0.252312,-1.9401189,-0.8174811,m_full,0,0.563,No Warning,,
PWY-622: starch biosynthesis,1.3482,0.5778,0.215712,2.480688,0.9584739,1.7379261,m_full,0,0.839,No Warning,,
PWY-6284: superpathway of unsaturated fatty acids biosynthesis (E. coli),1.2438,0.4721,0.318484,2.169116,0.92536855,1.56223145,m_full,0,0.917,No Warning,,"yes, decrease in lipid degradation couples in increase in fatty acid synthesis supports membrane buikdling or remodeling at high temps"
PWY-6285: superpathway of fatty acids biosynthesis (E. coli),1.0897,0.5907,-0.068072,2.247472,0.69127285,1.48812715,m_full,0,0.645,No Warning,,"yes, decrease in lipid degradation couples in increase in fatty acid synthesis supports membrane buikdling or remodeling at high temps"
PWY-6507: 4-deoxy-L-threo-hex-4-enopyranuronate degradation,0.4246,0.2457,-0.056972,0.906172,0.25887535,0.59032465,m_full,0,0.594,No Warning,,
PWY-6549: L-glutamine biosynthesis III,0.6413,0.2837,0.085248,1.197352,0.44994435,0.83265565,m_full,0,0.815,No Warning,,
PWY-6628: superpathway of L-phenylalanine biosynthesis,0.2939,0.1776,-0.054196,0.641996,0.1741088,0.4136912,m_full,0,0.562,No Warning,,
PWY-6630: superpathway of L-tyrosine biosynthesis,0.2841,0.1744,-0.057724,0.625924,0.1664672,0.4017328,m_full,0,0.551,No Warning,,
PWY-6700: queuosine biosynthesis I (de novo),0.3701,0.2249,-0.070704,0.810904,0.21840495,0.52179505,m_full,0,0.558,No Warning,,
PWY-6803: phosphatidylcholine acyl editing,-0.6828,0.421,-1.50796,0.14236,-0.9667645,-0.3988355,m_full,0,0.548,No Warning,,
PWY-6823: molybdopterin biosynthesis,0.4113,0.1939,0.031256,0.791344,0.28051445,0.54208555,m_full,0,0.763,No Warning,,
PWY-6901: superpathway of glucose and xylose degradation,-0.5063,0.2734,-1.042164,0.029564,-0.6907083,-0.3218917,m_full,0,0.648,No Warning,"no, included in facultative group but not consistent with story, shows decrease in simple sugar degradation",
PWY-6902: chitin degradation II (Vibrio),-1.931,0.572,-3.05212,-0.80988,-2.316814,-1.545186,m_full,0,0.99,No Warning,,
PWY-702: L-methionine biosynthesis II,0.3068,0.1796,-0.045216,0.658816,0.1856598,0.4279402,m_full,0,0.585,No Warning,,
"PWY-7115: C4 photosynthetic carbon assimilation cycle, NAD-ME type",0.3963,0.2166,-0.028236,0.820836,0.2502033,0.5423967,m_full,0,0.638,No Warning,,
PWY-7118: chitin deacetylation,-1.0997,0.6125,-2.3002,0.1008,-1.51283125,-0.68656875,m_full,0,0.623,No Warning,,
PWY-7185: UTP and CTP dephosphorylation I,-0.9348,0.4653,-1.846788,-0.022812,-1.24864485,-0.62095515,m_full,0,0.716,No Warning,,
PWY-7197: pyrimidine deoxyribonucleotide phosphorylation,0.4803,0.2251,0.039104,0.921496,0.32847005,0.63212995,m_full,0,0.767,No Warning,,
PWY-7210: pyrimidine deoxyribonucleotides biosynthesis from CTP,-0.7997,0.4538,-1.689148,0.089748,-1.1057881,-0.4936119,m_full,0,0.609,No Warning,,
"PWY-7237: myo-, chiro- and scyllo-inositol degradation",1.7669,0.7858,0.226732,3.307068,1.2368779,2.2969221,m_full,0,0.81,No Warning,,
PWY-7238: sucrose biosynthesis II,0.3772,0.225,-0.0638,0.8182,0.2254375,0.5289625,m_full,0,0.571,No Warning,,
PWY-7242: D-fructuronate degradation,0.6216,0.3339,-0.032844,1.276044,0.39638445,0.84681555,m_full,0,0.653,No Warning,,
PWY-7315: dTDP-N-acetylthomosamine biosynthesis,-1.6732,0.6487,-2.944652,-0.401748,-2.11074815,-1.23565185,m_full,0,0.906,No Warning,,
PWY-7977: L-methionine biosynthesis IV,-0.7734,0.2569,-1.276924,-0.269876,-0.94667905,-0.60012095,m_full,0,0.969,No Warning,,"possible, shows decrease in methionine synthesis could inidcate limited capacity to tolerate stress at high temperatures, or erosion of pathways that normally support stress repsonse and repair? "
PWY-8187: L-arginine degradation XIII (reductive Stickland reaction),-1.004,0.5331,-2.048876,0.040876,-1.36357595,-0.64442405,m_full,0,0.662,No Warning,"yes, decrease in path typical of obligate anaerobes, i.e. less commensals",
PWY-821: superpathway of sulfur amino acid biosynthesis (Saccharomyces cerevisiae),-1.457,0.6972,-2.823512,-0.090488,-1.9272614,-0.9867386,m_full,0,0.75,No Warning,,
PWY0-1061: superpathway of L-alanine biosynthesis,0.3752,0.2489,-0.112644,0.863044,0.20731695,0.54308305,m_full,0,0.501,No Warning,,
PWY0-1586: peptidoglycan maturation (meso-diaminopimelate containing),-0.3401,0.196,-0.72426,0.04406,-0.472302,-0.207898,m_full,0,0.597,No Warning,,
PWY0-162: superpathway of pyrimidine ribonucleotides de novo biosynthesis,0.3578,0.2272,-0.087512,0.803112,0.2045536,0.5110464,m_full,0,0.528,No Warning,,
"PWY0-301: L-ascorbate degradation I (bacterial, anaerobic)",0.8147,0.4365,-0.04084,1.67024,0.52028075,1.10911925,m_full,0,0.655,No Warning,"yes, increase in abundance of pathways associatged with host derived substrate use, increase in facultative taxa",
PWY0-781: aspartate superpathway,0.9653,0.4031,0.175224,1.755376,0.69340905,1.23719095,m_full,0,0.858,No Warning,,
PWY1ZNC-1: assimilatory sulfate reduction IV,-1.5557,0.6284,-2.787364,-0.324036,-1.9795558,-1.1318442,m_full,0,0.881,No Warning,,
PWY4LZ-257: superpathway of fermentation (Chlamydomonas reinhardtii),-0.5512,0.3143,-1.167228,0.064828,-0.76319535,-0.33920465,m_full,0,0.605,No Warning,,
SER-GLYSYN-PWY: superpathway of L-serine and glycine biosynthesis I,0.4705,0.2046,0.069484,0.871516,0.3324973,0.6085027,m_full,0,0.828,No Warning,,